0.000000
0.000000
0.000000
0.000000
0.000000
0.000000
0.000000
0.000000
0.000000
0.000000
0.000000
0.140727
0.969422
0.969422
0.000000
1.000000
1.000000
0.000000
0.000000
0.000000
0.000000
1.000000
1.000000
1.000000
1.000000
0.000000
0.000000
0.000000
0.000000
0.000000
0.000000
0.000000
4.434723
4.434723
-1.503086
1.000000
1.000000
-1.000000
-5.051671
-5.051671
-1.823348
-1.823348
0.000000
0.000000
0.000000
0.000000
-0.439450
-0.439450
0.155819
0.155819
0.077304
0.015363
0.015363
2.165413
0.000000
0.000000
0.000000
0.000000
0.282999
0.282999
0.190257
0.190257
-0.271402
-0.659454
-0.659454
1.889498
0.000000
0.000000
0.000000
0.000000
0.000000
0.000000
0.000000
0.000000
0.835861
0.835861
0.000000
0.000000
0.000000
0.916207
0.916207
-0.388875
-0.388875
0.739945
1.036975
-0.004709
-0.004709
0.000000
0.000000
0.000000
0.000000
0.936478
0.936478
0.442060
0.442060
0.000000
-0.014714
-0.014714
0.676551
0.676551
0.258460
0.370265
0.399212
0.399212
0.000000
0.000000
0.000000
-0.868518
0.375375
0.375375
-0.074082
-0.074082
-1.505131
-0.149068
-0.149068
-0.294482
0.000000
0.000000
-1.285075
-1.285075
0.000000
0.000000
0.000000
0.000000
0.000000
0.000000
0.000000
0.000000
0.000000
-0.368361
-0.368361
0.000000
0.549230
0.549230
0.889960
0.889960
0.000000
0.000000
0.418803
0.418803
-0.078152
-0.232782
-0.232782
0.114314
0.114314
0.645787
0.645787
0.392104
0.392104
0.019201
0.019201
0.000000
0.000000
0.000000
0.000000
0.000000
0.000000
0.000000
0.000000
0.000000
-0.159447
-0.159447
-1.691565
-1.691565
-0.887004
-0.887004
0.000000
-0.442223
-0.442223
-0.274645
-0.274645
-0.235980
-0.235980
0.424360
0.424360
-0.311972
-0.311972
0.631773
0.631773
0.756487
0.756487
1.229580
1.229580
0.000000
0.000000
0.000000
0.000000
0.000000
0.000000
0.000000
0.000000
0.000000
0.000000
0.000000
0.000000
0.000000
0.000000
0.000000
1.466369
0.000000
0.000000
0.000000
0.000000
-0.124932
0.000000
0.000000
0.000000
0.748195
0.743747
0.904619
0.105132
-0.996402
0.000000
0.842957
-0.667672
0.719238
0.000000
0.748695
-1.120499
-0.743794
1.177472
-0.851624
0.824343
0.833201
-0.398816
1.198746
-0.295970
-0.575168
0.811985
0.000000
0.661734
0.602169
0.000000
0.000000
0.000000
0.857762
-0.231407
-0.231407
-0.871350
-0.871350
0.717787
-0.044722
0.847484
0.511819
-0.915440
0.410050
0.410050
0.762632
0.762632
1.618803
1.618803
0.000000
0.000000
0.000000
0.000000
-0.857762
-0.857762
0.000000
0.000000
0.857762
0.857762
-0.802681
0.000000
0.000000
0.000000
0.923286
-0.503207
0.000000
0.000000
0.000000
-0.554958
-0.710380
-0.424807
-0.687418
0.892983
0.936468
0.947184
0.536306
0.592512
0.000000
0.538911
-0.794568
-0.403221
0.246024
-0.458572
0.911774
0.953172
-0.616988
1.405611
-0.521802
-0.651942
1.048241
-0.685840
1.106777
1.097955
-0.871777
0.000000
-0.389177
-0.669023
0.000000
0.000000
0.000000
-0.640608
-0.639964
-0.645043
-0.645043
0.900689
0.943468
-0.302298
-0.302298
-1.054969
-0.984976
1.605451
-0.258688
-0.564090
-0.061156
-1.566746
0.809599
0.912985
-1.703816
0.000000
-0.825718
-0.804193
0.000000
0.000000
0.985789
0.953242
-0.399080
0.000000
-0.579304
-0.567287
1.278448
-0.192599
0.000000
0.000000
-0.594488
-0.400738
-0.667371
-0.925632
-0.796459
0.612319
0.988553
1.111473
1.249367
0.591701
-0.617882
0.862569
-2.482090
-2.669908
2.658709
-2.619939
2.751937
2.615260
-1.896201
2.582727
-1.054842
-1.124100
2.810769
-0.367694
2.672642
2.811525
-0.365052
0.000000
-0.390989
-0.246306
0.000000
0.000000
-1.911924
0.000000
0.986710
0.986710
1.937895
1.816892
-2.294879
-2.294879
-2.493686
-2.459044
-1.883219
-1.883219
0.376197
0.376197
-1.521604
-1.521604
2.448272
-0.854946
2.523148
2.517516
-0.412244
0.667510
-0.205786
-0.368779
0.000000
2.261519
2.261519
0.000000
0.000000
-0.492557
-0.440701
0.000000
0.000000
2.643527
2.618290
-1.806424
0.000000
-0.382971
-0.374052
2.559843
-1.833466
0.000000
0.000000
-0.271945
-2.217623
-2.221580
-1.819681
-2.006424
1.156614
2.733737
2.567908
2.685863
1.886516
-0.251876
0.814778
-1.867850
-1.504603
-0.813148
-1.593402
1.882750
1.989443
-1.038612
1.933932
-0.654922
-0.866873
2.054644
-0.205975
1.618688
1.898122
-0.472851
0.000000
-0.326453
-0.397731
-0.373925
-0.373925
0.000000
1.446775
1.053704
1.639505
1.792049
-0.472367
-0.463042
-1.717927
-1.721966
-0.155080
-0.155080
0.365099
0.365099
-1.331546
-1.973959
-1.609109
0.000000
0.000000
1.989975
1.962932
-1.269643
0.000000
-0.382971
-0.374867
1.945719
-1.120344
0.000000
0.000000
-0.488309
-1.208137
-1.464746
-1.633656
-1.724343
0.513092
2.029425
2.057013
2.082881
1.688902
-0.481206
0.769323
-1.397611
-1.442791
0.310762
-1.509540
1.370833
1.324605
-0.900252
1.401905
0.114813
0.051516
1.432810
0.151738
0.756482
0.834011
0.239813
0.038932
0.541613
0.362983
0.067339
0.024147
0.006715
-0.023577
-0.515950
-0.676840
1.873633
1.898449
0.571391
0.469205
-1.310841
-1.216614
-0.427151
-0.473253
-0.104866
-0.065637
1.214794
0.446058
-0.594042
-0.313804
-0.888204
0.951920
1.473045
-1.343038
0.000000
0.339485
0.339485
1.793790
-1.291707
0.000000
0.000000
0.456056
-1.381546
-1.493272
-1.479598
-1.525521
0.591250
1.627934
1.404006
1.523025
1.343736
0.243347
1.011095
-0.961095
-0.964197
-0.144126
-0.482724
0.692469
0.654857
-1.036152
-0.210978
1.455428
1.365109
0.318154
2.061884
-0.934036
-0.858685
2.081876
-1.677157
1.751843
1.756691
-1.201187
-1.180047
-1.216519
-1.217907
-1.262072
-1.268208
-1.535482
-1.535695
1.716715
1.550443
0.810316
0.806101
1.131175
1.099270
1.670869
1.686143
0.801438
-0.400530
-1.175191
-1.205500
-1.277125
-1.230496
1.337518
1.339396
0.614491
0.468523
-0.669103
-0.703723
1.858415
1.775488
-0.064769
0.823131
0.501164
-1.450936
-1.064040
-0.903028
-0.866524
-1.348304
-1.422307
-0.308404
-0.257190
0.849869
0.842920
2.195706
2.185086
1.526878
1.526878
-1.236223
-1.236223
-1.169659
-1.169659
-0.009887
0.036554
1.000000
1.000000
1.633821
1.683368
-1.414354
0.000000
2.073820
2.048082
0.457478
-1.504888
-1.421411
-1.421411
1.636760
-1.280439
-1.234027
-1.283139
-1.268542
-1.172010
0.607722
0.200310
0.310732
1.562214
1.785936
2.027601
-0.257253
-1.051628
-1.316069
-1.009685
0.209863
0.578048
-0.234545
0.322850
1.451517
1.309018
0.703644
2.234820
-0.726287
-0.658390
1.720421
-1.577693
1.683492
1.810403
-1.392555
1.657289
1.366704
-1.409395
1.000000
0.387062
0.440219
1.000000
0.000000
-1.534669
-1.534669
0.000000
0.000000
0.309843
-0.156261
-1.404254
0.000000
0.513105
0.685823
0.595441
-1.521762
-1.000000
-0.029136
1.717457
0.107423
-2.329939
-1.421411
-1.379832
1.592016
-1.409773
-1.355491
-1.061217
-1.266710
-0.987043
0.532908
0.150039
0.218064
1.368613
1.592969
1.792373
-0.586618
-1.040164
-1.476574
-1.310355
0.706221
0.975675
-0.157786
0.821057
0.560868
0.510828
0.745964
1.115645
-0.003839
-0.090422
0.863147
-0.580972
1.150569
1.333778
-0.195096
-0.859479
-0.759474
0.063312
0.230155
0.858030
1.188546
0.964435
-0.657979
0.587799
-1.182230
-1.243335
-0.303242
-0.600528
-1.027763
-1.241956
-0.246462
1.000000
0.595441
0.366915
-0.871358
0.000000
-0.094607
0.462497
0.482439
-0.743874
-0.579304
-0.471206
0.924747
-0.943648
-1.061900
-1.176335
-1.176308
-0.330932
0.828347
0.587483
0.640012
1.284959
0.865504
0.992620
0.442245
0.089426
-1.101334
-0.293661
-0.334932
-0.062434
0.406694
0.292389
1.194604
0.978595
-0.091563
1.051711
-0.063148
0.072911
0.851163
0.713295
-0.422501
-0.282899
-0.120416
-1.408572
1.012961
0.650760
-0.200581
1.000000
0.448404
0.517171
0.771600
0.000000
-0.078068
0.420211
0.931945
0.000000
-2.352449
-2.014977
-0.671272
0.000000
0.005956
-0.122637
-0.057758
0.000000
1.148093
1.368015
-0.101996
-0.022161
-0.977716
-0.915205
0.860250
-0.352022
-0.283141
-0.587712
-0.364546
-0.696218
-0.135686
-0.046957
-0.315027
0.404248
0.792826
0.968904
-0.072818
-0.467008
0.255151
0.178688
-0.093404
-0.218148
-1.350290
-0.869119
0.692364
0.884110
1.113485
0.905715
0.817021
0.858900
0.994668
1.264286
-0.089503
-0.066562
0.834446
-0.921133
-0.063864
1.283121
-0.590336
0.654419
0.232909
0.584496
1.000000
0.239044
0.695995
0.954929
0.000000
0.317558
0.898202
0.017561
0.729095
-1.565017
-0.641694
-0.570221
1.049546
0.950351
-0.224444
-0.370664
-0.687113
-0.643026
1.077895
-0.191966
-1.223631
-0.940243
-0.628329
-1.038422
-0.503966
-1.167621
-1.295152
-1.408824
-0.591458
-0.724911
-0.760369
0.793210
0.581781
0.492576
0.520712
1.211158
1.385834
1.264610
1.207980
0.575899
0.554924
0.668317
0.668317
0.138926
0.122515
-0.046963
-0.046963
-0.596569
-0.587709
-0.532620
-0.532620
-0.364418
-0.365541
-0.319020
-0.319020
1.186168
1.181835
1.075202
1.072536
0.883501
0.900541
0.812170
0.807807
-0.873998
-0.867931
-0.602158
-0.507404
1.193320
0.859979
0.858415
0.974258
-0.249873
-0.783070
-0.320026
0.300459
-0.456349
-1.008462
0.658744
-0.538679
-0.692292
-0.747704
-0.658689
-0.838133
-0.840456
-1.165368
-1.171743
-0.176302
-0.153893
0.539849
0.538260
1.260280
1.210983
1.431750
1.447738
0.740233
0.800915
0.305203
0.909800
0.820322
0.547982
0.827798
0.099485
0.630913
0.648904
0.790136
1.124497
-0.811067
-0.988371
-1.137594
-0.958765
-1.217492
-1.253916
0.215816
0.361325
0.215012
0.255207
1.395997
1.319517
1.206882
1.132419
-0.295337
-0.182066
-0.205185
-0.209956
-1.351034
-1.351034
-0.360154
-0.360154
0.011849
-0.027948
1.188491
1.213473
-0.003993
-0.028817
-1.161675
-1.356772
-1.000000
-0.864680
1.206908
0.567719
-0.761988
0.826292
0.826292
1.009648
-0.660815
-0.753398
-0.755303
-0.639070
-1.315113
-0.194867
-0.672405
-0.708741
0.380285
1.122815
1.109154
-0.062686
-0.153311
0.987655
0.805958
-0.000618
-0.137133
-0.748884
-0.754187
0.986081
1.239582
0.542001
0.986328
1.375662
1.360058
1.010126
1.667647
0.016501
0.004660
-0.861948
-0.880602
-0.836984
-0.836938
-0.474779
-1.579684
-0.817713
-1.418507
-0.582775
0.045053
0.973041
0.564441
-0.350596
1.577189
1.796839
1.889895
1.107970
1.201419
0.161879
0.666536
1.395881
0.136286
0.077009
-0.339236
-0.595765
-0.316675
-0.128185
0.025999
0.021854
-0.353274
-0.488477
1.443680
1.443680
1.285602
-0.914676
-0.928624
-0.945679
-0.806897
-1.586843
-0.455204
-0.819677
-0.836966
0.391320
1.252377
1.284384
-0.044009
0.224681
1.481027
1.311474
0.035530
-0.234393
-0.834932
-0.686742
1.457732
1.431045
-0.423625
0.754362
0.575089
0.691359
1.602032
0.738778
0.701935
0.739401
1.296467
0.524784
0.292826
-0.843077
-0.855803
0.456638
0.507321
-0.758650
-0.813705
0.133457
0.120512
1.392876
1.352095
-0.318707
-0.925255
-0.527462
0.927407
-0.205166
-0.854853
-0.600665
0.479091
-0.130846
1.398284
1.374816
-0.002873
-0.193474
1.127831
1.231371
-0.863238
1.102039
0.497188
0.430632
-0.611520
-0.945809
0.043357
0.025687
1.521102
-0.835603
-0.763401
-0.806802
-0.784106
-1.954757
-0.947200
-1.167422
-1.172961
0.088274
1.392109
1.275710
0.435285
0.620027
0.903684
1.310260
-0.673037
-0.471859
0.307028
-0.317320
1.398769
1.390412
-0.549762
0.536920
1.159180
1.198062
1.263457
0.945323
1.231628
1.269262
1.356488
0.994426
-0.196267
-0.031793
-0.182539
-0.312599
0.368811
0.533574
-0.406463
-0.396215
0.165212
0.109197
-1.048782
-1.048782
-1.705570
-1.746080
-1.343820
-1.343820
-0.736657
-1.187904
-1.044503
-0.743136
1.549180
-1.386257
1.380200
1.767213
1.863387
0.688660
1.604175
1.781465
0.434336
2.152713
1.613739
0.585959
-0.564937
1.578338
0.477289
-0.617741
0.000000
0.299508
0.276719
-1.449431
-0.599684
-0.553484
-0.586613
1.083609
-0.627908
-0.558466
-0.686696
-0.506566
-2.140008
-1.415239
-1.675995
-1.479812
-0.411533
1.190341
0.927595
-0.413497
0.055548
1.823283
1.642563
0.106258
0.127166
0.411523
0.434236
1.448540
1.338684
-1.097548
0.416676
0.862211
1.185825
1.244877
0.655916
1.360820
1.439108
1.713016
1.398625
0.410917
-0.860163
-1.103324
0.895985
0.823297
-0.450249
-0.286315
0.926233
0.919840
-0.696427
-0.681489
-1.025214
-1.052840
-1.937219
-1.986285
-1.497637
-1.459173
-0.398019
-0.626000
-1.098967
-1.294770
-1.031473
-0.486446
0.157716
-0.421893
-0.351998
1.998944
1.121781
1.537606
-1.296131
-1.127979
-0.985616
-0.960895
-2.005663
-0.959571
-1.320638
-1.215234
-0.354579
1.113975
0.752193
0.653257
1.268328
1.298503
2.219946
-0.701499
-0.474129
1.288959
0.845464
1.307332
1.127280
-0.638634
0.178621
1.665444
1.583720
-0.480788
0.733500
0.401606
0.558292
2.488736
0.088253
1.210551
1.528302
0.274822
0.797040
0.024069
-0.138998
-0.251166
-0.319079
1.735302
1.716069
0.569260
0.290032
-1.213570
-1.098236
-0.959838
-0.928424
-1.897437
-1.914415
-0.497444
-0.862146
-0.641266
-0.534683
-0.546020
-0.159576
-0.700281
-1.257942
0.827142
2.704948
1.115826
1.092400
-0.255444
-0.102538
-0.056014
0.054602
-2.018449
-1.790318
-1.652773
-1.772059
-1.544868
0.347276
-0.202141
-0.217792
0.793468
2.211680
2.337318
-0.564306
-0.479476
0.791602
0.236538
0.860840
1.194735
0.304447
0.861361
2.129861
1.874552
-0.559279
0.418698
0.534996
0.675638
-0.141675
-0.193003
0.053544
0.084645
-1.897032
-1.876662
-0.663803
-0.665274
-1.635667
-1.226489
-1.706336
-1.722172
0.714674
1.481687
0.673053
0.724570
2.277325
2.125263
2.383865
2.366284
0.759808
0.455193
0.857039
0.778331
-1.526480
-1.655503
1.134705
1.063912
0.190622
-0.248480
-1.260725
-0.717240
1.268410
1.242659
-0.278944
0.370946
0.698136
-0.557141
-0.701896
-1.632209
-1.348387
-1.610285
-1.784574
-0.611778
-0.711950
0.644748
0.718723
1.830094
1.759106
2.216600
2.227925
0.408060
0.421851
0.827864
0.827864
1.150411
1.180899
0.873609
0.860397
-0.971644
-0.984645
-1.269962
-0.978323
-0.847012
-1.067441
0.194763
-0.441202
-0.043129
-0.247233
-0.015812
-1.955222
-1.842681
-2.012109
-2.045618
-1.541122
0.382422
-0.121091
-0.091211
0.539305
2.133243
2.140468
-0.319696
-0.327795
0.562538
0.399834
0.976882
1.142173
0.122289
1.153111
1.777035
1.475661
-0.319265
0.402064
0.543781
0.755295
2.019282
-0.088264
1.100504
1.434985
1.273152
1.057712
0.854209
0.286331
0.760911
0.238689
0.417288
0.966409
-0.094248
-0.352430
-0.347022
-0.404312
0.000000
-0.776073
-1.224095
-1.825789
-0.248722
-0.316514
-0.165588
0.457358
-1.559432
0.011504
-0.015202
1.725718
0.629877
-0.423995
-0.217866
-0.187964
0.016905
-2.009310
-1.820308
-1.904090
-1.646138
-1.403942
0.317099
-0.104003
-0.157003
0.826966
1.868512
2.044838
-0.524138
-0.734057
0.692712
0.294054
0.828740
1.081039
0.162131
1.002186
2.150057
1.997006
0.060666
1.184590
0.684711
0.786404
1.919101
-0.037981
1.171389
0.890570
0.127734
-1.815272
0.620996
1.206448
1.606587
0.407051
1.806949
1.566405
0.056020
2.091283
0.267806
-0.328034
-2.171292
0.538198
-2.118601
-1.806035
-0.028954
0.440346
0.117119
0.370218
-1.503751
0.293248
0.758454
1.340512
0.217492
-0.541874
-0.259202
-0.147230
0.016753
-1.775956
-1.633133
-1.715584
-1.803165
-1.699443
0.176620
-0.240563
-0.446984
0.597133
2.053896
2.152092
-0.519048
-0.475654
0.649834
0.294227
1.373603
1.560575
-0.541734
1.030691
0.630526
0.755885
1.021645
0.711433
1.439200
1.532221
-0.262462
1.109794
0.386117
0.647165
-0.754060
-0.224110
1.117440
1.507064
1.401296
1.096808
2.002453
1.574832
0.338821
0.000000
-0.317133
-0.294869
1.016949
0.000000
-1.040781
-0.980645
-0.209752
0.000000
-0.215597
0.090436
-0.925469
-0.297628
0.920747
0.791955
0.710355
-0.279954
0.034305
0.024067
-0.036048
-1.814903
-1.799774
-2.094399
-1.972419
-1.010128
0.706568
0.313602
-0.178614
0.154290
0.759097
0.789071
-0.365966
-0.220601
0.611623
0.468931
1.039670
0.892757
-0.412020
0.475949
0.249992
0.760656
1.097125
0.857163
1.313015
1.181813
0.372758
1.453442
0.194314
0.387642
0.974999
0.057440
0.152868
1.109054
0.228002
1.427854
0.999172
1.557395
0.995677
2.040462
2.044145
0.883303
0.313699
-0.026634
-0.190426
-0.276692
0.869629
0.355790
-1.173831
-1.345088
0.080602
0.090756
0.442636
-0.048203
-1.183851
-0.629758
-0.196007
-1.157407
-1.059591
-1.493236
-1.365314
-0.952787
-0.642419
-1.075411
-1.171714
-0.480537
-0.122144
-0.423996
-0.466068
1.300617
1.052228
0.990823
0.988600
0.981867
1.217130
0.977802
0.894888
1.077577
1.052732
1.081036
1.081036
-0.090187
-0.085394
-0.064732
-0.064732
-0.906346
-0.906418
-0.755666
-0.733154
0.404591
0.409059
0.374413
0.410754
0.552396
0.541376
0.581105
0.450161
0.279351
0.723330
0.783666
0.302398
-0.741970
0.500036
0.262734
0.344485
1.093190
1.639615
1.370392
1.429502
0.502476
0.262339
-0.427399
0.289191
0.635004
-0.041567
-0.155629
-0.404774
-0.229850
0.560593
0.136711
-0.296651
0.213984
-0.710173
-0.574419
-0.711887
-1.361881
-1.147635
-1.261641
-1.330480
-1.299835
-1.161121
-0.787883
-0.802392
-0.747341
-0.515185
-0.437256
-0.994124
-0.990796
-0.996794
-1.112519
-0.318726
-0.302353
0.180865
0.304212
-1.018836
-1.349618
-0.073716
1.215653
0.565293
-0.656901
-1.193836
-0.203395
0.367907
0.620182
0.272241
0.007681
0.764829
0.949713
0.300368
-1.004994
-0.364530
0.129896
0.128847
0.046124
0.929670
-0.640851
-1.540733
-0.210512
0.251374
0.851628
0.010419
-1.189427
-0.229756
0.340859
0.635735
0.227738
0.044070
0.774224
0.998510
0.309835
-1.237768
-0.408954
-0.045934
-0.051760
0.298372
0.964637
-0.684031
-1.514678
-0.014386
0.564184
0.747223
0.051666
-1.164703
-0.375158
0.343018
0.631282
0.135249
-0.294936
0.706341
0.968882
0.203579
-1.034271
-0.391198
-0.122971
-0.126452
0.311905
0.997368
-0.660152
-1.539644
-0.106072
0.397955
0.755182
-0.028889
-1.112794
-0.131382
0.336196
0.630610
0.191505
0.346282
0.809068
0.952665
0.252054
-0.940950
-0.411785
0.521654
0.797788
-0.269297
0.839740
0.903336
-0.278000
-1.008358
-1.258672
1.007585
1.033297
-0.509867
-0.327831
-0.300359
0.289508
0.106150
-1.055433
-1.495410
0.090064
1.341025
0.612998
-0.149956
-1.161540
-0.139120
0.377615
0.634327
0.198000
0.344386
0.799996
0.958952
0.154706
-0.709997
-0.299960
-0.111272
-0.111673
0.086113
0.890445
-0.653653
-1.522464
-0.138093
0.414470
0.729325
-0.103275
-1.160672
-0.441140
0.304042
0.634622
0.178899
-0.015842
0.763573
0.975012
0.247022
-0.942591
-0.335790
-0.078000
-0.077541
0.224455
0.894127
-0.691208
-1.521550
0.030150
0.681598
0.741014
0.036970
-1.126875
-0.136194
0.350846
0.600841
0.102418
-0.179940
0.753178
0.976598
0.155961
-0.872097
-0.329718
-0.099796
-0.102960
-0.005622
0.889066
-0.681441
-1.567064
-0.161031
0.321932
0.716231
-0.076997
-1.158402
-0.239291
0.319152
0.618960
0.192506
0.451680
0.859747
0.983016
0.287100
-1.221531
-0.473035
0.559234
0.802068
-0.040641
0.953761
0.937375
-0.227702
-0.532092
-0.825098
1.007820
1.032841
-0.578729
-0.317958
-0.287941
0.289426
0.055183
-1.053564
-1.478708
0.037017
1.330518
0.589985
-0.180081
-1.174695
-0.036925
0.383197
0.621960
0.222803
0.374135
0.817740
0.981744
0.199602
-0.715934
-0.306183
-0.110389
-0.108874
-0.039107
0.880512
-0.678356
-1.512343
-0.227526
0.099483
0.721305
-0.320835
-1.197240
0.141258
0.414713
0.646477
0.221083
-0.088177
0.775496
0.982329
0.328212
-0.960747
-0.392561
0.001563
0.007888
0.191496
0.940880
-0.667712
-1.504872
-0.143533
0.246980
0.803606
0.075212
-1.147837
-0.022101
0.380963
0.647881
0.211649
0.665934
0.850462
0.967271
0.271214
-0.763374
-0.365634
-0.111366
-0.106675
0.038518
0.869965
-0.646080
-1.508050
-0.193132
0.035879
0.750112
-0.076503
-1.172466
-0.496943
0.320394
0.658670
0.164343
-0.040192
0.727951
0.947887
0.291907
-0.910079
-0.430922
0.533693
0.801796
0.322101
1.010280
0.883956
-0.225478
-0.432852
-0.783647
1.006641
1.031640
-0.767439
-0.330910
-0.302093
0.289443
0.222486
-1.012037
-1.481697
0.030454
1.296257
0.606272
-0.195533
-1.176107
0.032333
0.415741
0.657330
0.225954
0.123046
0.739894
0.961609
0.206283
-0.694931
-0.330849
-0.108550
-0.103621
0.137864
0.899191
-0.690041
-1.565062
-0.160448
0.327415
0.751363
-0.120849
-1.170022
-0.215313
0.371290
0.670654
0.197157
-0.118354
0.732225
0.962579
0.283018
-1.152803
-0.435709
-0.049046
-0.043056
0.145288
0.875187
-0.688889
-1.523381
-0.038072
0.535648
0.746203
0.000567
-1.119333
0.038803
0.380442
0.625388
0.167793
0.107025
0.781298
0.963506
0.198410
-0.949996
-0.388699
-0.100123
-0.098792
0.028779
0.900667
-0.652829
-1.531491
-0.271687
-0.199775
0.738545
-0.096799
-1.129584
0.502966
0.428772
0.651485
0.231180
0.500369
0.821454
0.954527
0.328759
-0.961917
-0.429595
0.298795
0.404332
-0.007200
0.439577
0.407525
-0.064261
0.091106
0.053926
1.591451
1.595722
-0.740349
-0.754151
-0.377101
-0.371571
0.030698
0.030258
-0.815321
-0.810477
-0.180643
-0.189890
-0.801883
-0.801883
0.849747
0.849747
-0.005981
-0.005981
-0.034862
-0.034862
0.208155
0.208155
1.019029
1.019029
1.171146
0.637310
-0.780873
-0.317735
-0.401788
-0.460157
-0.600774
-1.236981
-1.110227
-0.099299
0.056297
0.192173
-0.535771
-1.085243
-0.047245
0.169556
0.275988
0.138059
-0.511264
-0.840054
-1.314138
-0.856321
-0.223822
0.268753
-0.348567
-0.755045
-1.151962
-0.552883
1.058925
0.694488
0.413551
0.852720
1.083841
0.893543
0.444830
0.114262
0.561184
0.815795
1.104965
0.735042
-0.134596
0.037172
0.248907
0.537145
-0.050471
-0.201977
0.182593
0.404603
-0.735414
-0.802375
-1.046013
-0.857415
-1.012665
-1.029952
0.361487
0.278389
0.537591
0.571182
0.328387
0.577214
0.754575
0.661378
0.446572
0.350782
0.759833
0.737823
-0.538045
-0.332461
0.377265
0.070722
-0.095888
0.157711
0.899724
0.989121
-0.405686
-2.335166
-2.015784
-0.041629
-0.232911
-0.130348
0.029417
0.420857
-1.105124
-1.227552
-1.165897
0.066474
0.330177
0.277426
0.198420
0.533922
0.556242
0.464213
0.312895
0.020643
0.754358
0.765090
0.539549
0.416248
0.678407
0.677940
0.882141
0.930736
-0.253820
-0.248742
-0.198210
-0.344826
-0.520115
-0.444092
-0.322749
-0.168015
-0.463980
-1.378238
-1.430403
-0.500255
1.184521
0.636642
0.289336
-0.476988
-0.627899
0.090589
-0.127880
-1.249942
-1.216240
0.303170
-0.571577
-0.680697
-1.061517
-1.166055
-1.411666
-1.299226
0.389938
0.785630
0.241235
0.248704
1.250466
0.964294
0.876444
0.850669
0.723093
0.742355
1.155929
1.271044
0.522928
0.040928
0.114835
-0.093428
-0.567072
-0.221316
-0.504291
-0.489975
-1.395268
-1.318077
-1.298738
-1.287810
0.066705
0.305668
0.076961
0.145676
1.080972
0.832950
0.730849
0.717510
0.849999
0.775533
1.233985
1.265078
0.373928
0.144557
0.201829
-0.010619
-0.474571
-0.133320
-0.424731
-0.405805
-1.301199
-1.203822
-1.293787
-1.289394
0.025522
0.271078
0.119840
0.184823
1.072191
0.771241
0.676410
0.649095
-0.091293
-0.126331
0.398960
0.464536
-1.516820
-1.595472
0.383966
0.395444
-0.079759
-0.083171
-0.565080
-0.548767
0.423290
0.368515
0.486645
0.486812
1.126182
1.126182
0.246548
0.261864
0.606398
0.606398
0.857081
0.857081
1.108841
1.108841
-0.280140
-0.280140
-0.116548
-0.116548
-0.201786
-0.201786
-1.157222
-1.147669
0.092994
-0.236628
0.234577
0.349342
0.456448
-0.636445
-0.015284
0.562167
0.871123
0.960663
0.939978
0.776968
-0.182241
0.321693
0.298243
-0.090887
0.519751
1.139730
1.411828
0.417943
-0.453291
-0.350991
-0.169528
-1.152414
-0.736794
0.665248
-0.082474
-0.235933
0.329673
0.221929
-0.867070
-0.845192
-0.253698
-0.331990
-1.000803
-0.933081
1.126392
0.914013
0.549722
0.557056
-0.237251
-0.245139
0.818137
0.951315
0.381190
0.069600
0.764710
0.785850
-1.001560
-0.989744
0.424968
0.514384
0.770506
0.781792
1.543142
1.330956
-1.378325
-0.621853
-0.416689
-0.561973
-0.582373
-0.743676
-0.778914
-0.407956
-0.249508
-0.808681
-0.901449
0.678181
0.992567
0.781313
0.744308
0.892457
0.931164
0.387739
0.189852
-0.422283
-0.141346
0.694578
0.671556
-0.770239
-0.771294
0.386098
0.389983
-0.404164
-0.431786
1.223812
1.233974
-0.753313
-0.736073
-0.807675
-0.996904
-0.921284
-0.893229
0.932215
0.880282
-0.331710
-0.118059
-0.264974
-0.192815
-1.264570
-1.068438
-1.270321
-1.238818
-0.843551
0.335304
0.031425
-0.233149
0.281250
0.428631
0.691252
-0.998507
-0.705013
0.800445
0.280331
1.082390
1.111329
-0.517708
0.187095
0.907096
1.322214
1.072638
1.206523
1.255210
1.252497
-0.178245
-0.140260
-0.147949
-0.149425
-1.534493
-1.475295
-1.764231
-1.692582
-0.020145
-1.281390
0.026763
-0.577625
-1.263391
0.625172
1.171110
1.356440
0.753886
1.614291
1.218141
1.486806
1.015187
0.618531
-0.337177
0.021935
1.040771
0.292383
0.806647
0.232279
-1.012787
-0.065719
-0.575415
0.214447
0.959750
0.024189
-0.399363
-0.950636
-0.927416
-0.321047
-1.776464
-1.406179
-1.668456
-1.582616
-0.910723
0.488107
0.255461
-0.056756
0.677032
1.131172
1.480128
-0.401627
-0.236271
0.823193
0.666696
1.215838
0.792982
-1.243213
0.042625
-0.183515
0.391326
1.294091
0.650609
1.392246
1.190773
-0.291970
-0.171050
0.251190
-0.119815
-0.156167
0.379879
0.605308
-1.495913
-1.586318
0.163632
-0.023292
0.506881
0.514290
-1.017389
-0.337774
0.089510
0.308837
0.793248
-1.190875
-0.420124
1.162412
0.590277
0.646175
0.690976
0.458112
-0.798759
0.242262
0.620170
0.384887
-0.436295
0.677044
0.421276
-0.771751
-0.100585
0.413155
0.527227
1.013000
-0.432371
0.082524
0.231976
-0.154027
-1.562239
-1.630649
-1.559253
-1.567921
-0.847689
0.449685
0.057845
0.097109
0.297119
0.402729
0.928694
-1.542540
-0.946732
0.967511
0.280647
1.841749
1.832560
-0.380472
1.375950
0.023607
0.096836
0.815677
0.247860
1.593220
1.353195
-0.383203
0.108053
0.209434
0.207875
0.165089
-0.016732
0.163298
0.414123
0.221624
0.259327
0.691388
0.632243
-0.528246
-0.541639
-1.547508
-1.536555
-0.945102
-0.940689
-0.627457
-0.516439
-1.641113
-1.418811
0.474838
-1.587622
0.728201
1.153588
0.712476
-0.201541
0.160254
0.446508
0.707806
1.197576
1.783707
1.403552
1.039409
1.338960
0.827940
0.530540
0.105054
1.176310
0.941963
0.321635
-0.954749
0.411212
-0.549728
-1.023567
-0.091461
0.080155
0.018775
0.009324
-1.595231
-2.042939
-2.156817
-1.963410
-0.816383
0.981234
0.573330
0.408667
0.315874
-0.069962
0.327407
-1.305883
-0.820649
1.233927
0.638806
1.502805
1.562157
-0.031734
0.909824
0.258744
0.622708
1.356476
1.112995
1.441986
0.839133
-0.729222
-0.537676
0.215796
0.486633
0.109100
0.350293
0.493744
1.384978
0.965513
1.689290
1.496056
-0.662212
-0.523405
-1.046411
-0.903888
-0.503407
-1.235197
-0.092836
-0.004490
0.157346
-0.646325
-0.734953
-0.570301
0.837281
0.975434
-0.907609
-1.177816
-0.379892
-0.133051
-0.994909
-0.647344
-0.205819
0.072784
0.458364
0.461730
-1.394002
-1.584879
-1.932898
-1.911844
-0.978825
0.845470
0.512644
0.400935
0.252619
0.095053
0.454324
-1.106122
-0.948133
0.728889
0.111884
1.048101
1.537779
0.650433
1.168978
0.514496
0.577461
1.377226
1.057251
1.843216
1.236474
-0.874448
-0.310128
0.200134
0.336419
-0.642979
-0.914388
0.514797
0.546800
0.568554
0.567544
1.179488
1.239593
0.489066
0.258318
-0.115566
-0.132128
-0.853857
-0.567924
0.246803
0.209468
-0.335345
-1.092973
-0.951206
-0.742859
-0.890465
-0.864161
-0.734964
-0.911388
-0.922143
-0.753175
-1.536965
-1.325199
0.110849
0.084421
0.760715
0.632634
-1.503148
-1.496215
-1.951542
-1.864859
-0.561666
0.850164
0.272498
-0.120175
-0.016744
-0.036913
0.317371
-1.114406
-0.841299
0.791298
0.233240
1.375940
1.638822
0.068439
1.298762
0.141400
0.484059
1.623508
1.568719
1.325236
0.447465
-0.423617
-0.412750
-0.334402
-0.260181
-1.491684
-1.516861
-0.642415
-0.646276
-0.587215
-0.390929
-1.222744
-1.199976
0.224679
0.603235
0.917539
0.964805
0.404870
-0.023358
-0.244967
-0.211244
0.395619
0.350648
0.664953
0.652671
-0.115389
-0.180464
1.344530
1.386555
1.378742
0.763970
0.789763
0.761714
-0.200967
-0.563152
-1.092972
-0.670907
0.101391
-0.677898
-0.656531
-1.133721
-0.812801
-0.838410
-1.210856
0.533320
1.119023
1.098004
0.763677
-0.123959
-0.442636
-0.365578
-0.135745
-0.224999
-0.329884
0.614116
0.634028
0.527021
0.547656
1.421037
1.427852
1.866860
1.861508
0.889409
0.978689
-1.144972
-1.141723
-1.254127
-1.445278
-0.373524
-0.441128
-0.126967
-0.650355
-1.159637
-1.299866
-1.497518
-0.437221
0.891520
0.584684
0.680328
0.142132
-0.303702
0.190306
-1.151919
-1.018282
0.313212
-0.387322
0.958291
1.544372
0.531911
1.385809
0.332036
0.361875
1.256846
1.097318
1.608982
1.235593
-1.626152
-1.022184
0.688772
0.975723
-0.011346
0.834926
0.644655
0.355630
1.349480
-1.560662
-1.516940
-0.524233
0.324209
-0.430313
-0.177545
0.058387
-0.937539
-0.801782
-1.351827
-1.810437
-0.359554
-2.017838
-1.709361
0.470653
-1.531297
-1.252223
-1.107721
-0.638639
0.645450
-0.200316
-0.220650
-0.136519
-0.258368
-1.272461
-1.253143
-1.408349
-1.702713
-0.632364
0.976757
0.524554
0.388702
-0.215327
-0.579985
-0.129653
-1.455472
-1.216048
0.344544
-0.060777
1.090861
1.839842
1.316202
1.959750
0.333198
0.225861
0.595253
0.588495
0.952952
0.663565
-1.094680
-0.579444
0.185342
0.636546
0.794689
-1.267877
0.673139
0.981750
0.528616
1.434797
-0.151349
-0.733692
-1.011888
-0.750661
0.081799
0.201298
-0.246128
0.533173
-1.535271
-1.515162
0.109374
1.162779
0.691228
0.355092
-1.617386
1.259227
-1.383694
-1.759355
0.179310
-0.601464
-0.371092
-0.361092
-0.210438
-1.234113
-1.271884
-1.284462
-1.516104
-0.446410
0.963255
0.494187
0.497378
0.080359
-0.507670
-0.322622
-1.354029
-1.297938
0.553481
-0.217166
1.311516
1.851610
0.718545
1.579503
0.040876
0.443536
1.646045
1.449305
1.659004
0.806421
-1.243990
-0.485187
-0.666333
-0.343075
-0.770126
-0.854234
1.857457
2.170279
1.551400
2.810741
-0.794266
-0.975991
-0.088400
-1.909738
0.216965
0.434459
-0.196150
1.396779
-1.208022
-1.175876
0.183964
-1.000000
0.763899
0.945215
0.199123
0.296763
-0.235149
-0.633454
0.358715
0.037225
-0.009411
-0.114222
0.059924
-1.221587
-1.422738
-1.575938
-1.697089
-0.442588
1.241365
0.900324
0.872866
0.221551
-0.493033
-0.160537
-1.205732
-1.329313
0.300719
-0.294430
0.815540
1.211285
-0.436499
0.346376
-0.176360
0.923890
2.907589
2.534188
1.863140
0.745842
-1.661262
-0.852520
-0.690245
-0.199053
0.972343
-0.596390
0.549376
1.422761
-0.579571
0.702359
0.470583
0.411337
1.262988
0.757076
0.259723
-0.274116
0.159784
-0.026295
0.070389
0.022920
0.628734
-0.139774
-1.557443
-1.601061
0.579632
0.609139
1.111641
0.618710
-1.458265
-0.565764
-0.009886
-1.255049
-0.269094
-1.003152
-1.267161
-0.806005
-0.878987
-0.632327
-0.583244
-0.683084
-0.681543
-0.911625
-0.694652
1.389772
0.653113
0.737688
0.745963
0.059738
0.948236
0.332191
0.005737
1.087986
1.028657
1.004281
0.993438
0.989527
0.863885
1.088801
1.168270
1.173208
0.962549
0.645592
0.717657
-0.043989
-0.189172
-0.068354
0.071903
-0.284951
-1.817598
-1.860163
-0.992482
-0.704159
-0.854064
-0.970316
-1.662163
-1.393724
0.642290
0.562500
0.900582
0.910536
0.105427
1.240252
0.581739
0.023738
0.015513
0.097863
-0.053517
-0.144877
1.481855
1.092735
0.606843
0.706466
0.847284
0.758731
1.713158
1.068900
0.354985
-1.802508
-1.096578
-1.742121
-1.900598
0.744864
0.232054
0.622899
0.630496
-0.956279
-0.524551
-0.157437
0.183183
0.556386
-0.933891
-0.360967
-0.038765
-2.016258
-0.820178
-1.775793
-1.992207
1.075790
1.573740
1.652517
1.562316
0.726153
0.442596
0.350184
0.470359
0.288443
-0.174454
0.245847
0.230316
-0.031459
1.213951
-0.050965
-0.789753
0.395402
0.709403
0.355213
0.483180
-1.012115
-1.556042
-1.024350
-0.993229
-0.035429
0.275072
0.184727
0.261398
0.641035
0.424894
-0.091244
-0.117997
-0.218676
-0.203146
0.463703
0.641715
0.761121
0.430749
0.472959
0.216066
0.259331
0.667182
0.435927
0.520962
-0.877267
-1.345243
-0.982484
-1.036181
-0.132877
0.386125
0.065447
0.084148
0.391718
0.137601
-0.175817
-0.143818
-0.020215
0.015421
0.116667
-0.022196
0.035121
-1.030484
-0.206028
-1.173356
-1.341672
2.356689
2.723734
1.792912
0.806182
-0.547524
-0.041796
0.521892
0.057118
-0.502723
-0.643894
-0.565131
-0.350028
-0.251509
-0.940653
-0.535482
0.022976
0.783447
0.620886
1.833265
1.961206
-0.930871
-0.936044
-0.623112
-0.617037
-1.111703
-1.103446
-1.267558
-1.267558
1.105806
1.105806
0.554113
0.554113
-0.098326
-0.098326
-0.016042
-0.016042
-0.905566
-0.905566
-1.712517
-1.712517
0.149462
0.149462
1.040728
1.040728
-0.081842
-0.081842
0.118708
0.118708
0.087387
0.140431
0.590521
0.364363
0.187619
-0.886542
-1.143874
-1.884334
-1.581908
-0.453367
1.119186
1.325649
0.720381
0.488192
0.407383
0.838472
1.353254
2.036150
1.127727
0.438451
0.340592
0.451061
-0.517359
-0.432434
-0.418554
0.140395
0.348974
1.877107
1.752966
1.654487
1.999891
0.623217
0.407314
-0.140699
-0.195169
-0.507184
-0.764802
-0.681942
-0.712346
-0.906506
-1.216185
-1.104319
1.345149
1.489258
1.279856
1.224181
0.341950
0.484995
-0.577617
-0.935982
-1.343136
-0.651285
0.040389
0.015816
0.162422
0.134160
0.747866
0.879640
1.003567
0.798838
1.885831
1.988819
-1.240751
-1.419590
-0.621365
-0.688673
-1.763800
-1.758751
-0.452611
-0.397829
0.048181
0.024347
-0.374914
-0.413050
-0.025607
-0.068362
-1.430867
-1.408517
0.094143
1.461312
0.191912
0.099360
0.300133
0.151265
0.350220
-0.866159
-1.174893
0.222938
-0.365316
0.965736
1.138907
-0.552166
0.717468
-0.688044
0.502121
2.499242
2.036212
1.606751
1.251803
0.121160
0.190343
-0.015617
-0.021731
-1.370323
-1.031450
-1.510063
-1.357769
0.305555
-0.316192
0.661024
-0.019354
-1.458001
-0.025232
-0.449186
0.217233
0.875888
-0.129543
0.000740
-0.312270
-0.377560
0.311702
0.357629
0.279344
0.350978
1.017404
1.388801
1.213810
0.539531
1.210284
0.929352
1.283077
1.112323
0.713064
-0.123635
0.065888
0.746106
-0.160661
0.223179
-0.149841
-0.992482
-1.281088
-0.997192
0.050782
1.195568
0.007390
-0.508947
-1.062038
-0.951773
-1.058186
-1.139302
0.079068
-0.551289
0.586186
0.762776
-0.093353
0.574467
-0.059304
0.628165
1.331247
1.455601
0.189168
0.212695
0.819667
0.669884
1.376792
0.123496
-0.145663
-0.520810
0.060881
-0.881789
-1.002083
-0.379178
-0.267493
0.764388
0.639716
-1.290654
-0.342952
0.016404
0.130266
-0.633938
-1.401315
-1.756564
-0.978347
0.304636
0.482456
1.042783
1.146789
-1.487989
-0.260090
0.474842
1.001254
-0.361628
-0.940357
-0.422703
0.544929
0.531289
0.994309
1.047359
0.629075
-0.475440
0.775188
0.934906
0.015246
-1.010579
-0.331845
-0.775129
-1.688965
-0.620145
0.578928
0.458307
0.187051
0.052262
0.162016
0.293075
-0.299600
-0.880408
-1.235318
-1.407546
0.207433
0.854511
0.758776
1.202906
-0.187559
0.022200
1.389102
1.552135
-0.233267
-0.252547
0.421698
-0.092048
1.558870
1.844416
-0.552672
-0.232394
-0.023487
0.035824
-0.076829
-0.085146
0.252569
0.187978
-0.429103
-0.445785
-0.726297
-0.656682
-0.408905
-0.407685
0.189817
0.143963
-0.421799
-0.355779
0.644068
-0.042654
0.133038
0.309582
-1.761502
-1.160017
-1.206136
-1.199436
-0.497399
-0.222587
-0.672443
-0.714138
1.945108
-0.210110
1.285953
2.045144
0.292394
0.343044
1.134817
1.091563
0.601405
2.013705
1.174407
0.451188
0.471443
0.754236
0.870301
0.678323
-0.542980
0.265821
0.136547
-0.259884
-0.117560
0.800843
0.425173
0.231190
-0.215693
-0.376337
-0.129410
-1.246267
-1.993857
-0.756945
-1.368388
-0.191216
0.883479
1.367549
1.425477
0.043715
0.280934
1.117443
1.456248
-0.163287
-0.313620
0.692622
0.370324
1.412442
1.114053
0.240144
-0.085106
-0.017931
0.754478
-0.247485
0.591785
0.481949
-0.442627
-0.383273
-0.864189
-0.386950
1.131749
0.876046
0.651377
0.541889
-0.545984
-1.414148
1.762241
1.749747
-1.252326
-1.295345
-1.395489
-1.602089
-0.449685
-0.717422
-0.945088
-0.731677
0.371466
0.331641
0.420095
0.413402
-1.174037
-1.442894
-1.718102
-1.840726
-0.134216
0.827010
-0.108764
0.232494
0.054437
-0.949125
-0.021334
-0.717828
-1.797461
-1.423705
-1.834567
-1.017875
-0.033911
1.553523
1.089338
0.744512
0.709128
0.980717
1.510726
-0.323150
-0.926362
-1.390341
-1.563761
0.079170
1.164647
0.003163
0.813964
0.334019
0.190055
0.880196
0.926624
0.670243
0.703955
0.676405
0.427279
-0.479473
-0.395228
0.409463
0.634892
-0.232767
-0.245409
0.293000
0.112666
1.485129
1.541535
1.652848
1.514449
-0.977107
-1.116511
-0.259983
-0.409818
-1.003307
-0.903719
-0.269160
-0.052180
0.693818
0.600318
-0.614103
-1.039424
-0.769268
-0.911545
-0.624364
-0.034332
-0.584811
-0.316215
-0.076920
0.012251
0.053135
-0.539471
-1.486195
-1.442918
-1.779654
-1.291479
-0.466247
0.768558
0.556686
0.378418
0.629561
1.179734
1.394036
0.519116
-0.162852
0.052486
0.043339
0.176435
0.301182
-0.497160
-0.515595
-0.019818
0.005237
-0.784884
-0.728065
-0.981491
-0.990481
-0.361752
-0.045225
-0.237029
-0.238308
-0.704542
-0.560894
-0.079579
-0.037324
-0.127525
-0.165484
-0.719217
-0.708665
0.113089
0.220989
0.795552
0.794946
0.475098
0.605567
1.488868
1.366847
0.180244
-0.080543
-0.530258
-0.148046
0.380691
-0.084674
0.176034
0.081835
0.052956
-0.738197
-0.059920
0.902824
0.733387
0.247547
-0.489535
-0.261494
0.392916
-0.124425
0.245483
0.263416
-0.509973
-0.705983
-0.716047
-0.520574
0.226291
1.160169
0.680190
1.511426
1.414057
1.259553
1.448311
-0.133574
0.133604
-0.442768
-0.690039
-0.588062
-0.602009
0.411698
0.149316
0.894161
0.961957
0.806114
0.848059
-0.898462
-1.044387
-0.653942
-0.791123
0.401266
0.253111
0.578949
0.112875
-0.703466
-0.691420
-0.839310
-0.638040
0.109850
0.143891
-0.337599
0.407355
1.534442
1.346544
1.078513
0.705754
-1.022327
-0.246697
-0.677877
-0.202736
0.052001
0.264116
1.235030
1.739948
1.367147
2.195290
1.580858
0.524408
-0.258148
0.856979
1.041762
0.922515
0.849384
0.646804
0.132758
0.101822
0.739837
0.591302
0.889523
0.575682
-0.428271
-0.166184
0.088895
0.740544
-0.051223
-0.087979
0.005327
0.183968
0.210880
-0.340423
-0.653632
-0.271110
-0.353346
-0.915531
-0.436523
-0.450050
-0.286096
-0.461903
-0.356242
-0.507360
-0.428225
-0.569613
-0.135042
-0.059985
-0.446396
-0.503045
-0.428109
-0.404389
-0.489455
0.233279
1.344959
1.344734
0.308252
-0.019006
-0.058628
0.172721
-0.280314
-0.402222
-0.282529
-0.256666
1.889065
2.111836
0.751670
0.368339
0.115353
0.330171
1.083711
0.450182
1.326100
1.221682
-0.004491
0.606817
0.934695
0.813041
0.473790
-0.984790
1.240626
0.914388
-0.533648
1.950664
0.855961
0.768258
-0.116837
0.233665
-0.154606
-0.284814
0.119312
-0.034934
-0.262916
-0.190522
-0.243896
-0.373025
-0.321051
-0.229648
-0.205104
-0.396101
-0.170348
-0.229881
-0.191244
-0.703416
-0.864139
-0.908700
-0.944198
-1.248769
-0.823070
-1.170395
-0.394301
0.565735
1.752916
2.109835
-0.225331
-0.600866
0.347616
-0.000901
0.322683
0.306642
-0.315018
0.308518
1.167246
1.125701
-0.399094
0.157074
-0.355084
0.197937
0.954949
0.847037
1.454049
1.507604
-0.518209
1.514826
0.619739
1.054004
1.549705
-0.549890
1.741914
1.776555
1.095342
0.566108
-0.168627
-0.272562
-0.721724
0.114616
0.029806
0.051942
0.334503
-0.138234
-0.391338
-0.346201
-0.561962
-0.669463
-0.474620
-0.510781
-0.302546
-0.443525
0.157968
-0.261034
0.016610
-0.905410
-1.843804
-1.507796
-1.663490
-1.458230
-0.140313
-0.724793
0.011813
0.734850
1.377532
2.192163
-0.811167
-1.365355
0.321779
-0.246346
0.847195
1.123133
0.313851
0.346537
1.186107
1.024229
-0.255430
1.274838
0.718921
0.680501
1.348246
0.150232
0.551879
1.198141
0.453245
0.693684
0.073406
0.204081
-0.231839
0.083310
0.203548
0.313771
0.253734
0.317354
-0.261171
-0.064202
0.274543
0.232388
0.288679
0.461855
-0.073891
0.009995
-0.139172
-1.433842
-0.165993
-0.336477
-0.374849
-0.395210
-1.616533
-0.737348
-0.185993
-1.194590
-1.540116
-1.662710
-1.659030
-1.118246
-0.309431
-0.739807
-0.983340
-0.663869
-0.623296
-0.860093
-0.914108
1.287493
1.416301
1.304865
1.326143
1.503591
1.170344
1.419174
1.470819
0.587342
0.763000
0.601210
0.479306
0.088466
0.192828
0.188781
0.106631
0.146679
0.115948
0.612745
0.636689
-0.693643
-0.693611
-1.454772
-1.453680
-0.490982
-0.479985
-0.373960
-0.390300
-1.560067
-1.558817
0.482530
0.483017
0.022549
-0.048302
-0.239915
-0.095232
-0.968839
-0.966270
1.174427
1.054363
0.754846
0.596714
0.509518
1.029293
1.923914
0.885814
0.407193
1.056756
0.841792
0.341046
0.362739
0.130144
0.242651
-0.295248
-0.530037
0.804581
0.913438
1.115767
0.847268
-1.292655
-0.250303
-1.158524
-1.425716
0.347410
0.000561
0.029287
-0.144464
-0.370538
0.213240
0.272331
0.302596
0.206584
-0.863284
-0.390228
0.125983
-0.665772
-0.785950
-1.199905
-1.268515
-0.497149
0.682142
-0.025841
-0.269644
1.823801
1.730707
1.444110
1.359835
0.775453
0.717664
0.929627
0.950011
-0.284063
-0.392206
-0.336192
-0.518310
-0.585286
0.302498
-0.719596
-0.816120
-1.213372
-1.229528
-1.228696
-1.199843
0.477303
0.588923
0.598822
0.647848
1.156420
0.981629
1.053019
1.028515
0.309387
0.119739
0.599629
0.649766
-0.392366
-0.473316
-0.468937
-0.604569
-0.603913
-0.028503
-0.706550
-0.757203
-1.267320
-0.713614
-1.317436
-0.785123
0.288599
0.246917
0.426450
0.337942
0.531307
0.195170
1.107649
0.478531
-0.534808
0.450920
1.020422
0.537311
-0.005999
-1.712858
-0.717894
-1.549887
-2.237720
1.363239
1.226381
0.302100
0.195395
0.813469
1.242598
2.159582
1.862202
-0.069092
0.187735
1.140258
0.550177
-0.370574
-0.270818
-0.113846
-0.283543
-0.761092
-0.754692
0.040525
0.075413
-0.376072
-0.406286
-0.336797
-0.340616
-2.149977
-2.160347
1.060356
0.999593
0.713063
0.704745
1.703478
0.970487
1.453581
1.708649
0.455812
0.203197
0.500147
0.641390
0.974953
0.183107
-0.272605
0.175344
-0.158766
-0.419504
-0.115689
-0.215671
-0.869174
-1.265245
-0.065955
1.105151
0.565367
-1.139442
-0.752554
-1.367709
-2.451382
1.139508
1.415477
0.367386
0.152510
0.894261
0.946374
0.809395
0.367317
0.259104
0.230176
0.187481
0.102882
0.057044
-0.850756
-0.772799
-0.732250
-0.663988
0.866620
0.628809
0.692361
0.629949
-1.256774
-0.976568
-1.433964
-1.392138
0.518262
-0.437553
-0.106813
-0.081222
-0.474489
0.209907
0.302364
0.266831
0.130889
-0.842427
-0.272962
0.288879
-0.764585
-0.869364
-1.461096
-1.543671
-0.335613
0.873460
0.028345
-0.261453
1.683398
1.634816
1.358690
1.259233
0.576955
0.574815
0.838633
0.871384
-0.193113
-0.381331
-0.374025
-0.545053
-0.671020
0.325867
-0.721883
-0.846264
-1.082323
-1.099524
-1.255113
-1.229437
0.405106
0.500661
0.637473
0.686796
1.348401
1.183554
1.084045
1.055597
0.106167
-0.042192
0.437468
0.483339
-0.324376
-0.440772
-0.525617
-0.667852
-0.805147
-0.209691
-0.750787
-0.672238
-0.976451
-0.684070
-1.245711
-0.758208
0.319145
0.139318
0.288940
0.341496
0.570553
0.219494
1.112573
0.367738
-0.672382
0.771134
1.342576
0.459730
-0.111136
-1.907436
-0.758820
-1.470765
-2.201621
1.378432
1.252825
0.311088
0.183340
0.902838
1.315806
1.605746
1.284345
-0.382252
0.169574
0.628992
0.378847
-0.368223
-0.366723
-0.326896
-0.466086
-0.124083
-0.077624
0.377796
0.023972
-1.450662
-1.260793
-1.385399
-1.211946
0.290078
0.081991
0.789279
-0.290212
-0.529094
1.089666
1.844298
1.842616
0.679004
0.143188
0.178649
0.866139
0.228318
0.253148
0.868894
0.682160
0.582041
0.479321
0.042132
0.475818
-0.227248
-1.562796
0.618132
0.461844
0.348406
1.149990
1.455656
2.563530
3.023400
1.844462
0.809497
0.232297
0.197456
-0.510577
-1.187935
-1.138665
-0.525906
0.171446
0.525620
1.063024
-0.626068
-0.236799
-0.106236
-0.865052
-0.052236
0.172926
-1.807751
-0.987332
0.295310
0.883235
0.161458
-0.194157
-1.387549
-1.461582
-0.297360
-0.327089
-1.595220
-1.575283
-1.001864
-0.884135
-1.411299
-1.240833
0.019242
-0.012999
-1.177342
-0.073068
-2.614686
-2.565490
-0.756565
-0.540320
0.149636
0.107384
-0.905420
-1.474895
1.456733
1.567421
-0.602755
0.120881
0.263099
0.298561
-0.273168
-0.073235
0.275382
0.290538
0.032883
-0.662184
-0.562347
0.064491
0.035877
0.261599
-0.242923
-0.433274
-0.116744
-2.268948
-1.096786
0.595273
1.984061
0.898998
-0.992536
-1.154013
-0.409018
1.400178
0.739441
0.171108
0.223756
0.273762
0.225109
0.077245
0.028371
0.313135
0.615684
-0.090397
-0.832940
-0.267043
-1.659649
-1.512889
0.527913
1.462738
1.011449
-0.518202
-0.757597
-0.312331
1.827405
1.093642
0.077401
0.101235
0.544647
0.107779
-0.262141
0.037412
0.371203
0.575419
-0.069464
-0.845157
-0.265173
-1.852850
-1.848531
0.779260
1.658727
1.170381
-0.365534
-0.584305
-0.033041
1.843849
1.050578
0.045953
0.115666
0.528393
-0.010091
-0.364637
-0.064304
0.215892
0.508421
-0.140485
-0.886561
-0.357729
-1.929754
-1.840709
0.684417
1.589035
1.192346
-0.943186
-2.509414
0.136984
2.017731
1.869303
-0.146859
-0.099927
0.480610
1.500294
1.378130
-1.470510
0.194269
0.367975
0.123675
-0.916212
-0.160633
0.192413
0.316824
0.251374
-0.309477
-0.349678
0.122562
-0.051683
0.366045
0.209113
-0.386314
-0.180890
-2.331881
-1.926218
0.988136
2.584200
0.846766
-0.358022
-0.572513
-0.371229
1.465589
0.886102
0.054313
0.173778
0.308196
-0.097019
-0.321116
0.032571
0.341721
0.562733
-0.174444
-0.836109
-0.256851
-1.877454
-1.766818
0.653716
1.553626
1.123815
-0.506791
-0.724786
0.089038
1.872246
0.993993
0.053576
0.053392
0.331698
0.030242
-0.284654
0.046110
0.355929
0.536801
-0.091526
-0.853328
-0.248709
-1.887854
-1.887374
0.878736
1.701660
1.137863
-0.389983
-0.625190
-0.031711
1.878051
1.035011
0.045428
0.047163
0.416577
-0.020923
-0.353804
-0.103718
0.283553
0.581059
-0.142529
-0.858752
-0.367731
-1.968948
-1.828298
0.655055
1.705539
1.263736
-0.969669
-2.535705
0.226400
1.997472
1.823448
-0.067937
0.107435
0.466545
1.515045
1.428115
-1.768913
0.177456
0.372999
0.193833
-0.896165
-0.174672
0.169774
0.328454
0.254094
-0.342093
-0.375990
0.107289
-0.407310
0.327333
0.220514
-0.375994
-0.146265
-2.332629
-1.923646
0.901681
2.441738
0.818356
-0.361626
-0.578172
-0.460182
1.456863
0.870549
0.072682
0.232176
0.352161
-0.089196
-0.299987
-0.002769
0.230188
0.532765
-0.210658
-0.857146
-0.214996
-1.827638
-1.683276
0.540798
1.568470
1.180929
-0.571351
-0.791061
0.049149
1.851746
0.979944
0.069603
0.081446
0.358274
0.082163
-0.225907
-0.040741
0.287516
0.554297
-0.030676
-0.859296
-0.218214
-1.830209
-1.906895
0.850377
1.624917
1.133996
-0.295356
-0.531189
-0.146551
1.825467
1.016992
0.004555
0.090758
0.507251
-0.059258
-0.421558
-0.127172
0.339044
0.610160
-0.112525
-0.884906
-0.307109
-1.948822
-1.931940
0.681004
1.646656
1.233734
-0.878525
-2.551060
-0.068250
1.868342
1.842173
-0.098515
-0.128585
0.395919
1.451595
1.371703
-1.583999
0.202399
0.375494
0.121264
-0.651397
-0.121552
0.166885
0.316856
0.248882
-0.330165
-0.371570
0.131091
-0.166698
0.392158
0.243296
-0.387151
0.010063
-2.308534
-2.014969
1.028295
2.105440
0.736911
-0.309273
-0.519878
-0.474737
1.399565
0.862006
0.041860
0.169816
0.301619
-0.141215
-0.380082
0.035040
0.216860
0.513089
-0.132225
-0.849664
-0.252563
-1.900869
-1.855417
0.674835
1.535085
1.155835
-0.445550
-0.664499
-0.028079
1.768502
0.951422
0.022752
0.065542
0.383363
-0.022247
-0.336034
0.113115
0.383552
0.519522
-0.075300
-0.863084
-0.216584
-1.898320
-1.969234
0.938154
1.659351
1.136414
-0.293254
-0.501385
0.021850
1.824351
0.995787
0.013217
0.051529
0.482540
-0.057208
-0.399895
-0.094104
0.251747
0.533954
-0.135344
-0.935802
-0.371891
-1.970440
-1.940457
0.674520
1.525060
1.181015
-1.045037
-2.681275
-0.348452
0.710642
0.887292
-0.067649
0.000960
0.164839
0.788384
0.533257
0.438781
0.583923
0.796550
0.714104
-0.440935
-0.429795
0.177156
0.320722
1.219838
2.144208
2.539037
1.196098
-0.726261
-1.058043
0.094186
-0.785633
-1.279007
-1.303984
-1.038346
-0.344061
0.376273
0.499462
-0.150169
-2.136321
-2.073663
0.171852
-0.061808
-0.064099
0.147589
-0.186377
-0.074884
0.510800
0.371115
-0.838654
-1.070569
-0.945534
-0.482517
0.213818
0.376251
0.044499
0.176485
-2.263223
-2.013193
-1.673665
-1.847234
0.668019
0.014712
0.370870
0.313307
0.652904
1.143910
1.215322
0.385657
0.170454
0.104949
0.279231
0.187387
0.224561
-0.457455
-0.568186
-0.598107
-0.656407
0.127853
0.285275
0.827081
0.839954
-1.150176
-0.840647
-1.456361
-1.471634
0.378276
-0.283431
-0.116404
-0.222373
-0.465372
0.356746
0.308068
0.299672
0.159525
-0.861283
-0.270805
0.268256
-0.692494
-0.879593
-1.256979
-1.368198
-0.265600
0.946695
0.023903
-0.222035
1.706074
1.639026
1.312190
1.205899
0.491662
0.537825
0.862221
0.907638
-0.148625
-0.373979
-0.457701
-0.608468
-0.702282
0.183443
-0.632344
-0.717996
-1.281642
-1.336750
-1.299322
-1.275016
0.250769
0.336247
0.664045
0.711080
1.303772
1.130901
1.045350
1.018311
0.374825
0.191146
0.663527
0.718116
-0.390412
-0.471940
-0.485058
-0.627256
-0.493223
0.096857
-0.653577
-0.607825
-1.164506
-0.776296
-1.316202
-0.884776
0.219647
0.135782
0.387271
0.404160
0.611721
0.419865
1.237720
0.445949
-0.535933
0.489526
1.203302
0.427788
-0.184358
-2.049655
-0.768842
-1.693277
-2.406040
0.831481
0.929007
0.129640
-0.033227
1.724863
1.680390
2.052279
1.882385
0.549777
1.154391
1.690215
1.097503
0.526862
0.672488
0.664736
0.376450
-0.345766
-0.272405
0.146333
0.310395
1.035943
-0.176437
0.171401
0.910544
-0.342264
0.152073
0.890516
1.231004
-0.460751
-2.466530
-2.185194
0.458791
1.599531
0.596344
0.243639
0.275471
-0.081462
0.795240
0.873966
-0.007799
0.111187
0.383396
0.312779
0.221397
-0.122181
-0.344652
-0.295577
-0.705769
-0.567185
-0.654042
-0.631730
1.217947
1.566165
-0.340068
-0.453260
-2.145362
-2.125639
-2.139561
-2.117646
0.068408
0.298277
1.011553
1.015118
1.387724
1.082892
1.636434
1.467040
-0.682354
0.164686
0.796675
0.615163
0.317702
0.346454
0.272637
-0.127697
-0.953447
-0.470672
0.509492
0.513928
-0.405339
-0.536732
0.703600
1.503191
0.748377
0.259840
0.767588
0.682846
-1.490302
-1.482707
-0.589008
0.146585
0.216898
0.168253
-0.095916
-0.204963
1.277243
1.305965
0.839574
0.672780
-0.020435
0.031414
0.160367
0.007562
1.957381
1.322549
1.067277
2.354014
-1.205071
-1.246746
-0.774204
0.087092
0.034883
0.002012
-0.013184
-0.376187
0.182384
-1.067239
-0.369390
-0.002476
-0.366711
0.087998
-0.242864
-0.203820
-0.343866
0.047129
-0.364572
-1.206005
-1.827331
0.003982
-0.767424
-0.780017
-1.058476
-1.112322
-1.929659
-1.752543
0.529406
0.357223
0.214589
0.273191
1.311897
1.467619
1.270434
1.122634
0.376550
0.398957
0.562793
0.524426
-0.328258
-0.385718
-0.474322
-0.546120
-0.276324
0.088700
-0.624984
-0.541177
-0.988384
-1.463180
-1.263044
-1.152880
0.145273
0.253074
0.501221
0.545018
1.517362
1.331352
1.171790
1.147658
0.384195
0.248068
0.617821
0.672245
-0.345539
-0.463128
-0.463481
-0.609650
-0.841574
-0.242160
-0.733034
-0.702277
-0.196027
-0.242476
-1.304256
-1.225324
0.107231
0.148031
0.212046
0.240981
-0.248699
-0.311437
1.255755
1.239967
0.075958
-0.074133
-0.768764
-0.766347
-2.436171
-2.447107
0.653766
0.737144
-0.609716
-0.696008
-1.478590
-1.442304
1.199231
1.159129
0.832656
0.843075
1.440034
1.352914
2.135141
2.140985
0.992711
0.948195
0.537205
0.569371
0.379256
0.416951
0.650502
0.594758
0.912048
0.740854
0.095962
0.139468
1.293534
0.099989
0.257084
0.936384
1.400851
0.668997
-0.056970
-0.179621
0.509699
-2.071308
-1.355100
0.662039
2.549775
0.804515
-1.087809
-1.329401
-0.397724
1.414218
0.847771
0.029443
0.014029
0.299040
0.337556
0.136374
0.022438
0.342550
0.636143
-0.053345
-0.851603
-0.224926
-1.562792
-1.498461
0.479026
1.532920
1.153913
-0.486428
-0.741429
0.030304
1.975120
1.138098
0.038155
0.113619
0.613891
0.142907
-0.290770
-0.003342
0.284592
0.517553
-0.061606
-0.870583
-0.194904
-1.842077
-1.908321
0.874205
1.768060
1.196955
-0.315479
-0.536171
0.136856
1.904455
1.034925
0.041160
0.069029
0.442915
-0.039745
-0.377977
-0.060086
0.316201
0.569189
-0.126460
-0.909253
-0.385705
-1.962985
-1.890602
0.739202
1.688277
1.227211
-0.878688
-2.519282
0.192305
1.998467
1.844486
-0.163235
-0.165541
0.434912
1.452386
1.411501
-1.375950
0.243472
0.398250
0.107851
-0.858511
-0.162763
0.181501
0.313635
0.159145
-0.332369
-0.366839
0.132534
0.228756
0.434875
0.244008
-0.390231
-0.094545
-2.311677
-1.979949
1.040686
2.169340
0.766010
-0.269572
-0.486731
-0.595864
1.375178
0.875880
0.037768
0.156368
0.307579
-0.126014
-0.353059
0.033796
0.400418
0.582003
-0.171278
-0.845817
-0.255348
-1.913265
-1.831454
0.709579
1.683200
1.163250
-0.462622
-0.674432
-0.054238
1.777324
0.973077
0.012098
-0.031279
0.311704
0.007207
-0.307335
0.003940
0.397622
0.588579
-0.076629
-0.863640
-0.238990
-1.887055
-1.929960
0.935435
1.702010
1.122015
-0.338170
-0.577646
-0.052136
1.852522
0.979296
-0.026411
0.038624
0.486870
-0.034462
-0.379749
-0.175013
0.196226
0.553471
-0.147185
-0.874873
-0.244335
-1.936920
-1.897151
0.680826
1.611889
1.187160
-0.923663
-2.500907
0.148913
1.966184
1.853503
-0.100259
0.178881
0.498345
1.480668
1.358745
-1.215485
0.238658
0.380017
0.123279
-1.030382
-0.165111
0.184649
0.322715
0.352016
-0.299856
-0.356103
0.116700
-0.401574
0.322748
0.237066
-0.379670
-0.161184
-2.352012
-1.983265
0.949716
2.183992
0.774978
-0.340237
-0.549848
-0.285661
1.471805
0.879892
0.084779
0.193195
0.308796
-0.130510
-0.337171
0.012930
0.313409
0.561268
-0.224371
-0.845833
-0.222965
-1.886291
-1.694499
0.545671
1.461466
1.123452
-0.608645
-0.828479
-0.016870
1.821751
0.982013
0.071442
0.094659
0.415078
0.094890
-0.206262
0.011242
0.299001
0.558337
-0.038438
-0.868730
-0.316991
-1.864620
-1.866018
0.844647
1.628220
1.125152
-0.331022
-0.543826
0.129402
1.900302
1.026666
-0.005274
0.048452
0.492069
-0.019133
-0.372927
0.006085
0.442519
0.600007
-0.131002
-0.883065
-0.234533
-1.910310
-1.913490
0.740886
1.536601
1.133613
-0.904936
-2.464894
0.229822
1.989193
1.853589
-0.166967
-0.237537
0.450896
1.496088
1.357238
-1.345348
0.218100
0.373682
0.133799
-0.842854
-0.150524
0.171720
0.321313
0.131116
-0.337209
-0.361988
0.122769
-0.211892
0.377184
0.235703
-0.384081
-0.561997
-2.421835
-1.972862
0.984919
1.924920
0.728876
-0.342140
-0.554787
-0.223723
1.469295
0.838430
0.019313
0.150636
0.260999
-0.144768
-0.374970
0.035043
0.531012
0.652754
-0.169517
-0.844879
-0.161585
-1.855923
-1.826603
0.596533
1.759920
1.290181
-0.443353
-0.682743
0.271598
1.950936
0.986918
0.056584
0.141140
0.442134
0.011985
-0.298842
0.111941
0.502312
0.608550
-0.067778
-0.818980
-0.248546
-1.923454
-1.922344
0.916391
1.881153
1.232062
-0.328376
-0.556490
0.401859
1.987436
0.988855
0.013021
0.149657
0.573160
-0.049900
-0.384271
0.008497
0.538277
0.668310
-0.122667
-0.921992
-0.174900
-1.847943
-1.882173
0.621864
1.723488
1.296965
-0.987342
-2.465403
0.114389
1.079458
1.069785
0.124903
0.055785
0.233345
0.903681
0.672798
0.667026
0.770061
0.842086
0.765121
-0.249112
-0.254769
-0.068687
-0.052760
1.837087
2.064715
2.072756
1.779396
-1.194446
-0.923871
0.263591
-0.056471
-1.629714
-1.678792
-1.365902
-1.359960
0.338364
0.336613
-0.657060
-0.047707
0.150015
-0.091677
-0.199986
-0.101596
0.249656
0.279789
0.044446
-0.635391
-0.485939
0.153139
-0.711490
-0.002122
-0.426681
-0.668389
-0.875643
-2.475822
-1.214706
0.590240
2.608850
0.859660
-1.088065
-1.299689
-0.390182
1.449001
0.806947
0.104090
0.135640
0.244613
0.427410
0.262660
-0.003620
0.322020
0.592695
-0.122581
-0.885272
-0.372504
-1.578877
-1.444185
0.539027
1.520296
1.182529
-0.420568
-0.736494
0.031537
1.916622
1.145087
0.093550
0.093894
0.595575
0.151165
-0.265692
0.040138
0.445081
0.613287
-0.056846
-0.835345
-0.248013
-1.881577
-1.883151
0.837043
1.898355
1.247141
-0.338650
-0.558989
-0.011638
1.844692
1.028665
0.052009
0.054237
0.414609
-0.020300
-0.373087
-0.058842
0.372497
0.586056
-0.145493
-0.942586
-0.251692
-1.857853
-1.862841
0.741772
1.565466
1.159342
-0.920344
-2.467216
0.270658
1.997336
1.839526
-0.119479
-0.190440
0.450633
1.503421
1.383497
-1.391724
0.217324
0.375847
0.113810
-0.823142
-0.165886
0.178048
0.315408
0.374251
-0.317898
-0.378055
0.124509
-0.269324
0.342815
0.233776
-0.387184
-0.395016
-2.376584
-1.940893
0.998511
2.152815
0.743403
-0.355762
-0.568931
-0.314351
1.453620
0.853410
0.028005
0.210915
0.366604
-0.112275
-0.340324
0.060339
0.298851
0.520792
-0.176996
-0.832095
-0.163576
-1.818933
-1.751697
0.634626
1.515236
1.124990
-0.486770
-0.707675
-0.040488
1.824929
0.990326
0.034486
0.061910
0.385807
0.010255
-0.301760
0.060889
0.432827
0.570966
-0.097384
-0.824323
-0.180030
-1.851868
-1.880343
0.890099
1.740872
1.145154
-0.346539
-0.579889
-0.045898
1.842696
0.997795
-0.018742
0.053564
0.497986
-0.024032
-0.367725
-0.110793
0.215068
0.523401
-0.151100
-0.910048
-0.342654
-1.923701
-1.847315
0.591614
1.407873
1.147839
-0.933904
-2.612807
0.186998
2.022652
1.831045
-0.046522
0.127378
0.480140
1.508991
1.416556
-1.741640
0.203869
0.389213
0.156463
-0.778230
-0.120862
0.195413
0.325134
0.345065
-0.316709
-0.365077
0.109154
-0.059608
0.373777
0.202563
-0.376837
-0.407433
-2.388952
-1.935871
0.911346
2.495290
0.843394
-0.350901
-0.568003
-0.216570
1.493936
0.876991
0.082166
0.161684
0.253985
-0.072463
-0.286717
0.024849
0.333686
0.564305
-0.206185
-0.838674
-0.251060
-1.892570
-1.725521
0.542525
1.538943
1.169759
-0.566833
-0.791110
0.096181
1.871907
0.975129
0.057390
0.064034
0.352424
0.072585
-0.250686
-0.020543
0.378030
0.579593
-0.027752
-0.879294
-0.342924
-1.902956
-1.916433
0.836191
1.709844
1.201557
-0.267232
-0.506167
0.049725
1.882843
1.014015
-0.005429
0.003961
0.413123
-0.085751
-0.454011
-0.051469
0.326205
0.546269
-0.129406
-0.974389
-0.350418
-1.937939
-1.951215
0.685104
1.356834
1.133502
-0.814085
-2.536978
0.076902
1.922867
1.827885
-0.152926
0.498815
0.578960
1.414860
1.365443
-1.282210
0.245917
0.394349
0.092383
-0.776068
-0.141571
0.162801
0.317263
0.223554
-0.322485
-0.357771
0.133288
-0.113567
0.398686
0.247804
-0.388083
-0.317031
-2.359176
-2.022466
1.040089
2.429411
0.828392
-0.282005
-0.511447
-0.448732
1.386918
0.843986
0.025603
0.198244
0.354702
-0.152921
-0.392931
0.011985
0.217575
0.515883
-0.138011
-0.882833
-0.376268
-1.955234
-1.879118
0.674971
1.533849
1.149514
-0.433718
-0.651219
-0.070765
1.742105
0.952186
0.018407
0.005578
0.308293
-0.010191
-0.319975
0.100066
0.354801
0.512600
-0.064609
-0.870757
-0.249767
-1.903338
-1.965658
0.936251
1.752690
1.178574
-0.307257
-0.528007
0.125091
1.865866
0.968290
-0.001447
0.115770
0.531157
-0.085022
-0.442639
-0.108636
0.339078
0.604746
-0.084065
-0.914788
-0.353477
-1.970746
-1.944369
0.661127
1.690490
1.259484
-0.934993
-2.387699
-0.206306
0.812908
0.658513
-0.335966
-0.008382
0.177853
0.828253
0.549193
0.648178
0.772853
0.448813
0.300030
-0.333913
-0.318126
0.137770
0.165391
1.874080
2.082117
2.530984
2.325080
-1.185121
-0.936314
0.284698
-0.011933
-0.954546
-0.996472
-1.614042
-1.612596
-0.263567
-0.257470
-0.257510
0.080855
0.039917
-0.387867
-0.106632
-0.053858
0.236803
0.259596
0.181694
-0.578569
-0.675317
-0.059211
-0.680846
0.005061
-0.469189
-0.719066
-0.885574
-2.487786
-1.337670
0.445144
2.807101
0.870268
-1.100062
-1.320951
-0.251568
1.465793
0.877179
0.187098
0.141992
0.277818
0.370272
0.200753
-0.034262
0.360696
0.694747
-0.033812
-0.906625
-0.291032
-1.392398
-1.320494
0.516383
1.503227
1.011270
-0.528128
-0.701681
-0.011669
1.963986
1.158363
0.056125
0.129845
0.570837
0.105780
-0.300981
-0.066857
0.348357
0.584886
-0.048952
-0.938526
-0.282277
-1.854316
-1.921019
0.854170
1.611974
1.110542
-0.314379
-0.517484
0.149922
1.889894
1.027763
0.023364
0.055537
0.478907
-0.077534
-0.421689
-0.121466
0.352542
0.625593
-0.118124
-0.945308
-0.475814
-1.989148
-1.916146
0.800233
1.646769
1.165433
-0.883846
-2.538228
0.245253
2.027577
1.853817
-0.148890
-0.399587
0.400562
1.465667
1.402459
-0.990012
0.242566
0.376819
0.077759
-0.807174
-0.159318
0.168270
0.314169
0.044829
-0.350137
-0.363586
0.134643
-0.180296
0.349469
0.239021
-0.391143
-0.297839
-2.367225
-2.007061
1.052089
2.330462
0.821696
-0.293799
-0.521519
-0.458905
1.406834
0.860805
0.020348
0.160190
0.306296
-0.132475
-0.363498
0.022753
0.268104
0.528354
-0.151795
-0.865192
-0.197793
-1.866771
-1.838134
0.708526
1.594767
1.124770
-0.460676
-0.672177
0.027146
1.782080
0.971524
0.031072
0.081170
0.401156
-0.016919
-0.326758
0.089909
0.343781
0.528944
-0.065256
-0.877885
-0.259999
-1.913036
-1.947853
0.955002
1.847559
1.187051
-0.325351
-0.556439
0.072491
1.879794
0.990856
-0.017593
0.062421
0.536112
-0.043765
-0.395716
-0.158998
0.249904
0.557193
-0.148605
-0.931099
-0.307104
-1.921317
-1.897984
0.695859
1.627053
1.191188
-0.917207
-2.545252
0.271714
1.991269
1.809184
-0.115179
-0.110030
0.455892
1.485221
1.454235
-1.180214
0.244455
0.393098
0.130816
-0.851878
-0.140835
0.185282
0.322891
0.155243
-0.345030
-0.367363
0.118730
-0.188474
0.368835
0.246673
-0.380559
-0.276462
-2.364320
-1.988784
0.960364
2.431895
0.810888
-0.330399
-0.542042
-0.251193
1.466809
0.876847
0.103008
0.166249
0.283587
-0.114952
-0.318328
0.051212
0.399498
0.578194
-0.285919
-0.834602
-0.354368
-1.962208
-1.585418
0.507098
1.539039
1.150955
-0.745132
-0.968384
0.141850
1.869041
0.956587
0.092124
0.120438
0.447684
0.175369
-0.122635
-0.028025
0.337475
0.590365
-0.026794
-0.843609
-0.267737
-1.791927
-1.781186
0.727909
1.587519
1.153190
-0.345562
-0.573744
0.159637
1.935731
1.038498
0.018899
0.142919
0.566717
-0.005265
-0.371151
-0.058553
0.270746
0.545943
-0.132177
-0.917549
-0.296645
-1.887633
-1.866690
0.600602
1.439788
1.188164
-0.897908
-2.535122
-0.047161
1.911331
1.861846
-0.056921
0.140787
0.446684
1.490602
1.437664
-1.356730
0.209904
0.375555
0.206518
-0.625915
-0.110297
0.186495
0.325349
0.314713
-0.306756
-0.349290
0.110511
-0.315089
0.380170
0.232209
-0.375917
-0.263407
-2.364762
-1.955561
0.915605
2.113529
0.772170
-0.363310
-0.570587
-0.466489
1.435337
0.853598
0.057382
0.193434
0.282678
-0.092755
-0.318346
0.017459
0.319502
0.560269
-0.163901
-0.862023
-0.249972
-1.873428
-1.799386
0.576859
1.468288
1.149679
-0.483711
-0.697734
0.095297
1.875280
0.971892
0.047174
0.098629
0.385660
0.022052
-0.298605
0.028484
0.388840
0.571535
-0.061132
-0.832779
-0.299144
-1.925192
-1.906722
0.819922
1.545612
1.092600
-0.354844
-0.577070
0.028545
1.898802
0.997377
0.023716
0.114116
0.512508
-0.022196
-0.363615
-0.099187
0.229348
0.544269
-0.136195
-0.890501
-0.255045
-1.883874
-1.848819
0.515768
1.336136
1.164301
-0.818360
-2.149856
-0.039263
0.983923
0.978581
-0.005262
0.023646
0.190748
0.688230
0.428483
0.451980
0.594121
0.632650
0.524548
-0.656957
-0.652768
0.045887
0.091596
2.121344
2.306347
2.365732
2.131852
-1.082671
-0.805569
0.066268
-0.285414
-1.386078
-0.466473
-0.457164
-1.550835
0.498070
0.400151
0.115732
-0.251948
-0.112568
-0.402164
-0.497731
-0.449510
0.248798
0.035151
0.115336
0.320115
-1.119044
-2.626212
-2.364801
-0.583608
0.488005
0.274351
-0.131845
-1.362205
1.222682
2.031689
2.367114
2.892769
0.366922
0.728054
0.216393
0.078255
0.093592
0.206798
0.152022
0.132994
0.075441
0.224124
0.040142
0.052841
-0.481769
0.141359
-0.451997
-0.739311
0.097979
-0.255233
0.096988
0.184800
-0.419375
-0.763608
-2.596686
-2.720504
-0.084471
-0.179115
-0.173145
-0.476349
-0.830402
-1.404978
-0.246066
0.930257
0.091489
-0.002982
-0.401809
0.003100
-1.937103
-0.611383
1.134566
0.146218
-0.364069
-1.469974
-1.410615
0.452859
2.109741
1.568528
1.282687
2.293013
0.898504
1.660800
1.836106
1.126274
0.726060
1.090868
0.684125
-0.383619
0.413034
0.634955
0.800434
0.466866
0.797593
0.697823
0.142867
0.410497
0.476839
0.719933
0.279342
-0.459627
-0.255439
-0.007114
0.134263
-0.461407
-0.678123
-0.673227
-1.967588
-1.890191
-0.396107
-0.441342
-0.220936
-0.195550
-2.247070
-2.130643
0.382491
0.385481
0.559656
0.607883
-0.209377
-0.323336
2.032255
0.796083
0.068052
0.244193
-0.172079
-0.467572
-2.624477
-2.629620
0.230559
0.103740
0.025710
-0.316307
-0.688222
-1.241409
-0.106657
1.147843
0.368202
0.074623
-0.458376
0.147301
-1.575292
-0.503259
1.133047
0.216595
-0.317057
-1.456251
-1.497725
0.408441
2.139059
1.671080
1.369485
2.233679
0.564681
1.516975
1.974907
1.413633
0.783317
1.091834
0.750986
0.318525
0.704472
0.758988
0.771525
0.593641
1.035447
0.709223
0.038950
0.317198
1.068653
1.275738
0.826000
-0.333128
-0.275780
0.741156
0.694603
-1.314868
-1.156444
0.122295
-0.034095
0.106034
0.164125
-0.351067
-0.493546
-0.003831
0.044111
-0.495109
-0.543645
-0.799787
-0.812260
-1.242122
-1.121602
0.274973
0.327832
-1.528611
-1.571152
-2.430445
-2.390731
1.708830
1.730079
0.329097
0.359184
1.668763
1.643285
1.546165
1.488332
0.224763
0.240783
0.475318
0.487873
0.077871
0.092053
0.044697
0.154161
-0.483967
-0.708267
-0.169525
-0.324082
0.253260
0.329373
-0.146655
-0.434561
-2.541426
-2.585300
0.145231
0.002671
-0.147130
-0.414959
-0.885972
-1.437001
-0.236897
0.883658
-0.087678
-0.230689
-0.576960
0.005957
-2.017890
-0.701570
1.160134
0.085386
-0.314180
-1.458188
-1.477863
0.556751
2.210462
1.649044
1.227759
2.180832
0.486308
1.440449
1.954629
1.299890
0.634008
1.044965
0.795288
0.088270
0.695389
0.775369
0.709483
0.406564
0.850594
0.685786
0.167797
0.491475
0.974013
1.314981
0.528130
0.113229
-0.663622
-0.336229
-0.118599
-0.345941
-0.099699
-0.132360
-0.710801
-0.713034
-0.836720
-0.826554
-0.468876
-0.481592
-0.667924
-0.648820
-0.790612
-0.786814
1.956950
1.678972
0.398073
0.373621
0.159410
0.213285
0.112837
-0.027503
-0.246667
-0.424098
0.202842
0.278027
-0.401639
-0.657324
-2.392320
-2.293395
0.068748
-0.022215
0.002661
-0.226580
-0.740226
-1.266926
0.030296
1.269366
-0.088735
-0.177211
-0.325813
0.303682
-1.979276
-0.709130
1.138048
0.183163
-0.323402
-1.422017
-1.412267
0.629042
2.253593
1.631537
1.294249
2.396840
0.782452
1.509787
1.965790
1.287586
0.579011
0.969433
0.533249
-0.217417
0.621980
0.739024
0.744225
0.446850
0.838555
0.727188
0.319167
0.399480
0.198708
0.689435
0.260896
-0.063782
-0.094443
0.229931
-0.155848
-0.392239
-1.545360
-1.498850
-0.346791
-0.366070
-0.135246
-0.120063
-2.436358
-2.275588
0.447204
0.412588
0.337426
0.400968
-0.335179
-0.471179
1.808252
0.819498
0.129163
0.203458
-0.105809
-0.437291
-2.527544
-2.503879
0.033612
-0.084857
-0.031858
-0.264812
-0.782557
-1.369985
-0.131567
1.180406
0.391396
0.118646
-0.421484
0.168872
-1.684941
-0.521614
1.130013
0.266709
-0.160899
-1.394732
-1.524872
0.417108
2.131419
1.621812
1.317974
2.238992
0.901956
1.661984
1.886162
1.304548
0.569802
0.997014
0.655991
-0.028244
0.601261
0.624759
0.600103
0.406154
1.016521
0.552349
0.125402
-0.106367
0.321283
0.093892
-0.109714
-0.392832
-0.403813
0.111562
0.006409
-1.178743
-1.029684
-2.038102
-2.085256
-0.620916
-0.511671
-0.211257
-0.228554
-0.293109
-0.287704
-0.212792
-0.214894
2.248127
2.024005
0.597211
0.585785
0.400356
0.263100
0.168608
0.051982
-0.441407
-0.501917
0.232156
0.452809
-0.274973
-0.658940
-2.105848
-1.754953
0.125197
-0.149289
-0.009312
-0.156995
-0.723141
-1.247578
0.016458
1.278581
-0.071645
-0.144461
-0.333035
0.294750
-2.009225
-0.746848
1.184619
0.142215
-0.223104
-1.386791
-1.474235
0.538618
2.043737
1.547699
1.272044
2.225701
0.627098
1.507303
1.975466
1.340915
0.527204
0.895881
0.633586
0.119629
0.587728
0.574428
0.716983
0.576224
1.033435
0.698979
0.293910
-0.359626
0.265363
0.462154
0.216096
-0.166510
-0.300620
-0.147001
-0.205710
-1.748730
-1.352478
-0.265712
-0.419375
-0.178407
-0.113826
-2.370558
-2.270231
0.456679
0.460173
0.467530
0.438143
-0.261740
-0.432096
1.779396
1.053683
0.289986
0.242833
-0.085411
-0.411730
-2.498544
-2.521012
0.086838
-0.074122
-0.087974
-0.355618
-0.861915
-1.434734
-0.146745
1.225765
0.351925
0.088789
-0.445754
0.088638
-1.766636
-0.537453
1.162290
0.277651
-0.158283
-1.395512
-1.512687
0.452153
2.093167
1.620581
1.389546
2.396136
0.816461
1.615627
1.910621
1.047540
0.656162
1.073481
0.500835
0.083744
0.580995
0.822181
0.292243
-0.084812
0.657041
0.507344
-0.597268
-0.564456
0.880572
1.065356
-0.003060
-0.327085
-1.240488
-1.289172
-1.678832
-1.761502
0.120772
-0.971407
-0.087199
0.636179
0.034689
-0.557849
1.809980
1.904563
0.383936
0.622638
0.916535
1.686931
2.577220
0.392625
-0.650005
0.063584
-0.110151
0.229167
0.656107
-0.423365
0.764458
2.317117
1.703768
0.486925
-0.833124
-0.102061
0.888323
0.807232
-0.343080
-0.176047
0.262950
0.182259
-1.531042
-1.918555
-0.964125
-0.896450
-0.179651
0.540387
1.003531
0.085264
1.326657
0.004477
-1.106915
-0.799617
-0.620683
-0.766050
-0.471250
-0.386563
0.046649
1.211179
1.426159
0.878839
0.622892
0.623911
0.633492
-0.318014
-0.137718
0.192152
-0.009334
1.241022
2.018471
2.867347
1.401082
-0.499855
-1.199029
0.211749
-0.687267
-1.092657
-0.852817
-1.123972
-0.525406
0.508035
0.564490
-0.313660
-0.980645
-0.473272
0.181466
-0.075767
0.224927
0.280496
0.262169
0.288307
-0.023085
0.228693
-0.036975
-0.363408
-0.330732
-0.204147
-0.774845
-0.821610
-0.521388
-0.642119
-0.728025
-0.600174
-0.802192
-0.816998
-0.891647
-0.874240
2.335917
1.944246
0.444321
0.488219
0.381209
0.293047
0.229121
0.154070
-0.298347
-0.557104
0.123775
0.278274
-0.378067
-0.668779
-2.359335
-2.275085
-0.043577
-0.084953
-0.063934
-0.351587
-0.743329
-1.259062
0.130088
1.308153
-0.053790
-0.183024
-0.398003
0.286435
-1.901036
-0.650322
1.076466
0.109057
-0.228332
-1.415344
-1.444658
0.489081
2.065649
1.666996
1.427106
2.266003
0.669064
1.605770
1.946117
1.050443
0.612364
1.000466
0.799131
0.296691
0.594312
0.498863
0.328026
0.031545
0.787007
0.173972
-0.264342
0.075791
0.353668
1.213078
-0.148642
-0.854164
0.323812
-1.139271
-0.915019
-1.273603
-1.334868
0.475319
0.543043
-0.108439
-0.229760
0.996212
1.614747
1.153223
1.041922
0.388655
0.547225
-1.080096
-1.989957
-1.025019
0.023559
0.511983
0.214099
0.221724
0.679278
1.928329
-0.225996
-0.794323
-0.000510
0.617703
0.189041
0.032389
-0.426601
0.308071
2.017073
2.024815
0.861389
0.438290
0.497787
0.625189
-0.647542
-0.336932
0.587147
0.076087
1.336788
1.432159
2.253457
1.903070
-1.846537
-1.850420
0.746537
0.382444
0.133736
0.050722
0.048315
-0.040434
0.767440
0.816066
0.232476
0.039362
0.212935
0.180148
-0.403231
-0.403812
-0.280636
-0.304568
-0.330617
-0.316762
-0.646882
-0.659472
-0.766229
-0.752113
-0.443525
-0.460143
-0.828593
-0.806516
-0.860026
-0.854600
2.104460
1.845980
0.431577
0.440898
0.195563
0.169014
0.074931
0.000736
-0.284849
-0.405386
0.239866
0.365291
-0.378887
-0.746596
-2.451982
-2.244691
0.009636
-0.108525
-0.019143
-0.254691
-0.577011
-1.162008
0.057570
1.282591
-0.057748
-0.124090
-0.356573
0.126891
-2.048197
-0.745759
1.088330
0.145937
-0.196841
-1.338613
-1.441730
0.450252
1.928572
1.478626
1.333490
2.392105
0.884441
1.616631
1.901061
1.019962
0.593576
1.017843
0.486219
-0.265994
0.333738
0.488429
0.587786
0.433966
1.078846
0.769144
0.044118
0.095570
0.598608
0.913094
0.937466
0.436737
-0.313901
-0.039944
-0.180275
-0.781138
-0.563148
-0.518389
1.684968
1.687955
-0.600234
-0.595477
-1.720097
-0.995187
-2.089652
-0.957959
-0.010524
-0.582066
0.900912
0.519647
0.215821
0.077611
0.860625
0.110750
-0.655175
0.076338
0.009455
0.190071
0.057209
-0.423333
-0.678123
-2.434053
-2.603616
-0.152489
-0.105528
-0.077413
-0.346485
-0.756509
-1.078712
0.106708
1.029953
0.082156
0.054130
-0.361405
-0.073171
-1.855489
-0.602683
1.144793
0.058511
-0.341949
-1.421218
-1.468826
0.472166
2.100693
1.601956
1.252434
2.227525
0.671606
1.426624
1.913858
1.502261
0.694147
1.003187
0.639845
-0.105104
0.664954
0.787465
0.754768
0.481522
0.914537
0.778992
0.322456
0.434793
0.140793
0.504837
0.201781
-0.165641
-0.048193
0.164520
-0.224874
-0.458123
-0.540144
-0.515342
-0.536459
-0.546710
-0.609128
-0.593013
-0.986077
-0.986346
2.133012
1.956334
0.415260
0.374660
0.219381
0.348974
0.123923
-0.019966
-0.314940
-0.389026
0.311948
0.274442
-0.384003
-0.661235
-2.389133
-2.255882
0.081574
0.024789
-0.015597
-0.503616
-0.812729
-1.270065
0.126817
1.598310
0.045527
-0.225302
-0.434791
0.254812
-2.077086
-0.804906
1.033401
0.166883
-0.097655
-1.399925
-1.473486
0.553666
2.090549
1.595088
1.344293
2.277098
0.642317
1.443089
1.886990
1.404018
0.754501
1.107862
0.628645
-0.396939
0.440816
0.714278
0.861481
0.096214
0.697233
0.810645
0.164341
0.106490
0.540802
0.811086
0.567290
0.632200
0.701398
-0.017085
-0.142691
-0.611045
-0.400801
-0.518586
-0.587611
0.734837
0.863864
-0.583365
-0.605244
-0.897165
-0.906430
-0.919100
-0.923321
-1.808506
-1.439597
0.541316
0.563124
0.382078
0.227188
0.103529
0.086399
1.206481
0.203362
0.104851
0.195185
-0.334793
-0.685536
-2.525700
-2.359427
-0.178666
-0.288420
-0.073122
-0.347766
-0.909105
-1.335611
0.223483
1.420387
0.184302
0.056717
-0.403192
0.214091
-1.718120
-0.548658
1.157338
0.061188
-0.330625
-1.383395
-1.446758
0.453474
2.072312
1.573563
1.286178
2.313512
0.836619
1.517585
1.877971
1.337023
0.643947
0.876441
0.557568
0.132826
0.603876
0.654644
0.799778
0.683731
0.973827
0.740608
0.393740
-0.303613
0.069234
0.451942
0.165716
-0.184628
-0.162511
-0.137750
-0.231988
-0.672898
-0.442907
-0.364012
-0.495025
-0.822787
-0.691147
-0.897571
-0.907203
2.135522
1.889111
0.342566
0.332481
0.179232
0.183812
0.052561
0.003399
-0.366268
-0.409501
0.274515
0.305921
-0.249449
-0.561825
-2.485932
-2.420154
0.007922
-0.063339
-0.054915
-0.387391
-0.766529
-1.242912
0.103162
1.373993
0.068157
-0.113384
-0.375425
0.338777
-2.043293
-0.762745
1.070308
0.177509
-0.139442
-1.452203
-1.556383
0.433167
2.062824
1.587841
1.292574
2.209586
0.720011
1.621720
2.094447
1.591969
0.420121
0.767829
0.698713
0.107101
0.469622
0.616902
0.776614
0.420920
0.748455
0.708606
0.030315
0.125024
-0.370249
-0.051815
0.402455
-0.077716
0.608097
0.779308
-1.222881
-1.526859
-2.119327
-2.120744
-0.378213
-0.378693
-0.801452
-0.802122
-1.715204
-1.540716
1.483908
0.978634
0.445776
0.841218
0.838421
0.562072
1.242820
0.907481
0.328955
0.780641
0.802389
-0.069768
-0.320981
-0.527238
-0.061750
-0.259087
-0.219087
1.011468
0.841732
-0.343887
-0.181284
-0.218481
-0.146882
-0.687332
-0.876651
-1.688476
-1.098760
0.697594
0.519565
0.142005
0.235839
0.176513
0.088058
1.013646
0.148657
0.193514
0.357283
-0.300587
-0.707607
-2.392077
-2.208320
-0.128132
-0.189167
-0.071433
-0.341327
-0.828496
-1.378713
0.029898
1.193993
0.071734
0.007855
-0.346299
0.257792
-1.654568
-0.594808
1.081638
0.199826
-0.182409
-1.343365
-1.421785
0.500923
2.176715
1.657408
1.294289
2.336023
0.943772
1.650213
1.977422
1.324102
0.530058
0.892338
0.603254
0.213751
0.681868
0.674238
0.758966
0.480782
0.972858
0.763650
0.377385
-0.172196
0.186603
0.552141
0.317276
-0.158167
-0.196456
-0.105380
-0.218312
-0.751894
-0.551254
-0.445158
-0.554440
-0.914669
-0.744508
-0.880569
-0.895328
2.259435
2.029767
0.399501
0.368458
0.109456
0.215064
0.106485
0.013396
-0.386304
-0.435754
0.149332
0.178053
-0.331266
-0.625848
-2.465633
-2.495933
-0.009483
-0.013135
-0.027735
-0.294228
-0.678711
-1.274873
0.030346
1.353669
-0.133528
-0.294363
-0.399106
0.255024
-2.039393
-0.698404
1.103162
0.256235
-0.174974
-1.460729
-1.577860
0.345590
1.990599
1.597248
1.433712
2.284270
0.660083
1.515153
1.810453
0.916620
0.825253
1.178081
0.564318
0.145887
0.558827
0.761305
0.432905
-0.038762
0.535448
0.443653
-0.532325
-0.451344
0.325026
0.728612
-0.189853
-0.813755
-1.361987
-1.088723
-1.593903
-2.090191
-0.347735
-0.348452
-0.141431
-0.141740
-1.697778
-1.608619
1.755077
1.082000
0.518820
0.903573
1.119090
0.848967
1.301755
0.865796
0.276017
0.812787
0.794891
0.003225
-0.006159
-0.146122
0.003830
-0.288175
-0.214500
1.231805
0.910318
-0.319578
-0.226984
-0.345507
-0.179379
-0.726634
-0.918664
-1.629945
-1.095815
0.703568
0.602671
0.304633
0.238672
0.126663
0.047554
1.153887
0.186174
0.172900
0.316699
-0.323863
-0.684115
-2.412502
-2.400191
-0.160223
-0.125425
-0.058271
-0.307887
-0.784663
-1.342920
0.072615
1.231600
0.134015
0.008602
-0.391965
0.137313
-1.637641
-0.545132
1.117833
0.295142
-0.134432
-1.276374
-1.395012
0.508839
2.187819
1.672720
1.353052
2.375226
1.063648
1.758941
1.907991
1.145202
0.696503
0.974801
0.553454
0.209809
0.622143
0.589020
0.715501
0.471231
0.950724
0.748203
0.357821
-0.295417
0.057982
0.432803
0.228044
-0.125387
-0.247536
-0.202728
-0.278889
-0.693817
-0.475287
-0.394981
-0.508148
-1.019407
-0.872164
-0.943961
-0.953001
2.252027
1.966676
0.373019
0.383767
0.279616
0.193567
0.051789
0.031104
-0.286417
-0.450791
0.207345
0.238137
-0.356468
-0.643337
-2.476302
-2.417000
0.002609
-0.043416
0.009353
-0.229677
-0.765787
-1.367996
0.007761
1.446663
0.041709
-0.216558
-0.401443
0.294248
-2.062566
-0.710869
1.163175
0.323539
-0.169566
-1.472860
-1.578203
0.349011
2.178717
1.703755
1.360813
2.176074
0.597961
1.518792
1.930127
1.074767
0.692519
1.107523
0.619421
-0.074392
0.521284
0.656875
0.277341
-0.317914
0.688595
0.491095
0.248905
0.622532
1.155761
1.340996
0.015156
-1.190364
-2.073246
-0.573022
0.513627
0.176336
0.490587
0.374701
1.833719
1.107874
0.526058
0.723607
0.256990
-0.058022
-0.437125
0.007272
-0.102772
-0.084865
-0.054761
0.251782
-0.357586
-1.358350
-0.741038
0.862154
0.412846
0.386555
-0.583536
-0.948187
-0.900946
-0.568651
2.006873
0.934928
0.042549
0.127782
0.242677
0.165604
0.094617
0.022906
-0.260160
-0.482066
0.160585
0.245677
-0.391496
-0.659060
-2.384205
-2.116387
0.011298
-0.196010
-0.216078
-0.477123
-0.780861
-1.329854
0.047526
1.390988
-0.075979
-0.159561
-0.335561
0.344997
-1.915172
-0.645246
1.152182
0.121584
-0.293343
-1.471813
-1.489899
0.574000
2.050360
1.586822
1.174346
2.065024
0.551676
1.451114
2.047365
1.605331
0.731199
1.081730
0.818356
-0.050081
0.826447
0.918759
0.923232
0.925020
1.318493
0.909457
0.166883
0.531805
0.536245
0.783821
0.013043
-0.647972
-0.336443
-0.017333
0.086363
-0.374160
-0.767484
-0.730949
-0.664480
-0.628499
-0.456955
-0.482058
-0.728950
-0.738618
-0.842387
-0.838634
1.989278
1.768235
0.379066
0.348772
0.161724
0.335636
0.198032
0.022876
-0.333932
-0.435707
0.314170
0.412513
-0.402798
-0.685455
-2.336406
-2.333654
-0.017485
-0.073747
-0.003450
-0.203013
-0.616090
-1.248499
0.064889
1.425180
-0.108959
-0.269792
-0.432050
0.249713
-1.909473
-0.637534
1.136143
0.100227
-0.307954
-1.425121
-1.414749
0.597777
2.223393
1.749730
1.293835
1.395121
0.767550
1.582943
1.200170
0.305309
0.398321
0.822058
-0.179889
-0.759247
0.659274
0.775430
0.178126
-0.294746
0.032416
-0.254167
-1.953727
-1.980212
1.321532
1.421341
1.202428
0.629979
0.969168
-0.276822
0.635970
1.795717
1.458516
-0.020572
0.127818
0.371849
0.794140
1.543082
1.171363
0.305999
0.112280
-1.391370
-1.253789
-0.519655
0.451370
0.936188
1.263547
1.355385
0.816419
1.976058
0.461050
-0.375902
-1.029198
-0.033896
-0.175328
-0.509756
-0.290116
0.474007
1.545080
1.417972
1.572431
1.189475
0.308452
0.390377
-0.209933
-0.062695
0.153147
-0.171014
1.827960
1.954962
2.447049
2.098472
-0.650216
-0.742935
0.169593
-0.013178
-0.978026
-1.249091
-0.997504
-1.189077
1.117584
1.295949
0.415516
0.221562
0.159637
0.046215
-0.015876
0.017752
0.153097
0.092385
-0.599538
-0.540115
-0.429893
-0.445764
-0.510209
-0.495462
-0.688652
-0.681382
-0.723484
-0.732142
-0.550826
-0.543839
-0.647923
-0.656445
-0.814694
-0.821768
2.138311
1.923950
0.409319
0.396881
0.256557
0.200158
0.129973
0.123263
-0.191273
-0.444238
0.267187
0.309045
-0.550533
-0.869233
-2.405120
-2.288712
-0.007841
0.000421
0.073813
-0.162373
-0.709227
-1.205287
0.182970
1.392196
-0.026802
-0.213454
-0.448086
0.173380
-2.199660
-0.817328
1.070655
0.123373
-0.186472
-1.393317
-1.493635
0.531102
2.091004
1.521639
1.284701
2.128785
0.629596
1.482422
1.889743
0.649707
0.522198
0.941552
0.540334
-0.158206
0.198601
0.341101
0.392849
-0.332572
-0.060769
0.348132
-0.262067
-0.152036
0.068040
0.493722
0.149298
-2.114573
-2.157711
-0.850589
-0.964507
0.674677
0.643298
0.067157
0.366279
1.525918
1.948143
1.580686
1.376352
0.515485
0.475364
-1.110901
-1.648732
-0.284704
0.352687
0.478132
0.282225
0.516672
0.399316
1.803600
0.063314
0.087440
0.362376
0.420957
0.143365
0.165654
-0.034649
0.330994
1.662651
1.481368
0.980086
0.595427
0.634781
0.766659
-0.250976
-0.004402
0.472504
0.076613
1.990147
2.115709
2.510196
2.207765
-1.153205
-1.177967
0.406471
0.127536
-0.540774
-0.624858
-0.221975
-0.309193
0.622148
0.679295
0.263164
0.072263
0.126193
0.094930
-0.430641
-0.430991
-0.348990
-0.373106
-0.378828
-0.363423
-0.785135
-0.797000
-0.901585
-0.887114
-0.485372
-0.502084
-0.916231
-0.894180
-0.855562
-0.850159
2.121125
1.878130
0.408714
0.426613
0.137378
0.040307
0.018572
0.018802
-0.302684
-0.481993
0.220671
0.318157
-0.325595
-0.560702
-2.315067
-2.314929
-0.029376
-0.140976
-0.081851
-0.246357
-0.757100
-1.301503
0.046385
1.350739
0.002687
-0.212433
-0.435096
0.186208
-1.893157
-0.682175
1.060464
0.030280
-0.319762
-1.380132
-1.401046
0.485456
2.071956
1.582931
1.338467
2.346920
0.775431
1.549640
1.890709
1.208430
0.643732
1.006148
0.621087
-0.310843
0.606288
0.766622
0.752916
0.388064
0.996707
0.692441
-0.009368
0.503263
1.280230
1.304051
0.908944
0.578274
0.259846
0.859031
0.461967
-0.973263
1.111212
-0.739097
-1.704779
-0.061929
0.096213
0.138224
0.105724
0.101741
0.106639
0.098643
0.101762
-0.486159
-0.551301
-0.568490
-0.631991
-0.259553
-0.325888
-0.530354
-0.506746
-1.018325
-1.398716
-1.290714
-1.696735
-1.984178
-1.786950
-1.572642
-1.523161
1.144752
1.462248
1.440875
0.644228
-0.561611
0.904971
1.551634
1.698208
0.678158
0.597291
0.446544
0.979601
1.210787
0.606175
0.205098
0.303247
0.810362
0.801305
0.712360
0.788041
1.098735
1.505308
1.424885
1.375515
0.412308
0.797572
0.730278
1.185059
0.826033
0.540142
0.800368
0.448104
0.316009
0.166481
0.088954
0.140805
0.163008
0.188346
0.165456
-0.602532
-0.576921
-0.194096
-0.189923
-0.239171
-0.247095
-0.545792
-0.548160
-0.827788
-0.821218
-0.635937
-0.637696
-0.709148
-0.705905
-0.718758
-0.725544
1.839386
1.653792
0.410831
0.399851
0.250962
0.198439
0.141562
0.091410
0.074331
-0.249853
0.269769
0.345084
-0.364908
-0.731549
-2.402191
-2.251349
0.038368
-0.090948
-0.014230
-0.285298
-0.803552
-1.329602
0.076668
1.253960
-0.189046
-0.187782
-0.318956
0.295955
-1.984627
-0.640474
1.203419
0.119005
-0.196395
-1.292108
-1.374899
0.554193
2.103218
1.538488
1.326617
2.313318
0.841021
1.641221
1.888587
1.191896
0.596924
0.839405
0.444481
0.000975
0.426921
0.556181
0.756091
0.452913
0.862499
0.709879
0.365666
-0.359284
-0.004442
0.384633
0.177699
-0.010639
-0.107732
-0.137516
-0.190520
-0.873929
-0.685972
-0.432525
-0.531742
-0.874878
-0.728488
-0.972200
-0.975989
2.045822
1.811544
0.392931
0.375049
0.240144
0.356534
0.135033
0.014084
-0.005616
-0.277614
0.366066
0.340890
-0.337718
-0.643369
-2.428963
-2.366676
-0.043960
-0.011052
0.040056
-0.423296
-0.713557
-1.195968
0.085386
1.467941
0.124095
-0.096192
-0.383847
0.264968
-2.044924
-0.773138
1.150225
0.289342
-0.209003
-1.427886
-1.522738
0.447097
2.010140
1.517363
1.297842
2.207449
0.804589
1.576303
1.877657
1.265286
0.654712
1.076055
0.593528
-0.681411
0.453062
0.784049
0.944457
0.643299
1.016244
0.882785
0.275615
0.388041
0.994972
0.857606
0.521338
-0.460195
-0.392770
-0.031800
-0.175795
-0.562642
-0.305199
-0.546771
-0.642253
-0.951409
-0.804692
-0.633466
-0.657574
-0.703802
-0.716671
-0.788417
-0.791605
1.960054
1.693554
0.442956
0.462029
0.290280
0.186521
0.098964
0.081159
-0.022121
-0.378203
0.148618
0.243388
-0.439985
-0.787289
-2.466467
-2.293608
-0.004750
-0.173449
-0.083394
-0.333019
-0.814007
-1.269303
0.193752
1.404450
-0.061185
-0.113506
-0.418814
0.168006
-1.841490
-0.645134
1.171138
0.114124
-0.328420
-1.386753
-1.462014
0.434072
2.074257
1.569707
1.320065
2.369053
0.967665
1.606847
1.834440
1.216856
0.597926
0.833608
0.524727
0.028586
0.466098
0.604829
0.807146
0.472923
0.692267
0.810617
0.358705
-0.079281
0.172512
0.712115
0.328278
-0.648282
-0.648865
0.747006
0.522274
-0.474205
-0.346657
-0.685550
-0.869413
-0.915887
-0.865878
-1.705839
-1.377347
0.553290
0.553229
0.311114
0.349408
0.237284
0.110264
1.171186
0.227210
0.297164
0.242955
-0.297792
-0.584282
-2.394318
-2.282832
-0.108010
-0.071866
0.027312
-0.390970
-0.842860
-1.317191
0.089647
1.459501
0.264030
-0.063984
-0.463690
0.193180
-1.852369
-0.620833
1.075822
0.229622
-0.213189
-1.509534
-1.506738
0.552477
1.976946
1.490005
1.350094
2.309366
0.793135
1.550800
1.873118
1.316523
0.683805
1.098295
0.616165
-0.209520
0.472195
0.690729
0.685412
0.203298
0.459935
0.423623
-0.039281
0.053005
-0.336542
0.059861
0.439985
-0.063409
-0.562034
-0.351644
-1.138665
-1.430709
-2.198225
-2.201804
-0.407985
-0.408383
-0.083021
-0.083124
-1.681595
-1.593937
1.687353
1.092822
0.386573
0.825629
1.124676
0.888127
1.285806
1.008992
0.452428
0.758641
0.787731
0.000499
-0.051566
-0.102389
0.004198
-0.233117
-0.067489
1.272833
0.918445
-0.365613
-0.233751
-0.240474
-0.133969
-0.687870
-0.880710
-1.768269
-1.185438
0.759448
0.635632
0.301747
0.256419
0.111056
-0.015551
0.987489
0.268389
0.164206
0.159730
-0.331070
-0.611908
-2.312479
-2.167040
-0.063861
-0.153247
-0.052446
-0.307581
-0.692715
-1.261837
0.087918
1.383759
0.156498
-0.026404
-0.374446
0.221820
-1.820081
-0.661927
1.062633
0.048049
-0.411838
-1.473399
-1.460261
0.560901
2.033299
1.555507
1.286799
2.212833
0.897025
1.648874
1.878582
1.260935
0.589620
0.870513
0.530536
-0.156839
0.510011
0.761956
0.892418
0.472560
0.716179
0.848850
0.341161
-0.021426
0.224401
0.633244
0.271249
-0.533205
-0.577526
0.650187
0.482304
-0.536419
-0.410692
-0.743011
-0.941934
-0.976804
-0.918036
-1.843150
-1.477158
0.487741
0.476143
0.527477
0.337162
0.162413
0.102504
1.277202
0.243289
0.165373
0.191066
-0.169414
-0.463367
-2.426477
-2.353568
-0.143084
-0.171471
-0.015096
-0.311483
-0.825399
-1.336673
0.103958
1.429423
0.328860
0.077384
-0.353197
0.285212
-1.831336
-0.585752
1.102398
0.243808
-0.088372
-1.403387
-1.534141
0.500057
2.109702
1.574201
1.351628
2.212481
0.722397
1.603360
1.839481
0.941220
0.721019
1.073834
0.559741
0.079971
0.497152
0.704492
0.301307
-0.136724
0.550014
0.467380
-0.570473
-0.521785
0.214026
0.668356
-0.140015
-0.812569
-1.291804
-1.046022
-1.663926
-2.129195
-0.321600
-0.322395
-0.188547
-0.188957
-1.702659
-1.598150
1.702199
1.054845
0.500903
0.794929
1.078349
0.801506
1.214468
0.878741
0.283894
0.777042
0.793917
0.016801
-0.001625
-0.155902
-0.052233
-0.316943
-0.211063
1.206025
0.852370
-0.392106
-0.279297
-0.327011
-0.170691
-0.684382
-0.881338
-1.661585
-1.115576
0.716020
0.614675
0.311691
0.244008
0.145115
0.064677
1.135910
0.201298
0.198444
0.331473
-0.330463
-0.721855
-2.440753
-2.382940
-0.139508
-0.121474
-0.046822
-0.245011
-0.754399
-1.355342
0.123466
1.404316
0.254760
0.074089
-0.390332
0.160885
-1.648151
-0.570060
1.094651
0.254604
-0.212049
-1.352243
-1.421970
0.483205
2.157760
1.661567
1.290496
2.303273
1.001441
1.700201
1.902440
1.137231
0.623975
0.928988
0.601986
0.200655
0.637762
0.644546
0.773037
0.426287
0.677746
0.766866
0.249743
-0.150504
0.096700
0.662704
0.326518
-0.606291
-0.666998
0.630694
0.442780
-0.554029
-0.412043
-0.805807
-0.972934
-0.975274
-0.921978
-1.625441
-1.307603
0.504389
0.514409
0.420147
0.289170
0.179157
0.113328
1.226167
0.076734
0.112295
0.223832
-0.107061
-0.450439
-2.417985
-2.365109
-0.200311
-0.102229
0.058102
-0.208706
-0.779225
-1.365922
0.035862
1.388658
0.076137
-0.168914
-0.404322
0.180682
-1.943644
-0.621412
1.091868
0.255945
-0.014259
-1.327629
-1.555393
0.347520
2.188060
1.650326
1.391720
2.268666
0.623341
1.561848
1.879128
1.002523
0.613544
0.994915
0.619587
-0.051768
0.407158
0.603324
0.310236
-0.387944
0.383279
0.323003
-0.216690
-0.104116
-0.345428
-0.007857
-0.093705
-1.142314
-0.205913
0.028509
-0.769089
-1.772097
-2.299693
-2.415433
0.396157
1.169559
0.559922
0.533332
1.387422
1.346112
1.250597
1.353993
0.742353
0.417418
0.580857
0.502184
0.398302
0.437868
-0.202114
-0.154739
-0.214588
-0.336612
1.374960
1.478268
1.378575
1.321902
0.044626
0.050262
-1.192159
-0.878043
0.112861
0.127191
-0.562954
-0.156525
-0.305057
-0.403171
1.058194
-0.045951
-0.147568
0.028335
-0.304969
-0.708695
-2.578183
-2.446080
0.050852
-0.126100
-0.362251
-0.719473
-0.869749
-1.382056
-0.070291
1.115103
0.150123
0.055136
-0.348962
0.169276
-1.835464
-0.608166
1.180964
0.230946
-0.355193
-1.542886
-1.470123
0.701070
2.224393
1.622922
1.387292
2.376245
0.908062
1.647685
1.969469
1.136256
0.661266
1.070637
0.652066
-0.164826
0.386522
0.660630
0.359956
-0.317290
0.556477
0.461973
0.297998
0.609675
1.183230
1.411829
0.123831
-1.099451
-1.945755
-0.847720
0.538077
-0.042776
0.487504
0.553621
0.672041
0.678223
0.443518
0.436941
0.061593
0.046496
-0.268833
-0.298350
-0.570356
-0.569941
0.460013
0.395036
0.420179
0.430422
-1.694932
-1.681418
-2.388934
-2.397597
1.633274
1.671469
0.820806
0.811946
-0.104813
-0.109699
0.389305
0.486165
0.125974
0.073859
-0.324257
0.009702
-0.312621
-0.446925
1.034562
0.287483
-0.097538
0.025151
-0.267873
-0.581626
-2.375459
-2.345233
0.370942
0.107894
-0.257858
-0.587309
-0.945788
-1.369709
-0.107763
0.995238
0.036196
-0.158683
-0.479633
0.075847
-1.844455
-0.559301
1.146120
0.187239
-0.108153
-1.292250
-1.482884
0.464214
2.085876
1.579063
1.348615
2.311122
0.647157
1.468723
1.801674
0.936237
0.641499
1.026185
0.535948
0.024241
0.610200
0.837297
0.434315
0.004288
0.557482
0.476758
-0.469158
-0.400448
0.240831
0.806444
-0.015523
-0.695346
-1.181216
-0.868751
-1.421049
-2.068340
-0.096239
-0.566558
-0.508466
-0.243537
-1.508522
-1.222515
1.113796
0.628761
0.624942
0.109403
-0.003122
0.659385
1.614253
1.344207
0.880558
-0.114816
-1.069815
0.999101
1.370740
0.494908
0.530552
0.586989
2.031452
2.655521
0.242354
-1.314026
0.118690
0.327246
0.579784
0.889897
-1.233319
0.631319
2.112312
1.700850
-0.232319
-0.888273
-0.511719
0.274804
-0.009224
-0.447277
-0.271483
0.158133
-0.016913
-1.617477
-1.873909
-1.072584
-0.940532
-0.225890
0.560304
1.055153
-0.270400
1.326531
0.239142
-0.952790
-0.936567
-0.772129
-0.720081
-0.400994
-0.467600
-0.006517
1.028966
1.227439
1.000381
0.800363
0.559449
0.491908
-0.536707
-0.324451
0.166015
-0.181188
0.949313
1.981672
2.609686
1.402370
-0.459219
-1.432992
0.175939
-0.453034
-0.973093
-1.111688
-1.173636
-0.378330
0.610458
0.475574
-0.547591
-1.177187
-0.708944
0.085460
-0.141580
0.054847
0.172629
0.170923
0.143158
-0.148963
0.142283
-0.187306
-0.497105
-0.403381
-0.314403
-0.758645
-0.783875
-0.497985
-0.606114
-0.729239
-0.614918
-0.766216
-0.771392
-0.833907
-0.817700
2.286014
1.945632
0.483107
0.513812
0.462907
0.353929
0.166917
0.082318
-0.257151
-0.505941
0.229634
0.391784
-0.413098
-0.750543
-2.380509
-2.250011
0.047208
-0.104978
-0.118568
-0.269069
-0.626180
-1.222618
0.061044
1.331645
-0.207745
-0.241277
-0.310819
0.299254
-1.833173
-0.659964
1.064855
0.080197
-0.261923
-1.433110
-1.471489
0.430079
2.100229
1.592410
1.336052
2.304233
0.603410
1.479455
1.848937
1.002654
0.641491
1.051662
0.761017
0.279648
0.729334
0.619167
0.488424
0.185569
0.928382
0.412146
-0.057200
0.167190
0.360413
1.260076
-0.101883
-0.869634
0.393435
-1.040096
-0.870416
-1.288305
-1.372463
0.649019
0.745118
-0.056808
-0.112221
1.104503
1.657560
1.179049
1.017119
0.381972
0.544912
-1.167806
-2.031131
-1.029197
-0.152087
0.311532
0.184360
0.260516
0.875001
2.007251
-0.200545
-0.677465
0.054582
0.507844
0.144771
0.018418
-0.538742
0.129116
1.614238
1.479500
0.930491
0.579320
0.370618
0.463750
-0.325100
-0.098333
0.344196
-0.063776
2.303363
2.430376
2.501019
2.193293
-0.985879
-1.169591
0.295608
0.155363
-0.665975
-0.789349
-0.238922
-0.319305
0.648609
0.665587
0.158438
-0.003471
0.205839
0.189712
-0.523476
-0.547484
-0.357807
-0.381909
-0.320576
-0.307799
-0.715293
-0.731304
-0.903323
-0.883041
-0.500702
-0.515464
-0.827384
-0.807914
-0.870574
-0.870589
2.093697
1.862185
0.408014
0.397610
0.186415
0.248018
0.115614
0.030072
-0.235488
-0.473973
0.263172
0.410824
-0.350667
-0.715869
-2.427822
-2.305578
0.008415
-0.085230
-0.056067
-0.176167
-0.698962
-1.271621
0.140683
1.424114
0.005669
-0.168238
-0.341131
0.275501
-2.055910
-0.784386
1.021524
0.056881
-0.324247
-1.403998
-1.407937
0.537981
2.214780
1.580166
1.253445
2.245045
0.747328
1.539799
1.858858
1.311547
0.762577
1.027346
0.654737
-0.212871
0.632469
0.752256
0.607555
0.169486
0.836355
0.698452
-0.017392
0.144266
0.602717
0.871997
0.988584
0.554775
-0.142455
0.108052
-0.191899
-0.706386
-0.492836
-0.509574
1.512204
1.565845
-0.570531
-0.610367
-1.723195
-0.999446
-2.086494
-0.907990
0.016626
-0.567096
0.818166
0.536238
0.270209
0.039507
1.102557
0.229266
-0.712154
0.152119
0.017442
0.211294
0.176688
-0.325871
-0.609548
-2.424498
-2.734881
-0.254059
-0.123283
-0.094970
-0.464404
-0.897124
-1.150981
0.148876
1.078004
0.071189
-0.018823
-0.423765
-0.036841
-2.029712
-0.798387
1.022990
-0.092282
-0.307204
-1.314459
-1.430569
0.514111
2.254428
1.664870
1.278355
2.238468
0.824958
1.573659
1.924638
1.289962
0.538869
0.971854
0.556875
-0.296794
0.456663
0.648260
0.793455
0.542766
0.981004
0.725852
0.324123
0.462689
0.046466
0.464537
0.272441
-0.107828
-0.149047
0.087958
-0.238281
-0.468214
-0.604892
-0.586471
-0.552244
-0.579736
-0.748354
-0.706132
-0.954047
-0.953812
2.158193
1.958922
0.427083
0.399547
0.220949
0.362405
0.156631
-0.022314
-0.460744
-0.430416
0.329713
0.356319
-0.356405
-0.709037
-2.488626
-2.349509
0.011494
0.012898
0.048621
-0.495450
-0.858700
-1.272551
0.126325
1.567536
0.096276
-0.197249
-0.399080
0.386074
-1.924527
-0.725828
1.065212
0.179289
-0.105959
-1.355159
-1.443399
0.580408
2.033139
1.516067
1.309262
2.202996
0.721681
1.550444
1.834227
1.149920
0.648347
1.101470
0.657348
-0.353967
0.437543
0.699539
0.870298
0.126251
0.605419
0.779682
0.224805
0.066680
0.562035
0.743908
0.461909
0.636833
0.697791
0.037124
-0.069595
-0.514323
-0.336225
-0.499545
-0.562399
0.595794
0.736404
-0.517264
-0.538254
-0.867315
-0.871708
-0.919731
-0.923222
-1.791650
-1.414817
0.556540
0.564524
0.365077
0.359012
0.166401
0.078358
1.194278
0.237615
0.191440
0.262355
-0.282789
-0.629629
-2.452657
-2.411272
-0.269574
-0.329174
-0.124692
-0.304473
-0.879950
-1.465421
0.102917
1.450335
0.184221
-0.002517
-0.375737
0.232550
-1.716846
-0.572331
1.079091
0.025325
-0.354623
-1.345046
-1.449393
0.371924
2.079932
1.568705
1.260093
2.265339
0.913116
1.613639
1.922403
1.317164
0.656818
0.917560
0.582068
0.127539
0.669963
0.708110
0.796355
0.675201
1.066402
0.770025
0.387565
-0.216573
0.129205
0.540323
0.288947
-0.062616
-0.076821
-0.181717
-0.284189
-0.743405
-0.549566
-0.426216
-0.521211
-0.901384
-0.764962
-0.979099
-0.988597
2.207192
2.033527
0.447803
0.403580
0.283505
0.258886
0.111484
0.045557
-0.309710
-0.321329
0.380791
0.264154
-0.385354
-0.608480
-2.445183
-2.399106
-0.043112
-0.060435
-0.028893
-0.382143
-0.746011
-1.219677
0.075259
1.356988
-0.030151
-0.186600
-0.371918
0.325589
-1.992119
-0.747044
1.145379
0.327906
0.001910
-1.383407
-1.548955
0.574092
2.025485
1.524430
1.324154
2.251018
0.721620
1.540252
1.922270
1.364114
0.457425
0.841859
0.719240
0.102928
0.395253
0.526944
0.631920
0.298580
0.761555
0.697357
0.005298
0.105714
-0.439291
-0.093992
0.415385
-0.092941
0.578534
0.750959
-1.226741
-1.526496
-2.263807
-2.265385
-0.356026
-0.356547
-0.777140
-0.777774
-1.709226
-1.456755
1.559516
0.959674
0.500823
0.977238
1.011002
0.693279
1.282650
0.998439
0.430887
0.842259
0.883300
-0.025463
-0.313196
-0.526091
-0.037155
-0.237384
-0.161026
1.012169
0.774513
-0.312665
-0.130423
-0.168497
-0.126089
-0.696729
-0.882144
-1.702515
-1.202256
0.744187
0.622864
0.242176
0.303439
0.205537
0.062745
0.910021
0.095569
0.161595
0.309695
-0.303065
-0.677855
-2.398616
-2.298133
-0.238765
-0.221205
-0.067287
-0.305965
-0.741828
-1.335713
0.076263
1.390149
0.190556
0.021676
-0.372972
0.288364
-1.835032
-0.713257
1.047288
0.089428
-0.317674
-1.435504
-1.429693
0.510450
2.139723
1.636791
1.231746
2.153213
0.764377
1.574106
1.907964
1.343225
0.727182
0.971317
0.593884
0.146465
0.638239
0.697662
0.836572
0.607448
0.961825
0.772425
0.385594
-0.276595
0.085893
0.509425
0.261713
-0.202022
-0.247529
-0.023704
-0.090885
-0.701333
-0.510471
-0.436863
-0.548308
-0.911179
-0.771799
-0.948754
-0.955936
2.265312
1.989217
0.452215
0.446651
0.219336
0.324796
0.183747
0.014925
-0.501067
-0.500663
0.231647
0.236100
-0.368703
-0.612062
-2.465195
-2.580333
-0.135425
-0.058206
-0.055022
-0.473818
-0.781275
-1.272936
0.040905
1.412678
-0.145836
-0.332370
-0.359656
0.412969
-1.949689
-0.653311
1.088831
0.215903
-0.074869
-1.360162
-1.503132
0.414693
2.114134
1.652812
1.418562
2.237336
0.661364
1.536933
1.785614
0.869380
0.736547
1.101290
0.509254
0.073392
0.495505
0.680216
0.341542
-0.078517
0.577417
0.472097
-0.575501
-0.496715
0.299371
0.700227
-0.194653
-0.825584
-1.338549
-1.092722
-1.716717
-2.174577
-0.297724
-0.298578
-0.173725
-0.174107
-1.683829
-1.614471
1.691172
1.058161
0.532259
0.892522
1.135483
0.840536
1.256328
0.853416
0.277986
0.806996
0.798101
0.023334
-0.006223
-0.139762
0.028391
-0.253897
-0.193515
1.221096
0.894975
-0.319309
-0.216296
-0.379594
-0.204997
-0.720738
-0.913347
-1.634353
-1.118826
0.707004
0.606176
0.287008
0.241694
0.145881
0.106550
1.280621
0.199140
0.195787
0.324797
-0.328773
-0.713118
-2.442258
-2.424785
-0.170862
-0.132319
-0.062287
-0.265085
-0.767212
-1.357888
0.112384
1.374864
0.207124
0.057163
-0.359482
0.198262
-1.681569
-0.559272
1.100645
0.199751
-0.194270
-1.323875
-1.441633
0.446667
2.176373
1.699451
1.285324
2.263229
0.953205
1.668761
1.937202
1.199221
0.625916
0.949103
0.599518
0.220312
0.695857
0.608134
0.686861
0.576329
1.006013
0.725438
0.353724
-0.249266
0.091819
0.451148
0.215567
-0.150624
-0.225837
-0.113203
-0.180723
-0.618664
-0.434680
-0.367798
-0.472288
-0.946019
-0.805551
-0.976507
-0.986132
2.271233
2.001146
0.426254
0.428153
0.292549
0.250502
0.106361
0.016836
-0.348990
-0.550664
0.207663
0.284731
-0.341445
-0.632561
-2.469829
-2.422526
-0.074052
-0.034993
0.040602
-0.267244
-0.777182
-1.309698
0.028721
1.417693
-0.015897
-0.226185
-0.383474
0.256242
-2.106762
-0.797366
1.108284
0.317149
-0.083879
-1.428814
-1.514675
0.515402
2.056383
1.564993
1.360884
2.233950
0.525730
1.521293
1.883029
0.945661
0.752214
1.132046
0.564431
-0.144634
0.478278
0.640243
0.286560
-0.306714
0.692805
0.514196
0.267463
0.605557
1.198583
1.369783
-0.000764
-1.317145
-2.166292
-0.721217
0.467403
0.168837
0.418419
0.305299
1.738025
1.115276
0.609818
0.733544
0.279845
-0.018585
-0.471014
-0.061238
-0.026308
0.024406
-0.056934
0.159341
-0.400973
-1.395371
-0.770700
0.846990
0.420242
0.451479
-0.549220
-1.022991
-0.929176
-0.587816
2.147757
1.062544
0.117353
0.193362
0.295288
0.200376
0.101846
0.064260
-0.131836
-0.401921
0.212307
0.338819
-0.376804
-0.722399
-2.387833
-2.141455
0.021475
-0.167009
-0.195324
-0.404053
-0.629499
-1.201957
0.072430
1.280901
-0.065661
-0.160493
-0.355748
0.223115
-1.927317
-0.665620
1.068507
0.091019
-0.235847
-1.412953
-1.495121
0.443628
2.139409
1.632693
1.313840
2.253425
0.875827
1.630821
1.894953
1.098002
0.549862
1.040244
0.684555
-0.315871
0.767952
0.883944
0.879600
0.797872
1.234604
0.818986
0.152206
0.561709
0.559392
0.776488
0.007226
-0.665387
-0.372291
-0.058317
-0.019102
-0.432127
-0.755213
-0.742508
-0.635729
-0.573650
-0.483436
-0.518422
-0.638318
-0.633795
-0.834617
-0.834831
2.069713
1.815824
0.377790
0.353299
0.191720
0.383925
0.190310
-0.040533
-0.405907
-0.407199
0.316021
0.362636
-0.414682
-0.623722
-2.263521
-2.337841
0.014491
-0.104081
-0.020378
-0.196975
-0.636633
-1.190180
0.081634
1.394126
-0.179815
-0.299130
-0.406628
0.240021
-1.881919
-0.652233
1.117461
0.155942
-0.306124
-1.450039
-1.458390
0.485748
2.179713
1.676140
1.249983
1.410272
0.754403
1.613399
1.297556
0.333068
0.362631
0.855644
-0.228033
-0.706590
0.863605
0.780114
0.201040
-0.128054
0.229885
-0.284995
-2.064784
-1.954800
1.560915
1.564467
1.273434
0.647294
1.006592
-0.363847
0.598810
1.667572
1.257304
0.091253
0.035026
0.154167
0.381079
1.263673
1.151992
0.253600
-0.229040
-1.398240
-1.309882
-0.649928
0.361790
0.739265
1.034218
1.181228
0.642049
1.989002
0.599977
-0.217444
-0.853347
0.121928
-0.163234
-0.538721
-0.126320
0.622219
1.434274
1.234665
0.791511
0.447381
0.641186
0.795196
-0.556978
-0.323586
0.114053
-0.292145
2.150609
2.265847
1.931956
1.591155
-1.077524
-1.261953
0.269142
0.144865
-1.160001
-1.403208
-1.028777
-1.195543
0.997425
1.138084
0.328624
0.137675
-0.094031
-0.191596
-0.001201
0.028985
0.249480
0.192118
-0.710572
-0.659140
-0.352303
-0.365179
-0.448713
-0.436161
-0.778819
-0.775686
-0.722658
-0.723781
-0.597458
-0.593006
-0.688951
-0.694018
-0.842953
-0.848031
2.091196
1.856798
0.385198
0.386056
0.231738
0.282509
0.200788
0.068507
-0.402611
-0.369186
0.419198
0.434932
-0.375035
-0.719040
-2.457040
-2.296785
0.056218
-0.077836
-0.058237
-0.262254
-0.750827
-1.308603
0.035191
1.281085
-0.029594
-0.201154
-0.468727
0.132913
-2.034067
-0.769631
1.095645
0.165722
-0.117372
-1.299295
-1.446786
0.561514
2.208451
1.610652
1.327245
2.040700
0.750149
1.639202
1.926906
0.625046
0.532780
1.084372
0.597451
-0.207427
0.145449
0.352663
0.458894
-0.336017
-0.015615
0.346121
-0.376394
-0.269893
0.073383
0.538259
-0.000363
-2.182990
-2.119794
-0.639260
-0.826082
0.638047
0.646939
0.030903
0.285439
1.512816
1.916306
1.534118
1.287716
0.483299
0.545407
-1.001665
-1.636198
-0.316276
0.346047
0.443559
0.155401
0.469225
0.389497
1.803227
0.155503
0.160504
0.346829
0.372191
0.283107
0.347359
-0.167774
0.149502
1.677219
1.497253
0.951516
0.602606
0.375187
0.468830
-0.354661
-0.114486
0.339467
-0.075812
2.294373
2.428033
2.600430
2.298798
-1.039865
-1.219120
0.282610
0.139070
-0.646361
-0.768779
-0.242506
-0.323204
0.493998
0.519626
0.170575
0.005859
0.206996
0.190725
-0.440340
-0.464071
-0.243323
-0.268900
-0.410720
-0.396426
-0.791827
-0.807585
-0.912731
-0.892051
-0.489051
-0.503794
-0.891995
-0.872288
-0.839806
-0.839871
2.093462
1.874184
0.347897
0.327035
0.127229
0.198337
0.138873
0.092016
-0.161467
-0.382840
0.257432
0.326840
-0.416922
-0.705425
-2.414825
-2.277491
-0.047996
-0.220124
-0.132768
-0.170319
-0.622530
-1.243596
0.079450
1.300080
-0.088045
-0.188295
-0.367640
0.312308
-1.941398
-0.735198
1.143288
0.220054
-0.239358
-1.364231
-1.499344
0.386230
2.084546
1.556888
1.301179
2.324154
0.891596
1.610639
1.871785
1.164555
0.629716
1.019478
0.669991
-0.199003
0.559100
0.725413
0.749610
0.299883
0.956629
0.748001
0.157902
0.755791
1.387427
1.399857
1.050102
0.811577
0.376158
0.890151
0.531814
-0.748921
0.956360
0.048108
-0.993281
-0.176163
-0.009083
0.154667
0.120754
0.209513
0.212306
0.169619
0.162806
-0.450038
-0.488092
-0.558726
-0.581388
-0.161457
-0.323898
-0.518508
-0.511683
-0.901465
-1.195833
-1.300868
-1.582729
-1.771981
-1.897896
-1.629273
-1.565423
1.190629
1.497301
1.463559
0.708997
-0.654805
0.724061
1.583033
1.611476
0.439070
0.621572
0.461472
1.042778
1.299203
0.588734
0.196015
0.301701
0.782961
0.752336
0.722007
0.801153
1.081485
1.488730
1.410348
1.358851
0.445107
0.873309
0.912342
1.442824
1.027158
0.152676
0.606498
0.412542
0.262544
-0.105862
-0.225239
0.019294
0.082555
0.184630
0.142543
-0.678860
-0.623608
-0.307503
-0.300806
-0.244442
-0.255813
-0.699003
-0.704089
-0.852155
-0.838974
-0.617933
-0.624286
-0.793632
-0.783908
-0.787660
-0.794256
1.878654
1.651662
0.469677
0.497224
0.385176
0.341488
0.120526
0.033372
0.134901
-0.248707
0.296392
0.395671
-0.381502
-0.750371
-2.335889
-2.103471
0.064325
-0.213001
-0.149901
-0.279620
-0.736188
-1.399201
0.010114
1.409718
-0.101888
-0.220166
-0.401583
0.175638
-1.930319
-0.676236
1.144107
0.180935
-0.098359
-1.218421
-1.443893
0.383362
2.146142
1.586797
1.214218
2.194004
0.871560
1.591241
1.934391
1.387074
0.623199
0.916841
0.575829
-0.033152
0.465268
0.678315
0.848935
0.690634
1.077063
0.773297
0.395513
-0.256516
0.147255
0.490839
0.227156
-0.115915
-0.146520
-0.055089
-0.154994
-0.913119
-0.631661
-0.426581
-0.554006
-0.959067
-0.803734
-0.953446
-0.968434
2.052516
1.830079
0.378234
0.371462
0.258184
0.352292
0.138821
0.012838
-0.025855
-0.258631
0.334369
0.334703
-0.341066
-0.688113
-2.463959
-2.293561
0.053187
-0.067668
-0.054879
-0.403613
-0.779025
-1.274817
0.054934
1.392055
-0.037313
-0.248242
-0.441921
0.249974
-2.082486
-0.784141
1.055576
0.203205
-0.174813
-1.466399
-1.466321
0.596582
2.057255
1.504337
1.257197
2.206550
0.697432
1.476302
1.872325
1.339106
0.696700
1.080860
0.636191
-0.314603
0.376030
0.663410
0.885435
0.482121
0.967711
0.780266
0.111384
0.183325
0.771870
0.794865
0.506699
-0.440589
-0.413422
-0.054231
-0.164840
-0.488476
-0.297906
-0.604116
-0.676181
-0.916266
-0.788739
-0.566289
-0.573932
-0.644526
-0.654792
-0.796078
-0.801497
1.873123
1.628715
0.474668
0.481051
0.289123
0.314322
0.132511
0.041561
0.040331
-0.306777
0.240920
0.316287
-0.406822
-0.749907
-2.413405
-2.372473
-0.092941
-0.190571
-0.137107
-0.326536
-0.763017
-1.356579
0.092992
1.451006
-0.040453
-0.160602
-0.378932
0.229358
-1.843424
-0.657885
1.089710
0.042912
-0.354623
-1.345046
-1.450635
0.375102
2.079932
1.568705
1.261710
2.269841
0.913116
1.613639
1.918845
1.307260
0.656818
0.917560
0.584259
0.089163
0.637956
0.712204
0.790766
0.430495
0.723896
0.840643
0.311977
-0.051885
0.197138
0.635689
0.276564
-0.649236
-0.672349
0.683266
0.464278
-0.516852
-0.399854
-0.777823
-0.939633
-0.946354
-0.893491
-1.702507
-1.351057
0.479637
0.466622
0.327887
0.171352
0.047466
0.069248
1.437412
0.246912
0.223961
0.323104
-0.149907
-0.517816
-2.439319
-2.291552
-0.126472
-0.209542
-0.075625
-0.424452
-0.896394
-1.352421
0.096994
1.489413
0.275309
-0.077839
-0.402059
0.333016
-1.863057
-0.630763
1.090886
0.235808
-0.300192
-1.525906
-1.472216
0.537857
2.110178
1.571715
1.323559
2.353056
0.874103
1.625252
2.048585
1.473244
0.622085
1.085362
0.725787
0.006905
0.461047
0.652930
0.740027
0.331820
0.425531
0.375826
0.021369
0.131620
-0.338602
0.025821
0.410694
-0.067140
-0.570527
-0.330040
-1.147239
-1.467629
-2.178019
-2.181581
-0.460557
-0.460844
-0.090458
-0.090569
-1.653447
-1.507214
1.713342
1.110189
0.420082
0.808504
1.059410
0.825828
1.249267
0.974220
0.410326
0.718491
0.741138
-0.089835
-0.114761
-0.189286
-0.084547
-0.364428
-0.225449
1.166030
0.848986
-0.401936
-0.270017
-0.328607
-0.215360
-0.732525
-0.928649
-1.666503
-1.152875
0.666270
0.596848
0.413035
0.270776
0.148176
0.099445
1.280005
0.233124
0.210181
0.313215
-0.256752
-0.603196
-2.377646
-2.230835
-0.059281
-0.164968
-0.068502
-0.197570
-0.699089
-1.317950
0.103675
1.411885
0.266349
0.061175
-0.382000
0.236268
-1.728422
-0.606975
1.075521
0.149171
-0.217247
-1.366434
-1.469095
0.412789
2.195576
1.712138
1.260454
2.166722
0.829233
1.574803
1.870513
1.121106
0.624388
0.980864
0.588847
-0.021561
0.561817
0.737746
0.857326
0.501557
0.776981
0.962404
0.425546
-0.030363
0.244996
0.689153
0.338755
-0.595459
-0.638263
0.646327
0.466630
-0.592462
-0.493172
-0.792255
-0.974284
-0.976470
-0.912246
-1.636418
-1.327566
0.500817
0.525617
0.550994
0.333909
0.178238
0.172367
1.586192
0.261342
0.161698
0.201066
-0.220839
-0.593936
-2.507089
-2.306758
-0.076729
-0.162658
-0.004304
-0.244004
-0.788698
-1.317451
0.120085
1.514986
0.360334
0.067223
-0.332162
0.198329
-1.960553
-0.688355
1.014712
0.179798
-0.209440
-1.467733
-1.522242
0.474204
2.105776
1.532037
1.291605
2.207828
0.586895
1.481828
1.828255
0.927249
0.799184
1.150677
0.597844
0.142925
0.658922
0.833547
0.388836
-0.070630
0.674058
0.562601
-0.612969
-0.546894
0.317513
0.728480
-0.171353
-0.811651
-1.322940
-1.045958
-1.646911
-2.152621
-0.350069
-0.350776
-0.146306
-0.146628
-1.740342
-1.632289
1.721934
1.055954
0.505289
0.876857
1.090030
0.717115
1.203406
0.871773
0.267554
0.778716
0.794376
0.023389
-0.001605
-0.167453
-0.035621
-0.301205
-0.209216
1.202744
0.879543
-0.320922
-0.229277
-0.353157
-0.174117
-0.686046
-0.880059
-1.647179
-1.101032
0.698950
0.596449
0.319369
0.250137
0.149098
0.057800
1.142332
0.190122
0.170471
0.289219
-0.354888
-0.699974
-2.410801
-2.372273
-0.145664
-0.138566
-0.072280
-0.287493
-0.767032
-1.361501
0.104858
1.393781
0.212165
0.059690
-0.346781
0.227434
-1.668156
-0.561121
1.096059
0.219135
-0.193554
-1.338554
-1.431317
0.452915
2.185277
1.691894
1.287865
2.243737
0.941218
1.681300
1.948408
1.230556
0.627427
0.945232
0.603152
0.187577
0.693454
0.636502
0.718046
0.484661
0.755871
0.808862
0.288364
-0.117987
0.125788
0.669205
0.317976
-0.683887
-0.730798
0.600961
0.447407
-0.578194
-0.465487
-0.877870
-1.056139
-1.008584
-0.952655
-1.673380
-1.354520
0.479456
0.498498
0.468581
0.277150
0.133041
0.122040
1.379863
0.148175
0.159393
0.252064
-0.149164
-0.539006
-2.505274
-2.396036
-0.221835
-0.130448
0.055398
-0.268041
-0.783173
-1.309974
0.136982
1.552728
0.202275
-0.122078
-0.403808
0.279415
-1.900889
-0.582134
1.177991
0.338397
-0.107864
-1.435619
-1.543013
0.400395
2.111304
1.581601
1.339960
2.261172
0.721630
1.596431
1.839383
0.891261
0.613456
1.006757
0.685975
0.108510
0.369186
0.548560
0.309814
-0.404666
0.322038
0.278548
-0.230129
-0.136436
-0.371008
-0.026173
-0.113367
-1.175457
-0.201702
0.111906
-0.567441
-1.767774
-2.277562
-2.331998
0.461534
1.089722
0.563341
0.498185
1.127173
1.191144
1.305333
1.339747
0.624606
0.417566
0.633600
0.560324
0.448533
0.480916
-0.179330
-0.186888
-0.327148
-0.356519
1.392283
1.442878
1.299216
1.306500
-0.012253
-0.009872
-1.212587
-0.875449
0.092028
0.088135
-0.534131
-0.060596
-0.272492
-0.421872
0.997301
0.028789
-0.072010
0.044294
-0.298206
-0.704018
-2.599837
-2.559216
-0.008049
-0.129382
-0.310260
-0.660120
-0.889452
-1.372087
-0.134080
0.987140
0.096549
-0.020597
-0.396071
0.156674
-1.861694
-0.629523
1.070265
0.001700
-0.322785
-1.450490
-1.462768
0.619675
2.237395
1.652006
1.349672
2.270073
0.798543
1.556410
1.886370
1.067233
0.628020
1.038841
0.651778
-0.177457
0.468947
0.739799
0.339319
-0.360661
0.584219
0.474788
0.295697
0.616610
1.186728
1.391115
0.172876
-0.991567
-2.102891
-0.887596
0.561719
-0.046254
0.450403
0.489679
0.612462
0.628458
0.445877
0.442808
-0.001203
-0.024884
-0.302054
-0.318475
-0.541722
-0.545961
0.530951
0.467191
0.418117
0.426660
-1.651619
-1.641476
-2.332932
-2.334179
1.667351
1.715993
0.877828
0.862512
-0.094106
-0.098954
0.454617
0.558674
0.058459
-0.000077
-0.306372
0.051846
-0.228591
-0.407894
0.964682
0.266061
-0.036608
0.123742
-0.327744
-0.659925
-2.393408
-2.382366
0.304000
0.138745
-0.220493
-0.685593
-0.866979
-1.257681
-0.047513
1.060722
0.121661
-0.041842
-0.441450
0.004777
-1.793200
-0.548092
1.128032
0.163900
-0.176509
-1.283851
-1.416665
0.538801
2.106449
1.603995
1.380192
2.310050
0.812606
1.589443
1.842988
1.003827
0.737477
1.082497
0.513952
0.034482
0.615448
0.816284
0.395928
-0.039628
0.527102
0.421946
-0.484439
-0.403249
0.253812
0.764247
-0.144504
-0.766781
-1.138073
-0.856324
-1.445615
-2.077737
-0.173395
-0.552001
-0.411257
-0.185595
-1.429163
-1.211928
1.115410
0.642173
0.669235
0.236158
0.088319
0.665404
1.633416
1.427669
0.922990
-0.146804
-1.072211
0.969240
1.279012
0.517309
0.650812
0.816674
2.157787
2.659657
0.258462
-1.342514
0.105221
0.316207
0.545777
0.917030
-1.187798
0.740633
2.232016
1.514301
-0.149404
-0.648706
-0.378476
0.373241
0.001594
-0.522779
-0.325787
0.152267
0.019731
-1.585101
-1.899915
-1.095076
-0.676227
0.009577
0.543407
0.961077
-0.371212
1.308696
0.415317
-0.746735
-0.877058
-0.633364
-0.621671
-0.328070
-0.496647
0.021015
1.034528
1.202237
1.056178
0.766804
0.531348
0.577590
-0.694492
-0.535634
0.235851
0.090089
1.229141
2.069376
2.463557
1.167663
-0.593685
-1.409314
-0.009171
-0.702840
-1.094084
-1.064047
-0.887708
-0.380891
0.435095
0.400708
-0.571406
-1.246354
-0.747228
0.096698
-0.138020
0.212816
0.306273
0.193160
0.186527
-0.024588
0.248059
-0.095985
-0.403543
-0.301614
-0.210650
-0.642901
-0.678282
-0.508406
-0.623211
-0.743532
-0.608824
-0.741218
-0.750544
-0.828110
-0.812651
2.290692
1.938360
0.372576
0.404772
0.365473
0.311282
0.149493
0.062058
-0.303547
-0.490432
0.157310
0.335546
-0.405780
-0.772124
-2.410194
-2.240607
0.038844
-0.120494
-0.093307
-0.332761
-0.772797
-1.255679
0.117328
1.320374
-0.153596
-0.200386
-0.404299
0.118094
-2.072201
-0.757402
1.049947
0.063194
-0.359347
-1.496949
-1.475672
0.490472
2.165165
1.579270
1.315382
2.292198
0.662284
1.561480
1.847104
0.958707
0.644835
1.079568
0.870038
0.272451
0.601633
0.605701
0.482723
0.160742
0.937774
0.406912
-0.153329
-0.025482
0.473141
1.330228
-0.141457
-0.892371
0.343806
-1.086807
-0.942636
-1.269047
-1.369907
0.445804
0.729771
-0.054943
-0.153423
1.062210
1.618101
1.169761
1.016351
0.318862
0.492735
-1.137603
-1.993026
-1.026699
-0.133328
0.409420
0.254553
0.277842
0.706107
1.975960
0.015025
-0.429262
0.042814
0.519415
-0.033481
-0.202054
-0.572205
0.083134
1.376104
1.256183
0.872227
0.528073
0.309759
0.406548
-0.429198
-0.219496
0.419660
-0.001802
2.175547
2.299719
2.466633
2.143736
-0.979442
-1.279026
0.189173
0.148884
-0.813921
-1.029898
-0.314472
-0.363767
0.417231
0.443015
0.211967
0.043048
0.110049
0.094245
-0.462534
-0.490177
-0.227862
-0.261189
-0.364163
-0.340322
-0.765327
-0.765032
-0.721396
-0.727853
-0.495219
-0.508764
-0.866177
-0.848255
-0.775523
-0.777761
2.107382
1.873256
0.403060
0.403794
0.175100
0.238629
0.144048
0.038961
-0.300074
-0.401517
0.194883
0.301897
-0.330216
-0.727601
-2.501584
-2.307434
0.017057
-0.072508
-0.048926
-0.303843
-0.749209
-1.284582
0.092841
1.323043
-0.112066
-0.215355
-0.351053
0.232077
-1.951317
-0.633918
1.107067
0.087717
-0.247309
-1.428169
-1.509003
0.393358
1.934083
1.455878
1.321256
2.338446
0.945236
1.685410
1.953197
1.380637
0.584062
0.921199
0.624082
-0.299017
0.529362
0.644027
0.533215
0.065808
0.741677
0.666341
-0.029532
0.179215
0.490657
0.752906
0.992810
0.527952
-0.172657
0.054666
-0.250778
-0.751601
-0.458931
-0.451309
1.498252
1.578550
-0.548695
-0.639152
-1.823091
-0.920239
-2.082142
-0.918031
-0.002445
-0.631039
0.935838
0.615872
0.346397
0.133142
1.022178
0.192094
-0.809096
-0.170064
-0.033816
0.173269
0.068488
-0.473710
-0.661074
-2.348522
-2.667451
-0.124647
-0.056494
-0.112654
-0.412987
-0.810470
-1.176939
-0.006356
0.924286
-0.027859
-0.032001
-0.313072
0.011402
-1.797311
-0.562727
1.162776
0.141128
-0.218706
-1.299926
-1.489475
0.390692
2.025084
1.591815
1.335555
2.262119
0.904898
1.666512
2.013637
1.514145
0.625393
1.024352
0.619909
-0.215740
0.626941
0.738609
0.751262
0.460474
0.969489
0.799013
0.449072
0.526336
0.165240
0.570950
0.242670
-0.109342
-0.121461
0.106979
-0.159373
-0.395038
-0.577639
-0.564075
-0.543111
-0.556024
-0.758026
-0.738017
-0.967327
-0.965973
2.202252
1.989979
0.392697
0.392620
0.243205
0.328052
0.161626
0.061502
-0.157404
-0.431531
0.279305
0.316869
-0.344436
-0.676215
-2.524340
-2.491613
-0.062986
-0.025621
0.010874
-0.404007
-0.674422
-1.221185
0.040603
1.456319
-0.029028
-0.187377
-0.344827
0.318963
-1.942852
-0.718500
1.036718
0.151222
-0.253873
-1.489185
-1.508097
0.468283
2.024704
1.573590
1.346839
2.279525
0.673555
1.497510
1.903166
1.308567
0.649540
1.055563
0.662948
-0.288045
0.371131
0.604007
0.830154
0.136316
0.606905
0.798819
0.270709
0.080329
0.485069
0.727675
0.488145
0.606632
0.686221
0.076076
-0.058005
-0.531451
-0.338928
-0.531053
-0.591011
0.533157
0.653319
-0.572939
-0.592187
-0.891804
-0.902169
-0.919319
-0.922395
-1.886038
-1.481932
0.573425
0.586928
0.355541
0.340597
0.180410
0.064392
1.123537
0.143276
0.135863
0.273046
-0.331898
-0.678243
-2.483839
-2.561939
-0.315083
-0.290936
-0.114266
-0.210862
-0.883858
-1.472029
0.115789
1.369916
0.190611
0.012716
-0.409021
0.201909
-1.814451
-0.618891
1.136023
0.175744
-0.213992
-1.323065
-1.448782
0.406880
2.148804
1.678349
1.337770
2.233844
0.943085
1.678978
1.934340
1.298091
0.684947
0.973526
0.593528
0.159307
0.630252
0.582300
0.685422
0.630819
1.000027
0.668484
0.325226
-0.205444
0.146110
0.500850
0.246173
-0.105395
-0.159768
-0.115302
-0.191191
-0.723686
-0.543444
-0.423753
-0.524228
-0.961746
-0.809583
-0.979778
-0.991718
2.236226
2.012901
0.361586
0.332418
0.213725
0.298706
0.186188
0.078166
-0.208952
-0.411513
0.313160
0.359510
-0.343105
-0.645909
-2.473396
-2.545588
-0.121258
-0.087730
-0.045251
-0.424277
-0.723515
-1.248630
0.000211
1.436261
0.083165
-0.152769
-0.326529
0.315585
-2.083896
-0.743083
1.119684
0.290882
-0.186872
-1.478155
-1.540500
0.475927
2.113695
1.553085
1.290346
2.178713
0.613309
1.551498
1.941868
1.229268
0.365566
0.817742
0.744015
0.050363
0.378280
0.546527
0.805479
0.519751
0.742121
0.655795
-0.041641
0.072684
-0.423502
-0.107968
0.449373
-0.028652
0.503398
0.696287
-1.176509
-1.492792
-2.224326
-2.225828
-0.373740
-0.374222
-0.856974
-0.857673
-1.758570
-1.636537
1.460110
0.962918
0.406123
0.709251
0.761179
0.605792
1.222224
0.921047
0.358531
0.773315
0.754756
-0.108815
-0.344849
-0.503914
-0.026133
-0.228316
-0.213159
0.942220
0.782048
-0.352686
-0.177759
-0.209934
-0.158417
-0.713279
-0.896397
-1.749088
-1.174978
0.730195
0.629275
0.369274
0.242572
0.149385
0.056857
0.979433
0.101371
0.169920
0.271262
-0.334237
-0.651077
-2.375258
-2.158424
-0.056240
-0.194863
-0.089584
-0.245180
-0.689108
-1.322341
0.053480
1.322391
0.170747
0.071836
-0.252213
0.285483
-1.711428
-0.553955
1.133373
0.215514
-0.233324
-1.310149
-1.443351
0.459403
2.073486
1.602451
1.309861
2.247897
1.008511
1.687410
1.966776
1.475277
0.574941
0.876654
0.632862
0.184633
0.624796
0.670323
0.767450
0.662044
1.119996
0.852625
0.448235
-0.179523
0.199447
0.514282
0.268812
-0.181072
-0.274399
-0.013638
-0.090498
-0.819704
-0.623424
-0.486041
-0.580444
-0.887855
-0.772370
-1.049840
-1.050366
2.185588
1.975679
0.372304
0.368494
0.230199
0.205969
0.072047
0.054377
-0.154105
-0.455182
0.209814
0.295286
-0.327521
-0.684446
-2.525474
-2.475770
-0.139734
-0.080177
-0.002997
-0.373913
-0.736670
-1.279759
0.024270
1.376676
-0.098146
-0.250213
-0.352831
0.251452
-2.088052
-0.772618
1.150556
0.423811
-0.189260
-1.501034
-1.526396
0.493203
2.118233
1.599332
1.400496
2.314305
0.665843
1.527096
1.875981
0.975362
0.883372
1.254195
0.604578
0.124296
0.537928
0.720818
0.345481
-0.059730
0.611191
0.500969
-0.538916
-0.469065
0.319719
0.726177
-0.229378
-0.867805
-1.291248
-1.025255
-1.670167
-2.147572
-0.338293
-0.339033
-0.199604
-0.200040
-1.721362
-1.626389
1.680377
1.040998
0.524968
0.912229
1.136941
0.785172
1.238756
0.839801
0.258400
0.814487
0.796485
0.006070
-0.004098
-0.129878
0.003898
-0.264655
-0.182921
1.204789
0.879363
-0.322501
-0.228921
-0.343060
-0.159138
-0.683149
-0.877565
-1.687889
-1.144797
0.708498
0.604941
0.322988
0.248530
0.147119
0.071427
1.162964
0.203064
0.210225
0.377690
-0.296633
-0.691121
-2.406817
-2.358370
-0.115066
-0.126556
-0.059703
-0.245127
-0.771479
-1.368217
0.112857
1.392194
0.218191
0.067463
-0.347048
0.196478
-1.672798
-0.543463
1.107309
0.195040
-0.223544
-1.347963
-1.445623
0.447046
2.182335
1.697925
1.286061
2.243062
0.937158
1.675641
1.941638
1.210557
0.629223
0.956030
0.611940
0.233518
0.700538
0.551947
0.628379
0.632563
1.045359
0.692809
0.320083
-0.216406
0.123095
0.435968
0.200454
-0.154308
-0.229718
-0.147592
-0.215242
-0.664698
-0.481476
-0.433837
-0.539027
-1.000676
-0.860613
-0.950512
-0.960183
2.265167
1.988542
0.364987
0.373074
0.285217
0.252351
0.108084
0.033631
-0.286081
-0.472105
0.243164
0.312510
-0.326080
-0.662651
-2.528565
-2.455952
-0.067949
-0.041152
0.034675
-0.322151
-0.738874
-1.269295
0.105728
1.559831
0.020802
-0.246334
-0.386842
0.307330
-2.081949
-0.766198
1.080159
0.298416
0.020777
-1.344827
-1.499720
0.502915
2.128057
1.584280
1.313360
2.166986
0.659223
1.581313
1.895967
0.989467
0.654794
1.060740
0.578958
-0.103148
0.441557
0.624351
0.295258
-0.321160
0.664260
0.489744
0.271443
0.626695
1.116218
1.300992
0.043331
-1.176262
-2.280516
-0.779295
0.452738
0.176443
0.469749
0.388480
1.833221
1.172462
0.659525
0.692561
0.224691
-0.058602
-0.464125
-0.064862
-0.039843
-0.010814
-0.087985
0.150540
-0.346145
-1.315473
-0.785010
0.755057
0.392088
0.410459
-0.644808
-1.052301
-0.925622
-0.580375
2.057118
0.946151
0.061261
0.146964
0.330144
0.242677
0.103447
0.048680
-0.158265
-0.416396
0.157464
0.258957
-0.384139
-0.687361
-2.371435
-2.109789
-0.008711
-0.185320
-0.133573
-0.346198
-0.716475
-1.256712
0.061308
1.263776
-0.037515
-0.170576
-0.377205
0.187439
-1.982675
-0.696984
1.084625
0.101875
-0.335397
-1.473561
-1.523994
0.431549
2.065343
1.561544
1.302656
2.288276
0.820790
1.571633
1.810055
0.942566
0.518809
0.997783
0.637588
-0.308183
0.797672
0.867228
0.853050
0.807990
1.248730
0.852182
0.159836
0.530542
0.580088
0.803291
-0.020624
-0.683923
-0.370454
-0.080740
-0.025242
-0.411664
-0.760043
-0.759361
-0.601391
-0.542338
-0.467068
-0.501202
-0.665316
-0.640254
-0.870602
-0.879715
2.109518
1.858330
0.414336
0.384536
0.151070
0.355337
0.216350
-0.010151
-0.405219
-0.380171
0.361379
0.413775
-0.397407
-0.629968
-2.281072
-2.342725
0.031314
-0.132260
-0.089005
-0.244991
-0.629756
-1.194875
0.024832
1.292100
-0.100123
-0.244415
-0.400229
0.231775
-2.034939
-0.720940
1.149801
0.178843
-0.244128
-1.427679
-1.519227
0.436306
2.125428
1.685434
1.299803
1.430584
0.630584
1.535878
1.283793
0.249815
0.248054
0.886952
-0.157609
-0.662026
0.933171
0.848282
0.227909
-0.102152
0.271588
-0.314794
-2.070399
-1.985766
1.466248
1.490733
1.225672
0.653210
1.006300
-0.296987
0.629528
1.745021
1.232679
-0.111217
0.029277
0.314236
0.624808
1.265633
1.157397
0.352064
-0.416056
-1.595890
-1.351051
-0.653800
0.431096
0.875726
1.059225
1.162308
0.659788
1.925121
0.663422
-0.067580
-0.725104
0.208334
0.059711
-0.250453
-0.568261
0.249039
1.593887
1.402264
0.401503
0.042315
0.595062
0.776433
-0.640382
-0.458860
0.344159
-0.019947
2.015638
2.130737
2.176167
1.825290
-0.942746
-1.109165
-0.005449
-0.162968
-0.868445
-1.136081
-0.998306
-1.147071
0.874512
0.998072
0.294628
0.114363
-0.028448
-0.115189
0.096788
0.100500
0.237768
0.182593
-0.597663
-0.547461
-0.485539
-0.500121
-0.452240
-0.439816
-0.722920
-0.722310
-0.787174
-0.784593
-0.579909
-0.577700
-0.615976
-0.617879
-0.856249
-0.863010
2.203990
1.933990
0.478961
0.484082
0.161945
0.264208
0.179778
0.051885
-0.283153
-0.471157
0.286049
0.324354
-0.408043
-0.706744
-2.400384
-2.244246
0.018337
-0.148211
-0.124647
-0.266841
-0.644414
-1.176313
0.091664
1.286016
-0.070610
-0.115111
-0.288761
0.269472
-1.892663
-0.674581
1.055455
0.049691
-0.178909
-1.356891
-1.470171
0.567974
2.112923
1.577919
1.321371
2.023439
0.681517
1.561015
1.945490
0.649460
0.526851
1.151295
0.738273
-0.132066
0.189552
0.441786
0.482640
-0.404829
-0.055695
0.365297
-0.307608
-0.223368
0.059147
0.641397
0.169811
-2.156164
-2.137444
-0.700593
-0.876880
0.653340
0.689031
0.061629
0.248362
1.544949
1.973705
1.559951
1.313473
0.499023
0.498521
-1.135728
-1.635964
-0.304133
0.280545
0.483593
0.206650
0.472064
0.406610
1.895046
0.344369
0.315260
0.338394
0.345470
0.045630
0.098041
-0.204948
0.128304
1.455698
1.267176
0.858166
0.497575
0.315906
0.430290
-0.381324
-0.196568
0.382387
-0.021868
2.084419
2.204170
2.514325
2.198760
-1.012096
-1.301653
0.218041
0.174842
-0.805741
-1.022428
-0.314703
-0.364280
0.374697
0.405849
0.389386
0.221052
0.179232
0.162656
-0.483759
-0.511216
-0.149292
-0.183333
-0.457125
-0.431756
-0.570014
-0.570771
-0.823071
-0.829219
-0.543321
-0.556796
-0.832179
-0.813904
-0.845123
-0.847135
2.063569
1.795440
0.408611
0.419495
0.167931
0.200868
0.186693
0.045264
-0.419349
-0.516116
0.257896
0.379730
-0.487728
-0.761184
-2.417429
-2.246954
0.059152
-0.108702
-0.129545
-0.303207
-0.680350
-1.223649
0.059290
1.177077
-0.066054
-0.144235
-0.349802
0.235245
-2.160224
-0.777112
1.154714
0.159342
-0.216507
-1.384231
-1.520292
0.502362
2.178002
1.561274
1.259551
2.245795
0.722024
1.563923
1.899979
1.226061
0.745374
1.102000
0.710657
-0.220585
0.472814
0.680766
0.729557
0.297999
0.954900
0.695964
0.066288
0.642724
1.265199
1.300455
1.021615
0.973287
0.467647
0.926633
0.461358
-1.049469
0.618001
0.095847
-0.427835
0.023137
0.127794
0.196112
0.153668
0.153216
0.154674
0.120099
0.116385
-0.494015
-0.542244
-0.569589
-0.591634
-0.312213
-0.515322
-0.494501
-0.471533
-0.975771
-1.327287
-1.359021
-1.669379
-1.808619
-1.852269
-1.521089
-1.503405
1.087252
1.485444
1.417079
0.644910
-0.598873
0.835120
1.608817
1.703836
0.592241
0.633570
0.481384
1.082602
1.436790
0.708115
0.300818
0.434537
0.965340
0.876429
0.699722
0.803348
1.180508
1.540838
1.470321
1.402782
0.452382
0.933709
0.878529
1.316124
0.923259
0.180555
0.468136
0.481070
0.337788
0.210444
0.114682
0.101848
0.142445
0.091648
0.043891
-0.665001
-0.599008
-0.265726
-0.265525
-0.266399
-0.267696
-0.759697
-0.760430
-0.878105
-0.873106
-0.649456
-0.656607
-0.682044
-0.670852
-0.839341
-0.844371
2.002486
1.803800
0.452007
0.422530
0.269401
0.337393
0.175601
0.053784
0.120448
-0.322692
0.216166
0.422054
-0.381539
-0.790747
-2.399444
-2.315198
-0.035121
-0.170439
-0.100119
-0.177790
-0.680283
-1.312257
0.086558
1.312670
-0.045814
-0.148778
-0.434999
0.235575
-2.019856
-0.757175
1.151968
0.176517
-0.197120
-1.309487
-1.440581
0.458805
2.191687
1.648693
1.305683
2.166439
0.959161
1.688438
1.891626
1.220279
0.675888
0.992799
0.617287
0.142601
0.620130
0.624000
0.719666
0.549704
0.976836
0.766466
0.395857
-0.184565
0.211187
0.501406
0.274460
-0.093511
-0.195404
-0.109940
-0.191099
-0.982996
-0.739080
-0.490617
-0.610876
-1.041986
-0.874487
-0.961122
-0.969593
2.006656
1.833300
0.374684
0.322490
0.200393
0.362025
0.162851
0.013644
-0.061050
-0.284055
0.264205
0.260953
-0.378832
-0.672303
-2.455104
-2.413464
-0.016597
-0.010080
0.025189
-0.353340
-0.686354
-1.246171
0.025208
1.500053
0.094037
-0.181722
-0.351100
0.364008
-2.004161
-0.721151
1.048967
0.181078
-0.291280
-1.527621
-1.481587
0.549595
2.202501
1.620804
1.319027
2.145893
0.624964
1.464705
1.881707
1.282854
0.673345
1.080880
0.654844
-0.156116
0.484909
0.767858
0.987328
0.540579
0.983691
0.831188
0.171220
0.315080
0.869908
0.638366
0.381304
-0.491744
-0.514133
-0.037676
-0.124512
-0.448357
-0.237694
-0.695195
-0.785430
-0.923367
-0.780123
-0.485414
-0.505511
-0.687072
-0.691468
-0.826578
-0.830649
1.986098
1.727302
0.488717
0.500712
0.349643
0.331157
0.167664
0.049029
0.038613
-0.371794
0.184549
0.327454
-0.468224
-0.810701
-2.409661
-2.481482
-0.168328
-0.175400
-0.137757
-0.248634
-0.764632
-1.361259
0.090203
1.346529
-0.031944
-0.144182
-0.415551
0.191742
-1.928457
-0.696286
1.150375
0.199504
-0.213992
-1.323065
-1.449992
0.410127
2.148804
1.678349
1.339476
2.238319
0.943085
1.678978
1.930794
1.287895
0.684947
0.973526
0.595717
0.174349
0.639167
0.557964
0.647651
0.470702
0.742682
0.732887
0.253911
-0.089828
0.162950
0.730425
0.372679
-0.691427
-0.738008
0.628459
0.463001
-0.552883
-0.445953
-0.883425
-1.048796
-1.006270
-0.947275
-1.710873
-1.375716
0.483611
0.477812
0.363514
0.239272
0.107529
0.082110
1.336592
0.188191
0.158391
0.249479
-0.195241
-0.557748
-2.479688
-2.424691
-0.177388
-0.132801
0.060504
-0.252820
-0.874472
-1.366991
0.069522
1.475004
0.287762
-0.083257
-0.439465
0.301053
-1.786457
-0.585849
1.131288
0.296113
-0.144272
-1.451162
-1.564770
0.406481
2.059120
1.599026
1.387204
2.316560
0.777724
1.586185
1.992281
1.395380
0.688341
1.093688
0.668101
0.064738
0.560806
0.729226
0.719322
0.377490
0.493569
0.403471
-0.011973
0.092630
-0.427707
-0.066113
0.368477
-0.102683
-0.615556
-0.374596
-1.214328
-1.528007
-2.257862
-2.261592
-0.413060
-0.413451
-0.079885
-0.079984
-1.761725
-1.564683
1.764289
1.120320
0.478200
0.940374
1.146521
0.813677
1.248349
0.950318
0.374227
0.735540
0.813551
0.043288
-0.031673
-0.147869
0.024650
-0.281260
-0.122244
1.240306
0.889219
-0.324866
-0.197403
-0.270762
-0.147958
-0.720892
-0.916786
-1.620404
-1.063752
0.663420
0.527106
0.299350
0.263578
0.134587
0.082411
1.306863
0.234880
0.197350
0.358437
-0.333203
-0.721041
-2.418986
-2.293301
-0.079092
-0.135500
-0.040762
-0.175323
-0.707617
-1.310006
0.120824
1.298018
0.117490
0.005298
-0.398580
0.137492
-1.785506
-0.654329
1.088505
0.226660
-0.290432
-1.449973
-1.480415
0.460997
2.105321
1.629481
1.261001
2.173632
0.811182
1.613671
1.933288
1.224273
0.702870
0.989822
0.587251
0.165821
0.637909
0.662051
0.799313
0.520939
0.800599
0.863199
0.298960
0.064463
0.343883
0.723822
0.337895
-0.665080
-0.711946
0.604854
0.445744
-0.592153
-0.487451
-0.842836
-0.996440
-1.012060
-0.960113
-1.634510
-1.232654
0.487729
0.468346
0.430649
0.468065
0.230007
0.061832
1.272015
0.188036
0.149267
0.180435
-0.252216
-0.523312
-2.379489
-2.363131
-0.170093
-0.171423
0.029957
-0.199630
-0.699219
-1.259832
0.136322
1.539641
0.204637
-0.040629
-0.310736
0.326420
-1.948981
-0.664326
1.042989
0.183071
-0.254331
-1.500466
-1.522462
0.487507
2.122804
1.592842
1.356281
2.197936
0.607721
1.465398
1.810163
0.933855
0.759799
1.150931
0.620610
0.149761
0.607744
0.829359
0.432444
-0.027326
0.628203
0.528587
-0.572979
-0.500533
0.374926
0.771389
-0.129563
-0.762417
-1.348823
-1.070513
-1.674081
-2.190685
-0.329620
-0.330387
-0.160954
-0.161303
-1.717141
-1.579833
1.811100
1.062344
0.497927
0.915192
1.124084
0.739971
1.228075
0.841203
0.234122
0.797059
0.806726
0.000840
-0.026932
-0.147163
0.011784
-0.269601
-0.204466
1.177785
0.878562
-0.321367
-0.224211
-0.383110
-0.208512
-0.710610
-0.902957
-1.609562
-1.075709
0.705745
0.603246
0.296626
0.232950
0.136432
0.080966
1.231771
0.196042
0.164569
0.304746
-0.345356
-0.715951
-2.420782
-2.369439
-0.152512
-0.139987
-0.065769
-0.274671
-0.752608
-1.348477
0.112372
1.361507
0.191802
0.056268
-0.348405
0.222749
-1.686285
-0.566151
1.103829
0.206590
-0.192833
-1.327764
-1.436927
0.453908
2.185488
1.694236
1.288975
2.260064
0.944036
1.669912
1.944493
1.216346
0.625323
0.950612
0.604536
0.228469
0.726508
0.662008
0.745479
0.516274
0.788943
0.869225
0.353258
-0.094299
0.153976
0.710854
0.355500
-0.724980
-0.772399
0.609834
0.456040
-0.539673
-0.426963
-0.886933
-1.065548
-1.003778
-0.947619
-1.666662
-1.353658
0.515628
0.534987
0.478631
0.316838
0.136944
0.089532
1.301761
0.135313
0.158171
0.237656
-0.179546
-0.522229
-2.448655
-2.381196
-0.204777
-0.115990
0.077526
-0.210008
-0.778624
-1.358060
0.083088
1.528283
0.208464
-0.090405
-0.405878
0.254569
-1.874999
-0.603773
1.150668
0.309797
-0.175474
-1.495890
-1.566800
0.408364
2.090487
1.570419
1.350350
2.292301
0.634141
1.520270
1.791961
0.822937
0.576766
1.025844
0.739887
0.112059
0.377625
0.549909
0.320402
-0.353885
0.327974
0.293090
-0.202728
-0.126942
-0.378145
-0.035109
-0.119261
-1.181883
-0.151232
0.192959
-0.465892
-1.749544
-2.257464
-2.286792
0.583541
1.139928
0.610558
0.523863
1.027554
1.153511
1.360978
1.405272
0.568238
0.346779
0.696521
0.600326
0.437342
0.502609
-0.196908
-0.197839
-0.287198
-0.327658
1.378015
1.432338
1.210875
1.219080
0.025610
0.028782
-1.183007
-0.852212
0.092778
0.088125
-0.605229
-0.060494
-0.278203
-0.498251
0.826799
0.064584
-0.035156
0.025789
-0.284930
-0.619172
-2.530398
-2.617956
-0.076433
-0.097118
-0.220044
-0.570435
-0.868521
-1.345315
-0.111064
0.981794
-0.019066
-0.115227
-0.377029
0.257744
-1.899886
-0.678981
1.093895
0.056546
-0.235927
-1.360002
-1.458676
0.547339
2.142743
1.588807
1.319552
2.303384
0.748625
1.515095
1.867178
1.034879
0.733269
1.119454
0.666792
-0.126611
0.496139
0.732897
0.299901
-0.404040
0.609337
0.471463
0.254797
0.580363
1.280558
1.468173
0.199327
-0.985269
-1.926281
-0.694119
0.612715
-0.003778
0.511549
0.520321
0.596878
0.623376
0.450431
0.461143
0.052601
0.019337
-0.309446
-0.331782
-0.571069
-0.573466
0.616768
0.550450
0.381734
0.393465
-1.664547
-1.660381
-2.359898
-2.356760
1.653330
1.712430
0.881923
0.861816
-0.114266
-0.120358
0.431655
0.532381
0.038587
-0.016012
-0.310210
0.091352
-0.209304
-0.412329
1.018708
0.284357
-0.067528
0.081873
-0.356605
-0.694463
-2.378170
-2.326958
0.300522
0.074207
-0.291231
-0.648187
-0.749311
-1.209613
-0.059687
1.032721
0.039733
-0.108179
-0.503077
-0.018003
-1.730982
-0.546449
1.136120
0.205653
-0.113007
-1.255842
-1.434149
0.503786
2.160878
1.589126
1.331063
2.298282
0.779754
1.553991
1.870174
1.096308
0.710895
1.067963
0.512747
0.019635
0.563866
0.765302
0.405184
0.000975
0.519129
0.388626
-0.492225
-0.376858
0.282751
0.805907
-0.115474
-0.750525
-1.117968
-0.783955
-1.385717
-2.090579
-0.186083
-0.605443
-0.499706
-0.213930
-1.408116
-1.156367
1.123139
0.618777
0.673818
0.224006
0.060112
0.648517
1.642374
1.446920
0.928909
-0.117040
-1.078243
1.007608
1.363701
0.553075
0.623510
0.699703
2.090556
2.629379
0.242271
-1.262432
0.159087
0.360417
0.632224
1.027286
-1.131656
0.731072
2.245802
1.655586
-0.184453
-0.646170
-0.254173
0.476154
0.134932
-0.450326
-0.321801
0.171122
0.141107
-1.476685
-1.946656
-1.102825
-0.642882
-0.023513
0.486337
0.897528
-0.279322
1.328037
0.291734
-1.012086
-0.857819
-0.536043
-0.550222
-0.280453
-0.443761
0.108904
0.873001
0.985010
1.156682
0.833976
0.804564
0.909658
-0.640089
-0.527805
0.335207
-0.007358
1.006090
2.050906
2.542255
1.094267
-0.572299
-1.183779
-0.031095
-0.477160
-0.779585
-0.872941
-0.931077
-0.235016
0.528361
0.290506
-0.127010
-1.015204
-0.603175
0.226272
0.005942
0.310276
0.329120
0.163679
0.170335
-0.096713
0.156783
0.075813
-0.223848
-0.336601
-0.216710
-0.693367
-0.735299
-0.553980
-0.662693
-0.720824
-0.599384
-0.779625
-0.788100
-0.840193
-0.823816
2.420630
2.025355
0.382203
0.423718
0.346138
0.339047
0.175033
0.003622
-0.448430
-0.494734
0.175232
0.245151
-0.495695
-0.766994
-2.436664
-2.304610
0.014432
-0.109724
-0.072997
-0.365634
-0.667379
-1.147069
0.125407
1.327435
-0.027500
-0.168005
-0.489234
0.064159
-1.893583
-0.688749
1.093005
0.177569
-0.253096
-1.468932
-1.483799
0.489196
2.053808
1.443167
1.206549
2.245346
0.636142
1.629614
2.044094
1.012737
0.564541
1.002248
0.687821
0.171987
0.573108
0.600086
0.556983
0.158760
0.862933
0.264714
-0.185722
0.126683
0.480674
1.256395
-0.227891
-0.879154
0.406917
-0.933934
-0.865917
-1.360572
-1.425743
0.520463
0.572861
-0.159257
-0.231057
0.936788
1.646018
1.238958
0.997176
0.302890
0.475020
-1.199430
-1.938789
-0.996150
-0.153135
0.430733
0.216970
0.245597
0.649031
1.886670
-0.010006
-0.455731
0.115858
0.603598
-0.177128
-0.366518
-0.667577
0.013033
1.407848
1.259973
0.863729
0.507032
0.415399
0.542939
-0.377361
-0.203551
0.474876
0.066457
2.156632
2.273107
2.342846
1.990385
-1.024516
-1.129680
0.255341
0.069266
-0.877233
-1.073403
-0.323535
-0.387510
0.438133
0.484031
0.340195
0.151038
0.109915
0.101465
-0.416368
-0.456192
-0.195551
-0.217919
-0.244405
-0.234166
-0.683298
-0.681495
-0.685089
-0.690981
-0.575970
-0.596829
-0.835579
-0.807503
-0.830920
-0.827595
2.003820
1.752404
0.353371
0.335761
0.085890
0.216131
0.195501
0.077582
-0.274949
-0.459441
0.168855
0.310311
-0.323682
-0.632667
-2.434289
-2.426207
-0.019427
-0.217654
-0.176915
-0.165346
-0.593916
-1.209791
0.047466
1.300362
-0.130103
-0.177447
-0.280160
0.273158
-1.999269
-0.643675
1.176210
0.172544
-0.232632
-1.395886
-1.539583
0.308734
2.207528
1.673056
1.342842
2.279838
0.814688
1.623807
1.933483
1.163684
0.659882
1.022730
0.589294
-0.291016
0.535350
0.694088
0.636740
0.303910
0.778162
0.640160
0.077874
0.261726
0.629768
0.891791
0.924540
0.378962
-0.236305
-0.011734
-0.309023
-0.759873
-0.583096
-0.581199
1.627953
1.761984
-0.510841
-0.625538
-1.815541
-1.011174
-2.138155
-0.931440
0.023161
-0.563902
0.810367
0.548127
0.336367
0.161722
0.976151
0.150467
-0.791332
-0.108038
0.054317
0.204492
0.130776
-0.293243
-0.538994
-2.323003
-2.650700
-0.139296
0.008093
-0.040717
-0.410903
-0.669019
-1.023201
0.121732
0.980372
0.108301
0.069265
-0.407816
-0.148022
-1.916804
-0.639173
1.116075
0.129114
-0.197786
-1.315173
-1.398550
0.520572
2.185310
1.698538
1.258228
2.067205
0.819872
1.666283
1.979448
1.212444
0.532690
0.992982
0.550249
-0.246290
0.507846
0.714595
0.874677
0.616545
1.029545
0.838540
0.367665
0.463505
0.265584
0.648845
0.199749
-0.180983
-0.250103
-0.002429
-0.070606
-0.297969
-0.541481
-0.534272
-0.553955
-0.574868
-0.778221
-0.746252
-0.986150
-0.982145
2.253637
2.012079
0.349632
0.344022
0.288136
0.356076
0.156055
0.000449
-0.440059
-0.462114
0.289199
0.276904
-0.366954
-0.654740
-2.468555
-2.439930
-0.072404
-0.033249
0.023843
-0.350882
-0.648663
-1.183774
0.021742
1.337504
0.052930
-0.150730
-0.347793
0.366613
-1.888408
-0.645577
1.124547
0.295548
-0.120630
-1.394300
-1.541316
0.419273
2.169999
1.658564
1.395250
2.216555
0.504007
1.436579
1.874403
1.218037
0.681769
1.095941
0.668010
-0.293742
0.472166
0.682444
0.833386
0.199501
0.656901
0.800165
0.253996
0.213072
0.679637
0.768953
0.504201
0.508333
0.436267
-0.003923
-0.038297
-0.509807
-0.334938
-0.503083
-0.560515
0.647863
0.754657
-0.551857
-0.569532
-0.836407
-0.843291
-0.927853
-0.931836
-1.850676
-1.447612
0.567414
0.575617
0.334374
0.281792
0.136083
0.057565
1.140099
0.179809
0.167529
0.279989
-0.339645
-0.683956
-2.420754
-2.456768
-0.229023
-0.211454
-0.100870
-0.259891
-0.861978
-1.449510
0.112317
1.396261
0.238452
0.043263
-0.386234
0.176313
-1.755578
-0.530308
1.157585
0.168348
-0.203678
-1.348891
-1.471981
0.410259
2.193024
1.707453
1.284724
2.202603
0.891578
1.635973
1.938948
1.284046
0.654665
0.930044
0.578350
0.164350
0.627038
0.611456
0.722636
0.587638
0.964830
0.664602
0.303739
-0.209897
0.175362
0.480538
0.212383
-0.118415
-0.173563
-0.082718
-0.146499
-0.644175
-0.478143
-0.370537
-0.465180
-0.970776
-0.830868
-0.941429
-0.951176
2.282061
1.993183
0.361984
0.360151
0.243385
0.286924
0.066160
-0.022141
-0.194267
-0.448966
0.242849
0.259718
-0.429514
-0.716537
-2.545291
-2.520863
-0.007537
-0.037835
0.000432
-0.374655
-0.810788
-1.292925
0.040659
1.440088
-0.066869
-0.281293
-0.360843
0.342278
-1.950974
-0.625583
1.208941
0.421013
-0.201319
-1.509668
-1.508002
0.546929
2.090831
1.572273
1.347172
2.197573
0.718013
1.530587
1.776215
1.011470
0.342652
0.784510
0.695280
0.083901
0.395173
0.537205
0.653995
0.289586
0.721296
0.647046
-0.105528
-0.006322
-0.395871
-0.096550
0.381362
-0.076469
0.505816
0.695164
-1.202734
-1.523797
-2.203508
-2.204995
-0.378175
-0.378651
-0.897002
-0.897729
-1.741169
-1.582229
1.534316
1.042482
0.458830
0.697984
0.705496
0.622898
1.273902
0.997946
0.407448
0.686143
0.710836
-0.057145
-0.334799
-0.494822
-0.003089
-0.315704
-0.267887
1.065235
0.883454
-0.385217
-0.214913
-0.243216
-0.160827
-0.725900
-0.919419
-1.667884
-1.087714
0.692988
0.596772
0.400936
0.262898
0.133852
0.028232
1.009885
0.210162
0.189207
0.285695
-0.299725
-0.626962
-2.297642
-2.137214
-0.044606
-0.199222
-0.100612
-0.274004
-0.676742
-1.268912
0.079823
1.278529
0.065220
-0.015802
-0.361631
0.109963
-1.842165
-0.639646
1.071469
0.131419
-0.294912
-1.439220
-1.512490
0.378416
2.192634
1.692213
1.256467
2.109981
0.686716
1.557248
1.913112
1.132121
0.600113
0.943672
0.548579
0.016009
0.598847
0.754017
0.864492
0.601620
1.003274
0.816575
0.438309
-0.119358
0.230761
0.461601
0.220457
-0.092205
-0.218279
-0.077105
-0.129109
-0.672138
-0.503225
-0.504763
-0.592807
-0.881040
-0.727806
-0.967126
-0.982222
2.248131
2.007797
0.417193
0.403271
0.234784
0.388599
0.207719
0.027927
-0.418322
-0.597698
0.181750
0.287431
-0.292618
-0.609097
-2.567839
-2.550852
-0.084323
-0.156620
-0.087135
-0.286599
-0.679725
-1.215314
0.102392
1.437227
-0.067474
-0.256250
-0.347975
0.394648
-1.940723
-0.707329
1.041348
0.234200
-0.122586
-1.402188
-1.460932
0.481119
2.070173
1.547141
1.288057
2.198612
0.688145
1.511109
1.812563
0.943241
0.862948
1.237206
0.629713
0.163092
0.498126
0.686093
0.377043
-0.021627
0.614063
0.519280
-0.543022
-0.479606
0.325132
0.728008
-0.187984
-0.819900
-1.365284
-1.083961
-1.644579
-2.155745
-0.341419
-0.342148
-0.158587
-0.158938
-1.692937
-1.553340
1.755636
1.074348
0.557923
0.913721
1.130493
0.794348
1.233561
0.804816
0.225159
0.741488
0.716856
-0.015579
-0.030577
-0.148927
0.022693
-0.258385
-0.195798
1.202017
0.888571
-0.338648
-0.241852
-0.370509
-0.181810
-0.709999
-0.904417
-1.655485
-1.113736
0.702758
0.599735
0.300840
0.252644
0.153601
0.091672
1.265101
0.202333
0.183641
0.335556
-0.321090
-0.694561
-2.404499
-2.363359
-0.161377
-0.146010
-0.055807
-0.269570
-0.773978
-1.366344
0.106431
1.377029
0.219645
0.074865
-0.343762
0.215531
-1.683815
-0.561613
1.099330
0.201235
-0.197467
-1.339615
-1.454764
0.440905
2.185489
1.702054
1.295481
2.259959
0.931285
1.676716
1.950521
1.240187
0.644042
0.947296
0.602408
0.225259
0.718290
0.640256
0.707321
0.652757
1.062130
0.738136
0.367279
-0.252720
0.096106
0.464266
0.223104
-0.141778
-0.216599
-0.169486
-0.236479
-0.681347
-0.496239
-0.401081
-0.506336
-0.990124
-0.849962
-0.949354
-0.959074
2.301481
2.008715
0.389368
0.399049
0.284509
0.254134
0.086890
0.010432
-0.286194
-0.492206
0.226085
0.316681
-0.247888
-0.585629
-2.510983
-2.464911
-0.077493
-0.030729
0.050921
-0.300120
-0.755271
-1.286722
0.039450
1.449427
0.008788
-0.227414
-0.388844
0.318882
-2.017090
-0.722146
1.137869
0.340526
-0.125060
-1.485373
-1.533483
0.481861
2.049064
1.568399
1.391348
2.295086
0.692939
1.561764
1.827126
0.891063
0.612858
1.041548
0.573578
-0.144978
0.446839
0.596335
0.223149
-0.361385
0.632177
0.479340
0.277263
0.606064
1.170915
1.355458
0.012104
-1.289300
-2.050926
-0.597376
0.473367
0.168361
0.517505
0.490656
1.828568
1.175381
0.682070
0.724916
0.240883
-0.062197
-0.474072
-0.048124
-0.021755
0.008123
-0.088577
0.176223
-0.329162
-1.313723
-0.772809
0.743614
0.396265
0.433130
-0.647156
-1.046161
-0.914699
-0.580985
2.095892
1.022389
0.080305
0.147161
0.325944
0.227131
0.087027
0.026918
-0.181590
-0.389414
0.155326
0.246271
-0.355275
-0.647073
-2.338317
-2.068792
-0.020668
-0.198348
-0.127088
-0.329931
-0.669408
-1.248717
0.048607
1.262154
-0.023705
-0.172167
-0.396667
0.228984
-1.928264
-0.673955
1.097484
0.098586
-0.333926
-1.463995
-1.577115
0.285984
2.045243
1.508918
1.294170
2.290462
0.812032
1.602950
1.910404
1.083846
0.522598
1.012238
0.647309
-0.223871
0.822209
0.855266
0.845662
0.809520
1.180536
0.817489
0.174192
0.569781
0.587656
0.796248
0.025691
-0.624808
-0.347406
-0.058851
0.010290
-0.400535
-0.796503
-0.782066
-0.605445
-0.548450
-0.454904
-0.489435
-0.699083
-0.679372
-0.867597
-0.875101
2.114734
1.858372
0.418461
0.393243
0.110841
0.333431
0.224629
0.001899
-0.376138
-0.364366
0.388498
0.434374
-0.451224
-0.685597
-2.311219
-2.353673
0.042814
-0.123326
-0.081933
-0.264205
-0.697232
-1.282188
-0.054595
1.204597
-0.205100
-0.326386
-0.446713
0.168102
-2.037125
-0.747034
1.103377
0.164769
-0.190481
-1.399670
-1.537533
0.441035
2.124014
1.647925
1.272924
1.423602
0.685622
1.555852
1.262804
0.247267
0.303514
0.899159
-0.194299
-0.718247
0.793687
0.773748
0.233605
-0.089753
0.274741
-0.287389
-1.985522
-1.891187
1.483664
1.488831
1.246658
0.631170
1.039364
-0.224666
0.654667
1.741274
0.671207
-0.186937
0.207230
0.365165
0.395588
1.236341
1.228448
0.390400
-0.205836
-1.493880
-1.385206
-0.674026
0.206054
0.697193
1.038393
1.147842
0.525289
1.835977
0.718101
-0.091776
-0.792179
0.234033
-0.119970
-0.501453
-0.901008
-0.004821
1.634022
1.477255
0.908686
0.554335
0.432372
0.571590
-0.176637
-0.039713
0.458782
0.048737
1.724449
1.826415
2.348973
2.007235
-1.030236
-1.163708
0.153278
-0.004588
-0.842605
-1.122248
-1.005332
-1.173346
1.109957
1.222055
0.268562
0.093027
-0.031884
-0.109415
0.069797
0.065349
0.284405
0.228429
-0.576675
-0.523364
-0.482812
-0.493667
-0.486942
-0.476740
-0.683702
-0.684419
-0.772457
-0.768045
-0.475223
-0.473681
-0.648893
-0.650261
-0.845704
-0.851527
2.143202
1.902171
0.476701
0.472571
0.153144
0.201279
0.042858
-0.038402
-0.325757
-0.438209
0.310904
0.369348
-0.384743
-0.677178
-2.381990
-2.285853
0.035584
-0.137302
-0.175911
-0.292138
-0.574100
-1.174693
0.039408
1.254145
-0.155585
-0.355701
-0.517211
0.141160
-1.957920
-0.704836
1.044001
0.039051
-0.339242
-1.488103
-1.479600
0.506236
2.215223
1.726572
1.405595
2.070238
0.928988
1.758320
1.989151
0.675885
0.511392
1.116804
0.741922
-0.170216
0.112809
0.346247
0.502864
-0.312566
-0.043401
0.317400
-0.299881
-0.189015
0.034341
0.521204
0.104485
-2.188578
-2.150752
-0.800554
-0.948938
0.648618
0.627294
0.060763
0.318730
1.544028
1.941731
1.587481
1.315358
0.469467
0.570947
-1.036697
-1.563162
-0.280247
0.304365
0.413384
0.130909
0.459398
0.406161
1.835450
0.277200
0.253812
0.365979
0.446995
-0.028171
0.007947
-0.291246
0.059651
1.533894
1.329177
0.908948
0.566323
0.420039
0.534159
-0.397402
-0.252060
0.457414
0.058787
2.052255
2.171256
2.363617
2.012734
-1.065760
-1.171525
0.230853
0.042340
-0.857694
-1.053562
-0.265319
-0.327648
0.360939
0.414520
0.204065
0.007531
0.217784
0.208310
-0.431243
-0.471221
-0.234744
-0.257938
-0.438261
-0.426780
-0.662488
-0.660969
-0.859250
-0.864850
-0.622154
-0.643053
-0.905206
-0.876852
-0.883255
-0.879746
2.155434
1.855556
0.476883
0.454653
0.035840
0.187063
0.115747
0.002871
-0.265703
-0.440126
0.265848
0.369648
-0.413614
-0.660813
-2.277149
-2.207920
-0.020130
-0.261543
-0.212389
-0.251895
-0.636459
-1.184152
0.148853
1.340922
-0.035706
-0.175217
-0.378047
0.244315
-2.144300
-0.752080
1.152277
0.218960
-0.173616
-1.435075
-1.509588
0.591709
1.988421
1.449351
1.283294
2.284678
0.885027
1.684507
1.938941
1.217083
0.702790
1.030834
0.698782
-0.088383
0.327905
0.560066
0.654233
0.149453
1.008619
0.764973
0.111761
0.673108
1.317390
1.335984
1.024226
0.861570
0.156378
0.818361
0.510080
-0.883050
1.005422
0.387768
-0.371828
0.157072
0.262528
0.242498
0.206490
0.177507
0.170365
0.082428
0.076941
-0.556167
-0.597974
-0.565821
-0.574786
-0.242913
-0.471306
-0.440966
-0.403170
-0.946268
-1.358804
-1.402861
-1.688457
-1.826809
-2.003036
-1.613219
-1.582854
1.142376
1.504332
1.444807
0.666633
-0.630180
0.842693
1.583053
1.663857
0.533031
0.585372
0.492403
1.068155
1.490862
0.824827
0.307175
0.436584
0.981697
0.911026
0.720580
0.826766
1.174257
1.534073
1.416500
1.367320
0.524243
0.984707
0.851613
1.348446
1.014939
0.171159
0.446695
0.422307
0.273638
0.173749
0.082069
0.190742
0.228841
0.130733
0.079755
-0.589044
-0.517647
-0.251357
-0.256043
-0.278088
-0.271880
-0.691791
-0.691462
-0.872048
-0.869602
-0.565406
-0.568990
-0.698365
-0.692634
-0.826163
-0.831506
1.929810
1.718878
0.480232
0.477681
0.309799
0.277958
0.124679
0.043553
0.112826
-0.297129
0.204828
0.373787
-0.422557
-0.822533
-2.359162
-2.296167
0.026632
-0.089502
-0.131494
-0.272435
-0.718244
-1.357437
0.061061
1.384771
0.014467
-0.130322
-0.376253
0.245450
-1.821605
-0.568166
1.199666
0.204082
-0.205594
-1.349612
-1.488021
0.365952
2.180184
1.679780
1.292641
2.199223
0.833337
1.606576
1.930108
1.266045
0.614157
0.920955
0.638180
0.255807
0.665889
0.632021
0.704581
0.534727
0.965431
0.752281
0.384997
-0.229411
0.231464
0.542160
0.285731
-0.159338
-0.233421
-0.068397
-0.135503
-0.901430
-0.721258
-0.489329
-0.592953
-1.024658
-0.864135
-0.973535
-0.984356
2.061391
1.817623
0.361117
0.355733
0.267243
0.366142
0.164178
0.028706
-0.021904
-0.291360
0.249385
0.193422
-0.407332
-0.665163
-2.457144
-2.462624
-0.086602
-0.064221
-0.015325
-0.363115
-0.735772
-1.298564
0.064867
1.501376
-0.043349
-0.229013
-0.286547
0.492268
-2.006590
-0.701381
1.109604
0.266013
-0.203028
-1.480728
-1.500639
0.498247
2.116407
1.593078
1.343677
2.175848
0.583533
1.471371
1.815705
1.093791
0.721718
1.126021
0.636744
-0.247488
0.515219
0.778094
0.991596
0.578484
0.959426
0.833852
0.183914
0.391731
1.024873
0.653630
0.355955
-0.476626
-0.472771
-0.012694
-0.110481
-0.438666
-0.238633
-0.656448
-0.731210
-0.897224
-0.750044
-0.429307
-0.451956
-0.708916
-0.712749
-0.818837
-0.824782
1.924539
1.690096
0.503896
0.512695
0.318811
0.267029
0.141124
0.061132
0.053327
-0.333654
0.190449
0.306498
-0.466722
-0.807447
-2.357091
-2.388797
-0.065707
-0.083372
-0.122537
-0.295791
-0.749666
-1.343878
0.091512
1.379388
0.017899
-0.112541
-0.385605
0.180356
-1.871658
-0.609076
1.172833
0.193504
-0.203678
-1.348891
-1.473232
0.413474
2.193024
1.707453
1.286375
2.207086
0.891578
1.635973
1.935410
1.273831
0.654665
0.930044
0.580522
0.217296
0.665401
0.587492
0.685430
0.487763
0.756851
0.830206
0.334206
-0.093754
0.184714
0.772489
0.389853
-0.719453
-0.766911
0.603223
0.461549
-0.534363
-0.436044
-0.928912
-1.084261
-1.006284
-0.951601
-1.672451
-1.355109
0.521617
0.535776
0.475341
0.326319
0.139844
0.076447
1.257236
0.147526
0.170349
0.238437
-0.258862
-0.575099
-2.420525
-2.350600
-0.186774
-0.152248
0.044316
-0.276134
-0.825378
-1.373346
0.077827
1.538395
0.284671
-0.044285
-0.411997
0.251749
-1.895557
-0.615087
1.158805
0.338018
-0.129892
-1.466102
-1.578456
0.397479
2.068411
1.563923
1.319487
2.201479
0.697348
1.582059
2.060858
1.505704
0.676377
1.125741
0.670604
-0.015094
0.563494
0.720043
0.667825
0.314016
0.473729
0.419025
-0.007771
0.065463
-0.380675
0.002364
0.406434
-0.089727
-0.610100
-0.369111
-1.231475
-1.549795
-2.277108
-2.280903
-0.419395
-0.419772
-0.072529
-0.072619
-1.744235
-1.546059
1.786047
1.138687
0.467718
0.908544
1.138813
0.757142
1.170019
0.889309
0.325612
0.737940
0.803183
0.017992
-0.048665
-0.136545
0.039763
-0.247233
-0.096704
1.232235
0.880307
-0.295158
-0.156508
-0.306123
-0.188162
-0.703852
-0.901778
-1.674884
-1.131984
0.683651
0.574192
0.359253
0.266219
0.133074
0.086811
1.299294
0.217549
0.193372
0.348655
-0.310933
-0.696212
-2.414390
-2.316174
-0.121503
-0.163090
-0.085817
-0.206718
-0.693738
-1.320961
0.138955
1.408913
0.251923
0.072407
-0.371157
0.182155
-1.752026
-0.599911
1.112144
0.232182
-0.220924
-1.358173
-1.434381
0.438939
2.145067
1.670414
1.282263
2.234271
0.889840
1.661403
1.980049
1.316233
0.624027
0.926276
0.631028
0.237958
0.667543
0.654069
0.761058
0.519258
0.791011
0.829104
0.294310
0.036838
0.307014
0.701901
0.321694
-0.632366
-0.661237
0.690969
0.503491
-0.574685
-0.455097
-0.831703
-1.032772
-0.996138
-0.935827
-1.668504
-1.318016
0.471213
0.485528
0.463827
0.432793
0.237020
0.112496
1.388625
0.293977
0.224270
0.178879
-0.310453
-0.585316
-2.390093
-2.389199
-0.224399
-0.178681
0.001368
-0.258252
-0.762430
-1.345045
0.078913
1.469079
0.156637
-0.115027
-0.388519
0.316945
-1.949955
-0.677332
1.061597
0.217760
-0.198620
-1.454504
-1.509813
0.509929
2.139586
1.591323
1.375653
2.260560
0.621904
1.493103
1.797149
0.880331
0.799553
1.188385
0.597434
0.139181
0.585593
0.783722
0.422140
-0.035031
0.622453
0.508300
-0.596783
-0.504734
0.367162
0.754008
-0.160353
-0.787994
-1.337379
-1.069966
-1.702153
-2.196849
-0.316374
-0.317185
-0.163822
-0.164179
-1.722423
-1.596810
1.783999
1.062907
0.514059
0.940047
1.156654
0.750840
1.221979
0.846854
0.240318
0.803768
0.815226
0.001683
-0.021449
-0.158297
-0.004690
-0.276145
-0.203771
1.203459
0.891780
-0.304477
-0.206284
-0.382149
-0.203202
-0.709240
-0.902305
-1.627132
-1.091446
0.714565
0.611953
0.298425
0.236437
0.144942
0.081239
1.203841
0.195625
0.170249
0.303680
-0.335748
-0.704344
-2.418185
-2.384634
-0.161913
-0.143216
-0.067967
-0.273674
-0.761815
-1.353959
0.107416
1.368071
0.204759
0.061936
-0.347951
0.227071
-1.673262
-0.563636
1.103159
0.208868
-0.190870
-1.325538
-1.438064
0.449269
2.176997
1.692954
1.291827
2.256279
0.935766
1.668901
1.946884
1.215678
0.626150
0.947844
0.598477
0.224122
0.701775
0.612535
0.707006
0.509885
0.782800
0.878102
0.364213
-0.085913
0.160260
0.715152
0.362657
-0.710160
-0.757348
0.615154
0.461603
-0.534623
-0.422028
-0.923979
-1.102323
-1.003947
-0.947852
-1.698098
-1.377621
0.512384
0.532376
0.457684
0.297119
0.136073
0.087461
1.287557
0.147152
0.174502
0.240118
-0.288230
-0.618483
-2.444869
-2.361012
-0.196474
-0.131427
0.062997
-0.231070
-0.768941
-1.361483
0.078738
1.568458
0.217440
-0.111626
-0.429930
0.223562
-1.885125
-0.618812
1.105931
0.256992
-0.134920
-1.443892
-1.563869
0.422111
2.166929
1.617124
1.306448
2.206128
0.656385
1.543828
1.858592
0.928969
0.606006
1.054293
0.756767
0.140123
0.385198
0.564593
0.396753
-0.276703
0.332027
0.300367
-0.171482
-0.080933
-0.367601
-0.035785
-0.135278
-1.168449
-0.174144
0.156708
-0.506220
-1.746029
-2.273425
-2.295647
0.610473
1.150930
0.606518
0.526962
1.063179
1.169068
1.296387
1.342358
0.553908
0.329225
0.687112
0.591892
0.387386
0.450683
-0.197399
-0.194483
-0.273843
-0.320771
1.307414
1.357297
1.226989
1.241051
0.033538
0.034829
-1.210628
-0.866206
0.089232
0.086335
-0.565770
-0.049640
-0.271610
-0.478509
0.866484
0.079111
-0.027282
0.036295
-0.378519
-0.720346
-2.552657
-2.657543
-0.124503
-0.130953
-0.210567
-0.514920
-0.794842
-1.315256
-0.155306
0.906561
0.006679
-0.086966
-0.400091
0.212183
-1.886895
-0.671909
1.115016
0.126424
-0.168967
-1.301856
-1.415409
0.609952
2.077825
1.574693
1.351534
2.308940
0.760482
1.554361
1.848747
0.968430
0.722254
1.123701
0.652418
-0.161670
0.438822
0.688314
0.271087
-0.432653
0.576380
0.413512
0.172713
0.505813
1.251971
1.422678
0.167166
-0.998693
-1.798407
-0.602510
0.591381
-0.042306
0.505655
0.507612
0.601306
0.630053
0.450826
0.462482
0.054008
0.020265
-0.300791
-0.322995
-0.549386
-0.552366
0.619879
0.553883
0.381268
0.392753
-1.710694
-1.704190
-2.376315
-2.374400
1.584439
1.642092
0.903874
0.884721
-0.105025
-0.110380
0.424302
0.524025
0.065065
0.011529
-0.288280
0.097919
-0.216342
-0.429785
0.995844
0.291085
-0.070296
0.091993
-0.323421
-0.679744
-2.383169
-2.381730
0.258756
0.112634
-0.267574
-0.670680
-0.707045
-1.138484
-0.044745
1.029910
0.058967
-0.096857
-0.428530
0.124658
-1.732881
-0.586530
1.099116
0.174644
-0.203223
-1.318314
-1.452307
0.476019
2.133412
1.546301
1.310873
2.291253
0.864360
1.642074
1.937165
1.112665
0.685842
1.081716
0.562429
0.048801
0.569923
0.799879
0.428001
0.004725
0.528856
0.401255
-0.476411
-0.366179
0.276620
0.817521
-0.066791
-0.719776
-1.097953
-0.766431
-1.389341
-2.078116
-0.176889
-0.573810
-0.436228
-0.192535
-1.400051
-1.226945
1.072117
0.625001
0.637043
0.204151
0.066865
0.652114
1.647674
1.391907
0.878085
-0.126317
-1.072237
1.098686
1.433186
0.551819
0.666467
0.769059
2.135206
2.640812
0.235236
-1.296635
0.112125
0.350487
0.577903
0.922549
-1.154835
0.699515
2.203257
1.564279
-0.513750
-0.746819
-0.349734
0.375036
0.022362
-0.567455
-0.451365
-0.048744
0.017212
-1.540534
-2.001641
-1.227954
-1.067650
-0.248162
0.393610
0.743717
-0.283116
1.323664
0.255900
-1.066550
-1.091252
-0.775313
-0.617338
-0.323413
-0.493999
0.036085
1.372861
1.598840
0.912218
0.587138
0.354107
0.371196
-0.311816
-0.260343
0.476699
0.043793
0.849238
1.865399
2.458661
1.098675
-0.586532
-1.199392
-0.114247
-0.623705
-0.899378
-0.933154
-1.011239
-0.196591
0.709895
0.482219
-0.601459
-1.120348
-0.599322
0.186492
-0.076113
0.142307
0.250537
0.255166
0.244454
-0.036661
0.235861
0.010466
-0.291547
-0.376011
-0.269531
-0.678401
-0.739284
-0.487805
-0.578909
-0.808405
-0.690305
-0.731476
-0.740474
-0.828657
-0.812402
2.322926
1.954679
0.456957
0.499072
0.337619
0.252289
0.108680
0.019704
-0.403713
-0.487274
0.166467
0.274021
-0.491890
-0.761530
-2.388322
-2.380986
0.056638
-0.017122
-0.035847
-0.255056
-0.611529
-1.197041
0.117588
1.356263
-0.079521
-0.199748
-0.430420
0.207647
-2.031148
-0.776257
1.083808
0.127416
-0.291784
-1.438641
-1.442638
0.474917
2.142593
1.638065
1.342997
2.210745
0.719657
1.726187
1.944432
0.937492
0.705987
1.144943
0.948709
0.419952
0.591846
0.589553
0.449115
0.044033
0.949702
0.436545
-0.123044
0.040437
0.473141
1.349048
-0.157629
-0.953420
0.435383
-1.023062
-0.842470
-1.255898
-1.525450
0.362383
0.605571
-0.080927
-0.234751
0.904105
1.665373
1.252824
0.977853
0.250411
0.513338
-1.087451
-1.776040
-0.796225
-0.166967
0.321846
0.236220
0.341252
0.743006
1.964455
-0.313960
-0.854627
-0.135695
0.410824
-0.118192
-0.263450
-0.458298
0.288712
1.596574
1.463419
0.662146
0.295471
0.388383
0.502984
-0.530249
-0.396682
0.513598
0.107275
2.179017
2.300112
2.477927
2.138727
-0.895490
-0.978060
0.237662
0.082130
-1.254776
-1.505727
-0.310673
-0.363128
0.570191
0.591972
0.277076
0.094336
0.178107
0.157487
-0.449308
-0.473022
-0.283156
-0.277514
-0.347234
-0.370412
-0.578290
-0.585084
-0.753849
-0.742060
-0.466947
-0.502731
-0.821577
-0.773467
-0.912879
-0.915272
2.058952
1.917454
0.413341
0.333394
0.075149
0.226578
0.122566
0.024506
-0.340623
-0.485351
0.253643
0.321941
-0.407149
-0.722941
-2.467013
-2.400845
-0.057265
-0.142529
-0.122057
-0.329752
-0.635898
-1.160036
0.073919
1.315456
-0.046218
-0.224988
-0.412027
0.135429
-2.153318
-0.798295
1.117825
0.223033
-0.205329
-1.411876
-1.495901
0.356742
2.098758
1.602650
1.304348
2.330345
0.715330
1.476733
1.912982
1.437993
0.736727
1.070460
0.664179
-0.591089
0.461059
0.728472
0.611956
0.276498
0.800133
0.613588
0.146244
0.375684
0.553165
0.810818
0.903060
0.302539
-0.195174
0.092560
-0.197590
-0.720571
-0.597669
-0.580975
1.530361
1.666426
-0.580881
-0.690348
-1.843884
-0.971830
-2.062338
-0.917817
0.034287
-0.481813
0.890621
0.637812
0.317809
-0.088575
1.033347
0.223308
-0.796601
0.032693
0.102731
0.169947
0.001452
-0.416037
-0.586945
-2.362038
-2.781945
-0.198815
0.045776
0.019343
-0.465105
-0.789307
-1.098088
0.055908
0.986985
-0.065568
-0.011507
-0.315888
-0.033635
-1.967825
-0.755094
1.062675
0.097213
-0.288685
-1.428677
-1.555311
0.355028
2.066368
1.647484
1.337476
2.207013
0.762906
1.558077
1.932917
1.326405
0.420931
0.909864
0.609621
-0.237767
0.619210
0.742231
0.737301
0.486538
1.053686
0.892247
0.404546
0.487194
0.174942
0.611835
0.279619
-0.106616
-0.084202
0.158528
-0.137583
-0.360866
-0.442307
-0.450159
-0.533182
-0.559542
-0.802086
-0.762023
-0.977837
-0.976923
2.208847
1.964883
0.373677
0.374763
0.190595
0.335933
0.195128
0.003361
-0.462466
-0.464936
0.256981
0.328708
-0.339201
-0.667053
-2.460675
-2.476876
-0.017388
0.057505
0.065279
-0.417596
-0.630538
-1.125018
0.127042
1.494645
-0.011536
-0.159903
-0.327150
0.282232
-2.038575
-0.737372
1.130277
0.317172
-0.120284
-1.398918
-1.544684
0.471274
2.157181
1.586231
1.318435
2.141311
0.636241
1.519726
1.901803
1.393522
0.816027
1.184417
0.714664
-0.171264
0.512498
0.681871
0.836987
0.130337
0.661544
0.806550
0.181147
0.198671
0.626180
0.697801
0.461964
0.546641
0.551061
0.041882
-0.019564
-0.472872
-0.287273
-0.477843
-0.576536
0.540235
0.680570
-0.527613
-0.538858
-0.829451
-0.835528
-0.956968
-0.961659
-1.846353
-1.431896
0.593911
0.604909
0.328829
0.257805
0.140923
0.071282
1.185981
0.200988
0.168251
0.306767
-0.305626
-0.677879
-2.414593
-2.366892
-0.212088
-0.185836
-0.054391
-0.285541
-0.786395
-1.372784
0.128516
1.421717
0.224124
0.035954
-0.384194
0.232338
-1.750008
-0.615335
1.124979
0.235674
-0.234395
-1.367109
-1.444348
0.438416
2.209438
1.732536
1.310773
2.246094
0.986530
1.707394
1.955824
1.243454
0.680864
0.975029
0.580221
0.158459
0.655777
0.593425
0.707881
0.674823
1.006006
0.650173
0.295607
-0.219593
0.143269
0.516134
0.254505
-0.129431
-0.176269
-0.158993
-0.236744
-0.644011
-0.456392
-0.445289
-0.545751
-1.009231
-0.868513
-0.926313
-0.935841
2.201408
1.940689
0.333591
0.337341
0.292234
0.350951
0.158238
0.021787
-0.242769
-0.377973
0.283007
0.223243
-0.481798
-0.752338
-2.506333
-2.524113
-0.124201
-0.006541
0.080365
-0.246330
-0.713188
-1.266732
0.132976
1.539810
0.030821
-0.176019
-0.378922
0.291676
-2.048042
-0.720615
1.234845
0.397816
-0.187014
-1.528496
-1.605762
0.454918
2.063530
1.583459
1.385283
2.232889
0.686719
1.540528
1.853015
1.113123
0.382829
0.809000
0.709195
0.051173
0.388410
0.545039
0.702036
0.346359
0.733024
0.676137
-0.024008
0.071476
-0.458314
-0.155257
0.397731
-0.064027
0.528170
0.730231
-1.160579
-1.497237
-2.190677
-2.192145
-0.383551
-0.384014
-0.861696
-0.862402
-1.761104
-1.607814
1.470434
0.990870
0.479328
0.906469
0.861057
0.565127
1.207246
0.906814
0.339289
0.714820
0.755337
0.034813
-0.268008
-0.526620
0.017757
-0.276476
-0.232211
1.020718
0.826765
-0.464525
-0.312223
-0.259373
-0.154485
-0.704068
-0.890883
-1.715550
-1.183662
0.721004
0.582683
0.203073
0.327833
0.218533
0.029732
1.019190
0.243088
0.158069
0.179242
-0.383536
-0.657560
-2.407316
-2.341395
-0.201616
-0.212490
-0.020785
-0.327463
-0.835716
-1.358188
0.122066
1.388849
0.031190
-0.037277
-0.362306
0.129752
-1.963819
-0.720246
1.085829
0.092553
-0.286668
-1.411864
-1.501163
0.449682
2.107347
1.645957
1.306813
2.195338
0.771446
1.582453
1.959952
1.353862
0.484861
0.876515
0.617269
0.101661
0.647961
0.640354
0.709505
0.575766
1.062651
0.824536
0.395657
-0.179344
0.179134
0.553374
0.285407
-0.175668
-0.191790
-0.104292
-0.172810
-0.645396
-0.459387
-0.469065
-0.606144
-0.916866
-0.759362
-0.997507
-1.004193
2.177534
1.950980
0.370619
0.364068
0.153592
0.278011
0.128375
0.017234
-0.351155
-0.598854
0.206374
0.303324
-0.400853
-0.675524
-2.520772
-2.487418
0.046954
-0.013443
0.010131
-0.294003
-0.685165
-1.229364
0.068314
1.423644
-0.103837
-0.269498
-0.336853
0.387364
-2.116738
-0.734928
1.147454
0.241018
-0.221077
-1.440764
-1.509588
0.498802
2.227555
1.617992
1.327239
2.221074
0.581901
1.491850
1.812421
0.891646
0.865658
1.220456
0.609528
0.146552
0.533020
0.728390
0.413891
-0.021358
0.599580
0.525951
-0.524502
-0.459924
0.362561
0.739011
-0.194571
-0.817103
-1.371335
-1.097203
-1.679576
-2.177020
-0.327313
-0.328087
-0.174531
-0.174915
-1.693697
-1.568687
1.775299
1.087465
0.549120
0.956064
1.163446
0.810680
1.289206
0.852542
0.247001
0.760138
0.741778
0.006569
0.000600
-0.151318
-0.002247
-0.263802
-0.199524
1.206809
0.903674
-0.331465
-0.242039
-0.365269
-0.181103
-0.721356
-0.910992
-1.591725
-1.059842
0.725180
0.620918
0.277267
0.228467
0.143741
0.095953
1.243998
0.204574
0.192570
0.333198
-0.308848
-0.678358
-2.402834
-2.378425
-0.177710
-0.166432
-0.087401
-0.269985
-0.767036
-1.361770
0.115479
1.386156
0.231007
0.066959
-0.352381
0.214483
-1.688013
-0.560861
1.110965
0.197040
-0.219392
-1.339976
-1.452671
0.442017
2.168894
1.680177
1.281112
2.246805
0.920051
1.668410
1.944086
1.245757
0.647176
0.948692
0.604857
0.235886
0.716958
0.616780
0.688185
0.611290
1.025370
0.740171
0.371217
-0.272363
0.071399
0.446861
0.210002
-0.165933
-0.241519
-0.166893
-0.233901
-0.690306
-0.505644
-0.422987
-0.527981
-0.975893
-0.835455
-0.960560
-0.970235
2.252783
1.972474
0.380720
0.390285
0.283053
0.251119
0.085277
0.021883
-0.261130
-0.497581
0.221027
0.275370
-0.373376
-0.681180
-2.513890
-2.474962
-0.107801
-0.054874
0.033462
-0.287148
-0.670773
-1.265012
0.043021
1.530318
-0.051338
-0.296551
-0.426215
0.235541
-2.040520
-0.722018
1.111845
0.267117
-0.134920
-1.443892
-1.563869
0.422111
2.166929
1.617124
1.306448
2.206128
0.656385
1.543828
1.856670
0.924764
0.606080
1.054357
0.624683
-0.085197
0.457658
0.631225
0.325951
-0.266143
0.709773
0.542017
0.306676
0.648326
1.143567
1.366901
0.000782
-1.331353
-2.100793
-0.614160
0.505580
0.185023
0.483316
0.481485
1.866576
1.179595
0.697842
0.766021
0.250632
-0.067405
-0.463102
-0.019688
-0.017500
0.006753
-0.088649
0.174762
-0.328675
-1.312564
-0.770480
0.741411
0.389868
0.427021
-0.651953
-1.059186
-0.931671
-0.594031
2.087848
1.000447
0.075107
0.155954
0.341593
0.215172
0.082082
0.004943
-0.255630
-0.391528
0.162389
0.246678
-0.371417
-0.662060
-2.349329
-2.141005
-0.034911
-0.182063
-0.129626
-0.314262
-0.617988
-1.229331
0.020308
1.222300
-0.040023
-0.196244
-0.410047
0.177663
-2.000255
-0.664711
1.133951
0.066460
-0.308983
-1.379165
-1.457319
0.425599
2.064164
1.505484
1.239500
2.240434
0.803565
1.580986
1.870203
1.023554
0.582074
1.056813
0.647513
-0.169788
0.865108
0.861772
0.862169
0.855270
1.159449
0.806537
0.214726
0.539090
0.582648
0.807433
0.017899
-0.617048
-0.334540
-0.055569
-0.019335
-0.421714
-0.791886
-0.775807
-0.607071
-0.549806
-0.446790
-0.481337
-0.675940
-0.653491
-0.855150
-0.863782
2.113125
1.857562
0.417719
0.392501
0.127451
0.342047
0.226250
0.003665
-0.387106
-0.370218
0.381862
0.423026
-0.460550
-0.692370
-2.304846
-2.332612
0.060757
-0.104901
-0.054599
-0.273284
-0.667574
-1.267346
-0.053881
1.233216
-0.140377
-0.288803
-0.447716
0.175860
-2.005713
-0.717175
1.068508
0.107195
-0.248480
-1.451404
-1.538404
0.451866
2.128456
1.631348
1.258735
1.409757
0.725395
1.607766
1.354225
0.319566
0.268128
0.886034
-0.157997
-0.636276
0.840894
0.774150
0.271467
-0.076460
0.206120
-0.346309
-2.025483
-1.946439
1.346448
1.436621
1.243633
0.611658
1.011773
-0.223134
0.665645
1.786707
0.614755
-0.260749
0.335431
0.496092
0.883454
1.496561
1.074481
0.248042
-0.085210
-1.401381
-1.307552
-0.582504
0.407242
0.798365
0.958842
1.068737
0.517459
1.850150
0.324314
-0.577510
-0.808889
0.262587
-0.075688
-0.401533
-0.563127
0.384305
1.734978
1.594621
0.659240
0.299405
0.398687
0.521331
-0.490421
-0.386563
0.444108
0.049933
2.051932
2.173355
2.422983
2.082719
-0.993261
-1.069326
0.324122
0.164714
-0.995961
-1.270592
-1.296282
-1.481169
0.503471
0.612681
0.245906
0.068497
-0.163621
-0.236225
0.133576
0.128640
0.254559
0.203264
-0.591214
-0.539725
-0.357030
-0.365889
-0.492359
-0.482833
-0.704155
-0.705209
-0.783173
-0.778217
-0.526249
-0.524600
-0.672742
-0.674098
-0.839123
-0.844970
2.240051
1.963426
0.515833
0.525593
0.156101
0.223421
0.124283
0.026254
-0.382455
-0.482274
0.261056
0.270363
-0.436717
-0.690105
-2.335565
-2.177231
0.129097
-0.061637
-0.053325
-0.239497
-0.822452
-1.306653
0.123422
1.334317
-0.179448
-0.248977
-0.392150
0.179285
-1.962151
-0.709149
1.063639
0.120850
-0.322811
-1.445496
-1.440839
0.416828
2.110336
1.694281
1.454755
2.139976
0.762892
1.665993
1.952521
0.602443
0.519042
1.081330
0.591263
-0.190549
0.227278
0.390396
0.437872
-0.329707
-0.015309
0.423014
-0.294018
-0.242347
0.084476
0.649035
0.109070
-2.188736
-2.149871
-0.677392
-0.864406
0.671572
0.682895
0.084368
0.304028
1.497860
1.931006
1.516369
1.272600
0.508426
0.529189
-1.119145
-1.610432
-0.284746
0.344166
0.560067
0.200288
0.449219
0.394771
1.829770
0.056502
0.111748
0.308148
0.381642
0.084299
0.135840
-0.030918
0.333150
1.633362
1.492235
0.661246
0.285467
0.373283
0.499181
-0.531965
-0.435740
0.485667
0.103757
2.095106
2.219193
2.512735
2.173813
-0.963867
-1.047309
0.251337
0.092320
-1.231841
-1.483122
-0.316487
-0.368710
0.754769
0.774370
0.198640
0.009184
0.191055
0.169838
-0.439224
-0.462669
-0.215176
-0.211134
-0.308907
-0.330053
-0.602560
-0.609470
-0.854715
-0.842382
-0.534188
-0.570244
-0.858683
-0.810321
-0.805566
-0.808263
2.060269
1.916861
0.484440
0.414082
0.035457
0.222715
0.178336
0.024325
-0.390790
-0.597558
0.214941
0.378074
-0.424770
-0.689938
-2.334108
-2.234799
0.030252
-0.051715
-0.028755
-0.237649
-0.648731
-1.191759
0.163452
1.385347
-0.099610
-0.232489
-0.401777
0.248260
-1.988348
-0.688139
1.104655
0.139573
-0.196565
-1.366701
-1.514485
0.381341
2.038057
1.581201
1.309003
2.249980
0.798948
1.512841
1.827992
1.195074
0.710586
1.082297
0.698287
-0.249332
0.310162
0.637811
0.790432
0.274435
1.048430
0.765136
0.064492
0.633851
1.316146
1.345868
0.976305
0.705964
0.298927
0.881560
0.409904
-1.138936
0.755748
0.059738
-0.548351
0.237281
0.308922
0.267299
0.237357
0.165371
0.160188
0.119304
0.098362
-0.598001
-0.595245
-0.490223
-0.478964
-0.295385
-0.561519
-0.507083
-0.478276
-1.018420
-1.420500
-1.402952
-1.665021
-1.755508
-1.968247
-1.536747
-1.527575
1.129639
1.552092
1.428846
0.651889
-0.628887
0.837489
1.582558
1.668731
0.500060
0.518010
0.515873
1.097605
1.519472
0.842545
0.266032
0.399178
1.008421
0.932286
0.727380
0.847311
1.202936
1.521546
1.407529
1.355014
0.509474
0.981906
0.842582
1.343506
1.015342
0.135946
0.380373
0.446015
0.297950
0.193759
0.099496
0.247870
0.289139
0.153998
0.102215
-0.605473
-0.533588
-0.237771
-0.242395
-0.234211
-0.228069
-0.718069
-0.718298
-0.901933
-0.898258
-0.519394
-0.523427
-0.715978
-0.709804
-0.827074
-0.832597
1.986130
1.759444
0.468941
0.477039
0.301935
0.254102
0.128345
0.049221
0.019749
-0.331314
0.181852
0.344591
-0.405719
-0.809608
-2.387256
-2.366212
-0.019564
-0.033601
-0.057583
-0.266836
-0.640039
-1.297893
0.098676
1.467819
0.001602
-0.129127
-0.366709
0.250382
-1.867219
-0.661580
1.169490
0.292196
-0.210279
-1.353857
-1.427278
0.430485
2.188044
1.711642
1.312522
2.246355
0.980897
1.697070
1.915762
1.174272
0.657253
0.979269
0.586622
0.178510
0.714487
0.638639
0.734281
0.629625
0.989011
0.769472
0.408670
-0.199570
0.222101
0.526678
0.271472
-0.168989
-0.234301
-0.083342
-0.159082
-0.940033
-0.737493
-0.503786
-0.602840
-1.045420
-0.886919
-0.974968
-0.984558
2.064126
1.815608
0.355583
0.358821
0.271882
0.361336
0.166388
0.023549
-0.031065
-0.292963
0.238649
0.205319
-0.387780
-0.661570
-2.455160
-2.479054
-0.104231
-0.079903
-0.025648
-0.345753
-0.725794
-1.301270
0.034593
1.445711
-0.036771
-0.225140
-0.370486
0.352806
-2.033857
-0.736092
1.096444
0.266627
-0.192137
-1.489257
-1.498754
0.537523
2.147338
1.614968
1.362933
2.208301
0.583114
1.459737
1.767538
1.006637
0.732550
1.122211
0.604963
-0.294441
0.534505
0.777995
0.973598
0.542588
0.967400
0.865196
0.199808
0.462859
1.074316
0.650592
0.367638
-0.484356
-0.491575
-0.004709
-0.113400
-0.436321
-0.222043
-0.664166
-0.734429
-0.933039
-0.790761
-0.414424
-0.435391
-0.735636
-0.741988
-0.824599
-0.831546
1.968536
1.734987
0.505382
0.515408
0.327441
0.253564
0.136269
0.065050
0.030955
-0.345961
0.172778
0.314029
-0.421113
-0.790633
-2.379902
-2.333207
-0.036760
-0.048943
-0.068440
-0.310265
-0.670678
-1.264963
0.108400
1.405300
0.001143
-0.120914
-0.385042
0.233960
-1.867247
-0.694375
1.140174
0.260904
-0.234395
-1.367109
-1.445538
0.441688
2.209438
1.732536
1.312457
2.250704
0.986530
1.707394
1.952324
1.233125
0.680864
0.975029
0.582407
0.217965
0.698537
0.570077
0.671198
0.506411
0.760452
0.844249
0.358374
-0.081740
0.179615
0.750290
0.381002
-0.716441
-0.759303
0.622871
0.452156
-0.547863
-0.436567
-0.921675
-1.088863
-1.004591
-0.949406
-1.666222
-1.351342
0.509085
0.529006
0.453998
0.297514
0.138844
0.077790
1.260807
0.153699
0.174561
0.250008
-0.276112
-0.614910
-2.446072
-2.355542
-0.163104
-0.098845
0.076851
-0.268046
-0.816849
-1.355223
0.086865
1.529265
0.255919
-0.093817
-0.408344
0.319445
-1.868249
-0.621985
1.092833
0.251181
-0.098577
-1.436468
-1.520903
0.529764
2.094596
1.602166
1.347103
2.212870
0.693716
1.544654
2.013496
1.526820
0.674807
1.092309
0.648401
-0.025476
0.562784
0.724135
0.679576
0.295930
0.430867
0.388249
0.004514
0.097731
-0.355929
0.001751
0.432937
-0.047751
-0.617794
-0.386260
-1.229987
-1.539562
-2.283853
-2.287557
-0.432555
-0.432900
-0.068019
-0.068101
-1.717594
-1.516084
1.777533
1.125688
0.461719
0.922785
1.135116
0.748888
1.174626
0.892457
0.335144
0.743331
0.815632
0.026284
-0.050639
-0.135439
0.034053
-0.247832
-0.083479
1.238997
0.868584
-0.291440
-0.146376
-0.304656
-0.190168
-0.702692
-0.901515
-1.676294
-1.146276
0.679674
0.579050
0.367312
0.268308
0.132587
0.083422
1.283770
0.214567
0.189903
0.346761
-0.313680
-0.698813
-2.419243
-2.368721
-0.151680
-0.148117
-0.072094
-0.232430
-0.759407
-1.368859
0.122650
1.392458
0.212193
0.059337
-0.347571
0.207697
-1.682789
-0.554132
1.102713
0.238452
-0.183899
-1.339575
-1.441757
0.456054
2.194231
1.695112
1.282535
2.239865
0.915480
1.669520
1.934866
1.230829
0.650191
0.948770
0.603684
0.208929
0.694576
0.657165
0.753389
0.525619
0.807078
0.830821
0.299118
0.056835
0.308001
0.685119
0.323212
-0.634522
-0.675103
0.661167
0.509300
-0.571642
-0.464440
-0.857700
-1.026179
-0.990651
-0.937794
-1.662320
-1.310138
0.477116
0.491086
0.480861
0.436743
0.229405
0.101969
1.386208
0.290829
0.215528
0.195691
-0.287463
-0.581004
-2.399058
-2.394309
-0.221902
-0.148919
0.038242
-0.256959
-0.775286
-1.329943
0.083276
1.467245
0.191606
-0.102818
-0.385581
0.345624
-1.914625
-0.657567
1.070928
0.255575
-0.118693
-1.410416
-1.510827
0.481111
2.085176
1.571565
1.369693
2.237029
0.669873
1.513159
1.777030
0.842987
0.847769
1.234353
0.592567
0.134525
0.549028
0.734266
0.418289
-0.004520
0.598656
0.480738
-0.587810
-0.494951
0.375491
0.755956
-0.185082
-0.811411
-1.346339
-1.080721
-1.677407
-2.166318
-0.321205
-0.322002
-0.166498
-0.166860
-1.719674
-1.593974
1.778676
1.057151
0.513916
0.943705
1.163637
0.754269
1.220692
0.846092
0.240723
0.807233
0.818818
0.001686
-0.020040
-0.152165
-0.000803
-0.276454
-0.205126
1.202501
0.892566
-0.305322
-0.207132
-0.381228
-0.202295
-0.709511
-0.902650
-1.626355
-1.089933
0.713281
0.610673
0.300543
0.237124
0.143918
0.080868
1.202495
0.193643
0.168871
0.303856
-0.321959
-0.692307
-2.417829
-2.380959
-0.161413
-0.143846
-0.067801
-0.274240
-0.765518
-1.356848
0.108348
1.367137
0.195719
0.055841
-0.350869
0.229362
-1.660702
-0.555224
1.102998
0.208868
-0.191062
-1.326393
-1.437544
0.449269
2.182926
1.698263
1.292232
2.256279
0.939110
1.671166
1.947123
1.215678
0.629308
0.950037
0.599617
0.224122
0.700471
0.602200
0.695943
0.505943
0.779286
0.855903
0.337315
-0.077124
0.171321
0.733216
0.378161
-0.717554
-0.764820
0.607356
0.453962
-0.533360
-0.420696
-0.936103
-1.114552
-1.007370
-0.951283
-1.690867
-1.370051
0.510799
0.530792
0.455529
0.296207
0.140645
0.074258
1.219256
0.146082
0.175657
0.264799
-0.248640
-0.596845
-2.439433
-2.330342
-0.147729
-0.122364
0.051978
-0.260686
-0.842693
-1.391542
0.074250
1.530006
0.277368
-0.065477
-0.409808
0.280968
-1.888475
-0.639586
1.093095
0.280906
-0.079159
-1.429342
-1.529602
0.497647
2.105246
1.601560
1.349683
2.213521
0.696269
1.574556
1.888317
0.988847
0.646002
1.073314
0.725011
0.119989
0.391768
0.559946
0.357297
-0.308719
0.297468
0.274237
-0.160436
-0.082380
-0.349609
-0.035680
-0.139490
-1.120837
-0.186079
0.135195
-0.567917
-1.777146
-2.271831
-2.294048
0.630871
1.173040
0.616773
0.537117
1.063158
1.169026
1.307779
1.353847
0.539548
0.314228
0.638422
0.543535
0.424957
0.488500
-0.181886
-0.178966
-0.280976
-0.327668
1.301228
1.351315
1.251656
1.265600
0.045169
0.046459
-1.235178
-0.884620
0.098196
0.095340
-0.555835
-0.045505
-0.264049
-0.461444
0.897553
0.078405
-0.022205
0.029931
-0.358903
-0.689174
-2.559453
-2.630216
-0.109669
-0.138392
-0.211825
-0.540176
-0.835647
-1.326332
-0.110552
0.964590
-0.022004
-0.091681
-0.384952
0.191796
-1.837176
-0.611471
1.160570
0.208242
-0.160497
-1.297622
-1.442322
0.545577
2.081502
1.586980
1.351129
2.289924
0.723361
1.544289
1.879260
1.021291
0.709067
1.098778
0.645508
-0.186641
0.433918
0.705188
0.291429
-0.431350
0.580432
0.412412
0.162474
0.503055
1.285355
1.448630
0.158217
-1.012647
-1.801314
-0.628520
0.591942
-0.030366
0.504667
0.506615
0.597837
0.626580
0.450826
0.462482
0.054008
0.020265
-0.257883
-0.280026
-0.541800
-0.544784
0.610931
0.545503
0.370141
0.381617
-1.676312
-1.669863
-2.347193
-2.345291
1.565800
1.623311
0.907820
0.888669
-0.103204
-0.108559
0.415670
0.516056
0.062947
0.009394
-0.299406
0.091834
-0.219257
-0.443509
0.954924
0.285792
-0.073802
0.095660
-0.328138
-0.686715
-2.377910
-2.353358
0.257763
0.104936
-0.281781
-0.692280
-0.800198
-1.245090
-0.136671
0.944304
0.103079
-0.067015
-0.441722
0.083374
-1.759970
-0.562713
1.142386
0.177716
-0.175925
-1.315969
-1.464182
0.489408
2.124177
1.561044
1.327778
2.282922
0.848177
1.658068
1.928455
1.066943
0.637617
1.055639
0.565211
0.044302
0.572651
0.759901
0.407979
0.021315
0.544066
0.423292
-0.482216
-0.385169
0.290725
0.854513
-0.028510
-0.703345
-1.128449
-0.829202
-1.419801
-2.045378
-0.247453
-0.674239
-0.535231
-0.195390
-0.665514
-0.980716
0.633322
0.989092
0.634034
-0.027086
-0.334674
0.183612
0.112070
-0.345653
0.118046
0.923897
0.357996
0.912072
-0.008828
-0.648119
-1.469523
-1.063709
1.450486
1.104913
0.185185
0.236853
0.428870
0.349710
1.393568
1.537384
-0.728115
-0.751469
1.163856
1.126970
0.582288
0.422989
-1.005949
-0.584688
-2.112019
-2.466403
0.831399
1.297143
1.278052
1.154830
1.074743
1.170308
1.405129
1.389573
0.186543
0.337278
-0.022521
-0.082889
0.465806
0.454197
0.285542
0.224744
0.053316
-0.610876
-0.548816
-0.330199
-0.087474
-0.022010
0.245659
-0.224489
-0.648810
-0.802016
-0.567352
-0.455552
-0.574953
-0.598037
-0.690419
-0.860676
-0.820535
2.163782
1.838471
0.464531
0.472279
0.198547
0.171768
0.077876
0.005248
-0.223484
-0.354526
0.281714
0.389476
-0.348916
-0.686559
-2.381014
-2.258118
0.022748
-0.145811
-0.161622
-0.439254
-0.654256
-1.211586
0.132471
1.329349
-0.112338
-0.112526
-0.413380
0.033037
-1.965075
-0.621411
1.144705
0.117844
-0.189766
-1.271667
-1.393354
0.472061
2.214312
1.713388
1.408636
2.184211
0.919767
1.834789
2.016878
0.918180
0.623760
1.051145
0.549100
-0.797151
-0.090172
0.321888
0.388282
0.447000
1.082652
0.470126
-0.269744
-0.607805
0.058395
0.458881
0.077346
0.418088
0.316593
0.324921
0.274887
0.066398
0.183730
-0.348596
-0.355701
0.787678
0.504951
0.425915
0.454769
-1.994942
-1.994127
-2.073795
-2.122898
1.142654
1.491781
1.064397
0.877532
0.518901
0.781442
1.555693
1.291036
0.011450
0.169625
0.102870
0.244785
0.385773
-0.203853
-0.086638
-0.091105
-0.307660
-0.380405
-0.408326
-0.249608
-0.110263
-0.214327
0.162956
-0.083881
-0.600181
-0.914272
-0.748928
-0.888632
-0.923609
2.021066
1.717870
0.364486
0.376796
-0.036697
0.106386
0.061721
-0.003528
-0.286250
-0.429282
0.233778
0.276561
-0.431793
-0.664244
-2.298090
-2.265155
0.080618
-0.032915
-0.121392
-0.424412
-0.608231
-1.181937
0.069734
1.369692
0.021407
-0.051487
-0.309615
0.232740
-2.083032
-0.804242
1.059250
0.153347
-0.163495
-1.361991
-1.420532
0.535336
2.276837
1.684807
1.347144
2.300184
0.725796
1.532450
1.870029
1.172390
0.482511
1.007185
0.722176
-0.201853
0.678636
0.628945
0.665103
0.195675
0.655965
0.613148
0.053988
0.177475
0.373215
1.181972
0.842784
0.288018
0.291507
-0.111440
-0.199690
-0.672432
-0.614174
0.277266
0.177188
0.462779
0.535945
-1.199831
-1.231736
-2.025822
-2.029039
-0.404655
-0.413199
-0.807547
-0.651269
0.525216
0.461080
1.239485
0.971310
-0.312084
-0.461433
0.785973
0.188802
0.162961
0.266244
-0.225553
-0.550752
-2.684326
-2.754202
-0.167461
-0.214954
-0.108998
-0.286063
-0.439066
-1.109812
-0.092497
1.204152
0.390198
0.193252
-0.415072
0.138038
-1.768547
-0.641152
1.037492
0.064907
-0.315788
-1.460342
-1.458182
0.512148
2.138923
1.648947
1.231674
2.105191
0.684895
1.526591
1.992136
1.464766
0.617406
0.883932
0.641418
0.245949
0.641495
0.683067
0.791923
0.626729
1.024995
0.775738
0.372152
-0.221822
0.144543
0.517458
0.272952
-0.157754
-0.248950
-0.128402
-0.156969
-0.714282
-0.489475
-0.409408
-0.545622
-0.895890
-0.747512
-0.966646
-0.987452
2.222140
2.037501
0.399822
0.352724
0.214722
0.362926
0.159161
0.015280
-0.345574
-0.415922
0.288423
0.224677
-0.348390
-0.596295
-2.469483
-2.502528
-0.056345
0.030748
0.056780
-0.352956
-0.664581
-1.202853
0.063422
1.407725
-0.086260
-0.279780
-0.368665
0.354064
-2.046701
-0.733942
1.086108
0.254395
-0.126392
-1.419846
-1.486160
0.549994
2.086122
1.586356
1.341364
2.137046
0.678104
1.584783
1.907999
1.302493
0.747759
1.097289
0.622591
-0.291949
0.551320
0.753078
0.882353
0.137398
0.561869
0.772227
0.212853
0.127394
0.367650
1.046416
0.590027
0.353231
0.379828
0.098753
-0.089858
-0.677843
-0.561954
-0.284346
-0.452110
0.539745
0.600627
-1.123102
-1.154085
-2.082169
-2.088579
-0.302997
-0.311683
-0.840877
-0.732927
0.504350
0.517115
1.270178
0.906647
-0.274214
-0.359184
1.023619
0.231043
0.105046
0.242217
-0.198746
-0.571462
-2.612998
-2.712301
-0.156994
-0.137333
-0.071423
-0.307523
-0.564026
-1.184814
-0.026987
1.253045
0.336783
0.143627
-0.459801
0.068951
-1.643016
-0.561434
1.097334
0.194367
-0.249317
-1.366584
-1.418271
0.520571
2.172024
1.701565
1.221630
2.163924
0.660095
1.499568
1.983061
1.287549
0.679696
0.972713
0.680179
0.376904
0.804105
0.648486
0.669167
0.677478
1.080542
0.773648
0.390377
-0.265913
0.110883
0.508270
0.255434
-0.134392
-0.227007
-0.174194
-0.228764
-0.641764
-0.397424
-0.338467
-0.472963
-0.974419
-0.826987
-0.947007
-0.969050
2.261488
1.995980
0.341328
0.345341
0.318370
0.384685
0.184367
0.052189
-0.219944
-0.472364
0.255980
0.354732
-0.407659
-0.716312
-2.458470
-2.449596
-0.077245
-0.040457
0.069354
-0.267054
-0.665813
-1.214341
0.129309
1.526149
-0.115513
-0.246247
-0.344829
0.316441
-2.148759
-0.830087
1.141099
0.319876
-0.258172
-1.520043
-1.583315
0.484080
2.299019
1.637993
1.273502
2.227623
0.687329
1.525676
1.819608
0.881458
0.794913
1.169484
0.572751
0.110159
0.518798
0.694535
0.401074
0.004171
0.535781
0.453176
-0.570121
-0.517403
0.384636
0.737866
-0.270884
-0.884419
-1.405792
-1.118649
-1.671861
-2.197855
-0.302263
-0.302870
-0.205573
-0.205893
-1.694718
-1.494024
1.782321
0.987533
0.500146
0.981347
1.240813
0.474320
0.742981
1.537849
0.533813
0.510294
0.497883
-0.112541
-0.110339
-0.377791
-0.310092
0.144559
0.269756
0.929711
0.736386
-0.653340
-0.531711
-1.650191
-1.473045
-0.036113
-0.243203
-0.766926
-0.518690
0.650851
0.469480
1.253106
0.920635
-0.289160
-0.411033
0.889149
0.259147
0.167138
0.247242
-0.188289
-0.517166
-2.654079
-2.747879
-0.178201
-0.210258
-0.078660
-0.293668
-0.494816
-1.131617
-0.086042
1.185126
0.334779
0.134921
-0.445148
0.137071
-1.801616
-0.658520
1.039048
0.090136
-0.322516
-1.477191
-1.466711
0.498463
2.143025
1.651910
1.236334
2.122809
0.737293
1.540935
1.993978
1.489213
0.624426
0.899425
0.661117
0.249058
0.631356
0.656819
0.789419
0.669352
1.022386
0.763797
0.363530
-0.215475
0.154299
0.510625
0.256310
-0.200189
-0.275479
-0.156684
-0.185869
-0.776523
-0.553161
-0.392151
-0.528757
-0.838256
-0.689766
-0.985110
-1.005198
2.213602
2.029378
0.394321
0.347573
0.206509
0.314196
0.155036
0.039751
-0.335748
-0.535309
0.139568
0.175638
-0.349681
-0.593797
-2.510785
-2.450834
0.002386
-0.017849
0.042833
-0.314247
-0.740644
-1.256173
0.054032
1.346250
-0.143567
-0.367558
-0.469197
0.272709
-2.059535
-0.772595
1.074255
0.250674
-0.101377
-1.356494
-1.452774
0.536467
2.138779
1.622653
1.377121
2.257090
0.681887
1.544576
1.858058
0.944991
0.751609
1.118311
0.550323
0.099705
0.599495
0.784103
0.404511
-0.014772
0.607304
0.526497
-0.486986
-0.436898
0.319517
0.729471
-0.198371
-0.821895
-1.338965
-1.073583
-1.662811
-2.156658
-0.328233
-0.329006
-0.177501
-0.177891
-1.695504
-1.570372
1.769592
1.048135
0.514459
0.956862
1.210264
0.463062
0.741133
1.362111
0.311090
0.542900
0.528565
-0.010396
-0.031301
-0.459325
-0.369313
0.115943
0.256737
0.931797
0.744997
-0.628168
-0.512468
-1.736132
-1.567929
-0.073466
-0.271744
-0.721271
-0.528927
0.626040
0.520042
1.256514
0.888138
-0.283024
-0.352482
1.047794
0.223893
0.120521
0.295619
-0.168765
-0.570962
-2.628392
-2.743947
-0.164179
-0.130131
-0.072262
-0.302832
-0.543928
-1.181472
-0.048660
1.175676
0.346634
0.141087
-0.464018
0.038874
-1.681246
-0.558802
1.114505
0.229141
-0.233759
-1.367101
-1.446041
0.457848
2.154805
1.680736
1.289891
2.291962
0.722516
1.539484
1.945938
1.220491
0.667486
0.974007
0.625112
0.285228
0.788611
0.641155
0.685157
0.653486
1.086686
0.758615
0.351316
-0.278329
0.123176
0.496867
0.231132
-0.159125
-0.239332
-0.170709
-0.246050
-0.663484
-0.400431
-0.380564
-0.520410
-0.993483
-0.835216
-0.952762
-0.972371
2.282733
1.997921
0.383890
0.391993
0.284833
0.253769
0.084823
0.002858
-0.321024
-0.499495
0.230598
0.309121
-0.346888
-0.672185
-2.509644
-2.445983
-0.061753
-0.047085
0.022579
-0.316766
-0.742460
-1.294001
0.036366
1.488559
0.004167
-0.252730
-0.405319
0.294821
-2.043722
-0.743040
1.099015
0.291057
-0.079159
-1.429342
-1.529602
0.497647
2.105246
1.601560
1.349683
2.213521
0.696269
1.574556
1.886346
0.984266
0.646111
1.073391
0.592328
-0.106969
0.470905
0.625680
0.289926
-0.297051
0.639542
0.496333
0.313947
0.646290
1.185229
1.355390
-0.004128
-1.276066
-2.155249
-0.682174
0.457761
0.160581
0.486158
0.544838
1.947647
1.189766
0.694898
0.760761
0.249079
-0.067405
-0.471911
-0.046061
-0.025586
0.006753
-0.092477
0.170804
-0.328287
-1.312564
-0.761688
0.738532
0.382552
0.427021
-0.650613
-1.082243
-0.940288
-0.594031
2.077222
1.003404
0.080024
0.155954
0.342204
0.211239
0.078920
-0.002800
-0.278897
-0.391294
0.163507
0.243407
-0.378185
-0.671819
-2.354774
-2.115869
0.014853
-0.176419
-0.141577
-0.326865
-0.656889
-1.268700
-0.023175
1.195769
-0.039993
-0.152439
-0.345225
0.225126
-1.991187
-0.695067
1.096858
0.075157
-0.290533
-1.427126
-1.500367
0.458140
1.971903
1.487865
1.294454
2.316152
0.931050
1.634168
1.859996
1.167431
0.688301
1.041028
0.677162
-0.013349
0.438650
0.629669
0.862245
0.576224
0.579933
0.524585
-0.293892
-0.206765
-0.210258
0.106252
0.164363
-0.439470
-0.057408
0.109315
-0.901419
-1.361675
-2.195406
-2.191602
-0.626288
-0.619716
-0.237238
-0.240428
-0.170992
-0.169771
-0.207354
-0.205276
2.052138
1.817145
0.565778
0.532992
0.282148
0.386322
0.317238
0.127244
-0.192442
-0.286595
0.363401
0.397907
-0.355503
-0.595241
-1.987181
-1.889110
0.153948
-0.037927
0.078607
-0.070890
-0.682397
-1.283196
-0.051294
1.247024
-0.102166
-0.262568
-0.442226
0.192014
-1.989319
-0.704682
1.101224
0.166277
-0.232815
-1.440830
-1.570892
0.370627
2.070731
1.521861
1.279509
2.069480
0.850506
1.749772
1.994524
0.948297
0.636109
0.972741
0.466665
-0.788274
-0.052807
0.268317
0.295709
0.529118
1.122669
0.579943
-0.175953
-0.743642
-0.034038
0.482713
0.136094
0.446282
0.204068
0.221059
0.178840
-0.018455
0.157371
-0.267023
-0.215664
0.772970
0.395493
0.414010
0.414893
-1.825514
-1.779400
-2.005103
-2.062845
1.173528
1.534837
1.072670
1.014528
0.744779
0.931965
1.687773
1.655792
-0.124885
0.160880
0.100938
0.022533
0.365433
0.484289
0.480495
0.393691
0.157679
-0.552494
-0.498744
-0.345601
-0.172865
-0.121908
0.186365
-0.251438
-0.721327
-0.772193
-0.620453
-0.521990
-0.580095
-0.704487
-0.777127
-0.894180
-0.847182
2.329519
2.020878
0.469618
0.474863
0.143056
0.169442
0.120010
0.014602
-0.463972
-0.437294
0.249164
0.258439
-0.428108
-0.624955
-2.203910
-2.141678
0.054290
-0.107046
-0.053632
-0.249073
-0.688104
-1.173635
0.075555
1.243307
-0.236401
-0.334893
-0.450109
0.177955
-1.968627
-0.704196
1.091206
0.026724
-0.363548
-1.443752
-1.421397
0.624237
2.284785
1.617773
1.291693
2.039540
0.745569
1.773854
2.034263
0.892753
0.578791
1.048807
0.554792
-0.816109
0.059247
0.448615
0.443573
0.519554
1.046246
0.337982
-0.467340
-0.751024
-0.180474
0.352421
0.084149
0.395105
0.142189
0.294207
0.323484
0.088934
0.236547
-0.270515
-0.287076
0.863990
0.600400
0.495714
0.477064
-1.808613
-1.787083
-2.104960
-2.185621
1.172857
1.568264
1.030297
0.809677
0.157297
0.510383
1.595027
1.261813
-0.047248
0.178575
0.082976
0.285960
0.455447
-0.186852
-0.118991
-0.169210
-0.382791
-0.370499
-0.383744
-0.201441
-0.050368
-0.232780
0.100151
-0.143225
-0.693892
-1.011028
-0.758170
-1.004324
-1.041532
2.024265
1.692462
0.381673
0.405665
0.029116
0.165156
0.073663
-0.026692
-0.248108
-0.443800
0.235499
0.334662
-0.338657
-0.640570
-2.399827
-2.288560
-0.054408
-0.103925
-0.063220
-0.348664
-0.642964
-1.191037
0.138141
1.334613
-0.117592
-0.209831
-0.402386
0.214153
-1.917977
-0.617664
1.115674
0.242761
-0.077592
-1.401488
-1.542953
0.462628
2.069670
1.491750
1.264820
2.214053
0.642357
1.601192
1.960091
1.213168
0.705631
1.110679
0.705348
-0.325612
0.370630
0.731995
0.845896
0.281496
1.115524
0.836524
0.119104
0.698269
1.327420
1.380918
1.057021
0.752587
0.143955
0.878910
0.405579
-1.005730
1.034976
0.197698
-0.677306
0.094465
0.207644
0.222021
0.204473
0.282863
0.234585
0.161784
0.151105
-0.570082
-0.594017
-0.531355
-0.533195
-0.309751
-0.548266
-0.498215
-0.484348
-1.117434
-1.483468
-1.383284
-1.643169
-1.724164
-1.911035
-1.501843
-1.484130
1.139871
1.538783
1.425961
0.643902
-0.593006
0.857062
1.566022
1.651803
0.548241
0.582953
0.525423
1.107045
1.516562
0.833458
0.257225
0.395194
0.972566
0.871386
0.695603
0.818080
1.191481
1.508584
1.394379
1.340878
0.509474
0.981906
0.842582
1.343506
1.015342
0.170965
0.376904
0.426921
0.278204
0.233054
0.137427
0.162670
0.202184
0.134349
0.082334
-0.562267
-0.490233
-0.285350
-0.289852
-0.283486
-0.277444
-0.762492
-0.762465
-0.906753
-0.903058
-0.526052
-0.530066
-0.721249
-0.715091
-0.813866
-0.819419
1.962753
1.742351
0.477473
0.485502
0.287150
0.246897
0.139090
0.063463
0.095775
-0.307546
0.181573
0.297304
-0.438166
-0.805515
-2.372151
-2.363017
0.027491
0.012025
-0.053044
-0.264027
-0.647709
-1.275085
0.071195
1.404167
-0.024801
-0.126745
-0.370889
0.238204
-1.741226
-0.595955
1.129479
0.238604
-0.212836
-1.337806
-1.411359
0.485201
2.168100
1.676225
1.231660
2.186098
0.788563
1.571592
1.950915
1.282903
0.662536
0.973368
0.677403
0.318151
0.749667
0.680824
0.750000
0.633704
1.028181
0.799571
0.420772
-0.191146
0.220681
0.518105
0.272109
-0.152906
-0.250664
-0.092205
-0.155357
-0.933900
-0.675197
-0.470153
-0.588308
-1.022099
-0.865513
-0.967998
-0.984447
2.063301
1.815608
0.355583
0.357566
0.268325
0.361336
0.166388
0.022963
-0.033082
-0.292963
0.238649
0.205319
-0.388099
-0.662219
-2.455554
-2.490019
-0.123933
-0.089399
-0.027221
-0.330721
-0.676715
-1.265169
0.069944
1.512824
-0.050315
-0.252837
-0.366804
0.356727
-2.028039
-0.728149
1.085946
0.267631
-0.187067
-1.478976
-1.499655
0.512466
2.110938
1.590124
1.339014
2.173497
0.588354
1.458321
1.768550
1.014726
0.740231
1.126413
0.609808
-0.283926
0.514171
0.761379
0.958863
0.525756
0.950226
0.845326
0.230922
0.430255
1.002314
0.675237
0.374170
-0.443598
-0.446302
-0.045220
-0.134947
-0.434962
-0.231119
-0.655453
-0.727893
-0.920529
-0.780000
-0.415987
-0.435283
-0.739747
-0.748403
-0.815355
-0.820567
1.974434
1.734806
0.503447
0.513561
0.287793
0.233899
0.136999
0.072363
0.062967
-0.347198
0.167609
0.304836
-0.427931
-0.795108
-2.376518
-2.339862
0.018470
0.011311
-0.064942
-0.300480
-0.656502
-1.246172
0.095539
1.362316
-0.026409
-0.122937
-0.383463
0.216101
-1.766042
-0.635951
1.112705
0.252228
-0.211151
-1.347203
-1.421560
0.493218
2.154923
1.679962
1.272935
2.246747
0.795012
1.588209
1.961867
1.238833
0.680393
0.975986
0.626987
0.285808
0.735663
0.621599
0.696139
0.510014
0.793270
0.874449
0.332098
-0.084082
0.187944
0.758006
0.391578
-0.711660
-0.763753
0.610350
0.443338
-0.538962
-0.391937
-0.879761
-1.097503
-1.001474
-0.944332
-1.662935
-1.370167
0.510810
0.530792
0.455529
0.296483
0.140827
0.074258
1.219256
0.146228
0.175764
0.264799
-0.248640
-0.596845
-2.439433
-2.330342
-0.147729
-0.119369
0.055398
-0.261590
-0.835695
-1.382052
0.077359
1.527572
0.274142
-0.081537
-0.425089
0.279570
-1.887599
-0.649644
1.087213
0.290001
-0.104659
-1.443189
-1.533154
0.490066
2.099311
1.606210
1.365792
2.225606
0.713293
1.569666
1.848789
0.948510
0.698913
1.111035
0.588973
0.146507
0.546398
0.698802
0.417269
0.010754
0.574184
0.519116
-0.580252
-0.554247
0.366771
0.734731
-0.262325
-0.872355
-1.378392
-1.112037
-1.736262
-2.230998
-0.300835
-0.301448
-0.205829
-0.206151
-1.728361
-1.526728
1.802592
0.995736
0.502078
0.969875
1.175468
0.746669
1.203307
0.910138
0.325234
0.766607
0.781358
0.001506
-0.025793
-0.103641
0.046263
-0.239884
-0.174840
1.190175
0.870038
-0.290609
-0.188475
-0.374779
-0.191971
-0.703431
-0.901515
-1.676294
-1.146276
0.679674
0.579050
0.367312
0.268308
0.132587
0.083422
1.283770
0.214567
0.189903
0.346761
-0.306492
-0.691669
-2.418869
-2.368721
-0.149657
-0.135006
-0.060691
-0.240672
-0.759837
-1.356125
0.117316
1.404283
0.235934
0.068363
-0.385891
0.155189
-1.667541
-0.558124
1.096225
0.242420
-0.230799
-1.389938
-1.460464
0.477173
2.166452
1.675113
1.216182
2.167673
0.653831
1.513440
1.973265
1.311678
0.713016
0.980038
0.642120
0.292219
0.796549
0.715438
0.774896
0.551475
0.817245
0.853786
0.294494
0.043117
0.329047
0.716734
0.335146
-0.631166
-0.682783
0.644459
0.490058
-0.583297
-0.419461
-0.768914
-1.012164
-0.985888
-0.925696
-1.613273
-1.310413
0.477143
0.491086
0.480861
0.437445
0.229858
0.101969
1.386208
0.291189
0.215790
0.195691
-0.287463
-0.581004
-2.399058
-2.394309
-0.221902
-0.148919
0.038242
-0.256959
-0.775286
-1.329943
0.083276
1.467245
0.191606
-0.102818
-0.385581
0.345624
-1.914625
-0.657567
1.070928
0.255575
-0.118693
-1.410416
-1.510827
0.481111
2.085176
1.571565
1.369693
2.237029
0.669873
1.513159
1.777030
0.842987
0.847769
1.234353
0.592567
0.134525
0.549028
0.734266
0.418289
-0.004520
0.598656
0.480738
-0.587810
-0.494951
0.375491
0.755956
-0.185082
-0.811411
-1.346339
-1.080721
-1.677407
-2.166318
-0.321205
-0.322002
-0.166498
-0.166860
-1.719674
-1.593974
1.778676
1.057151
0.513916
0.943705
1.163637
0.754269
1.220692
0.846092
0.240723
0.807233
0.818818
0.001686
-0.020040
-0.152165
-0.000803
-0.276454
-0.205126
1.202501
0.892566
-0.305322
-0.207132
-0.381228
-0.202295
-0.709511
-0.902650
-1.626355
-1.089933
0.713281
0.610673
0.300543
0.237124
0.143918
0.080868
1.202495
0.193643
0.168871
0.303856
-0.321959
-0.692307
-2.417829
-2.380959
-0.161413
-0.132242
-0.055190
-0.282347
-0.767557
-1.346118
0.117347
1.355671
0.225282
0.070315
-0.396212
0.151424
-1.639956
-0.558237
1.110147
0.258010
-0.215178
-1.347410
-1.431435
0.466767
2.153438
1.664871
1.297173
2.299158
0.973816
1.697491
1.906603
1.118209
0.631809
0.939163
0.602819
0.255583
0.654106
0.557690
0.685183
0.509093
0.765619
0.848618
0.341077
-0.084587
0.170782
0.735879
0.400412
-0.706652
-0.772305
0.590844
0.404165
-0.560164
-0.419838
-0.934127
-1.099577
-1.002162
-0.949091
-1.682163
-1.370788
0.510873
0.530792
0.455529
0.297969
0.141804
0.074258
1.219256
0.147010
0.176336
0.264799
-0.248640
-0.596845
-2.439433
-2.330342
-0.147729
-0.122364
0.051978
-0.260686
-0.842693
-1.391542
0.074250
1.530006
0.277368
-0.065477
-0.409808
0.280968
-1.888475
-0.639586
1.093095
0.280906
-0.079159
-1.429342
-1.529602
0.497647
2.105246
1.601560
1.349683
2.213521
0.696269
1.574556
1.888317
0.988847
0.681056
1.100995
0.571191
0.124107
0.529550
0.688551
0.434661
0.029742
0.473608
0.449404
-0.606125
-0.591397
0.295524
0.594814
-0.186265
-0.779891
-1.206077
-1.017234
-1.685511
-2.184135
-0.176272
-0.172646
-0.102295
-0.101167
-1.080476
-1.078192
1.615481
1.602027
0.571161
0.582475
0.562816
0.567305
0.569772
0.565571
0.062494
0.056093
0.178889
0.185391
-0.978694
-0.976589
-1.865679
-1.865722
-0.062396
-0.054385
-0.073043
-0.082172
-0.545691
-0.542094
1.236264
1.328515
0.601773
0.595972
0.993873
0.836910
0.293807
0.128991
1.335321
0.493431
0.191653
0.256556
-0.301828
-0.658957
-2.366078
-2.288644
0.234121
0.122103
-0.006073
-0.209455
-0.522893
-1.082922
0.139430
1.314607
0.078675
-0.020783
-0.305128
0.348361
-1.834790
-0.610015
1.161202
0.209305
-0.160497
-1.297622
-1.442322
0.545577
2.081502
1.586980
1.351129
2.289924
0.723361
1.544289
1.879260
1.021291
0.721611
1.109355
0.580258
0.049340
0.493782
0.770132
0.325122
-0.181746
0.563381
0.485565
-0.526761
-0.455054
0.321628
0.709393
-0.185653
-0.790935
-1.261580
-0.994392
-1.533968
-2.034323
-0.376818
-0.377165
-0.074493
-0.074638
-0.725573
-0.724761
0.945648
0.942275
0.686256
0.687975
0.329039
0.330278
0.359955
0.358850
0.851385
0.843820
0.156764
0.162282
-1.013002
-1.012521
-1.700853
-1.698119
1.343646
1.349986
-0.138467
-0.141604
0.213512
0.214757
-0.118604
-0.116694
-1.492648
-1.144006
0.818947
0.769182
0.415531
0.471441
0.381692
0.179160
0.912406
0.153299
0.133740
0.289602
-0.169063
-0.523547
-2.030205
-1.815340
-0.142462
-0.202758
0.015093
-0.209861
-0.871844
-1.308522
0.104806
1.287604
0.200366
0.001225
-0.364966
0.233828
-1.755590
-0.560055
1.145130
0.182327
-0.175925
-1.315969
-1.464182
0.489408
2.124177
1.561044
1.327778
2.282922
0.848177
1.658068
1.898776
1.216865
0.598703
1.046624
0.668659
0.043002
0.377582
0.740583
0.825356
0.349517
0.797645
0.430745
-0.100297
-0.387572
-0.061471
0.940523
0.662829
0.083691
-0.072637
-0.670554
-0.739338
-1.869924
-1.763487
-0.550545
-0.632710
-0.788368
-0.688252
-1.616479
-1.681625
0.564177
0.512946
-0.139367
-0.009906
-0.144933
-0.204707
-0.688478
-0.679910
1.266847
1.246079
0.723040
0.584855
0.283442
0.310925
1.260715
1.314606
-0.545199
-0.495807
1.170160
0.971888
0.601266
0.527084
-0.371169
-0.291154
-1.980183
-2.076404
1.434284
1.768539
1.188833
1.139627
1.486002
1.587525
1.349371
1.325173
0.121616
0.307233
0.042025
0.005639
0.240723
0.182252
0.366643
0.320114
0.082182
-0.610728
-0.488691
-0.316972
-0.175897
-0.078869
0.209854
-0.267083
-0.653388
-0.860360
-0.613170
-0.406723
-0.570832
-0.713726
-0.720032
-0.890521
-0.868568
2.107011
1.861755
0.537663
0.537252
0.249555
0.250662
0.094563
0.019869
-0.062939
-0.390980
0.104958
0.152190
-0.450363
-0.739571
-2.401733
-2.347349
0.032750
-0.116928
-0.159835
-0.272596
-0.740830
-1.229725
0.147182
1.064810
-0.265016
-0.216945
-0.507667
0.047214
-2.082534
-0.780414
1.069547
0.149528
0.088221
-1.151173
-1.379692
0.621694
2.108050
1.522528
1.309315
2.100030
0.763336
1.694289
1.968196
0.723892
0.473656
1.008139
0.597923
-0.602092
-0.040546
0.327194
0.446137
0.518391
0.985354
0.467505
-0.150234
-0.795809
-0.340277
0.460211
0.193495
0.430272
0.187253
0.274320
0.200378
0.162033
0.351128
-0.325716
-0.300570
0.620698
0.336935
0.372716
0.347986
-1.591526
-1.471989
-2.214437
-2.325147
1.172741
1.575881
0.836855
0.654418
0.838137
1.012646
1.655279
1.322684
-0.101611
-0.027355
0.201107
0.349890
0.342501
-0.349957
-0.183862
-0.114954
-0.338366
-0.501746
-0.386015
-0.166729
-0.079983
-0.275235
0.121114
-0.124206
-0.624664
-0.837136
-0.559876
-1.027836
-1.109421
2.018459
1.709720
0.328039
0.330341
0.067823
0.185085
0.106878
0.000412
-0.340180
-0.450893
0.232862
0.310460
-0.376670
-0.611081
-2.320703
-2.300777
0.097631
-0.022833
-0.034277
-0.053994
-0.612459
-1.241582
0.077498
1.250503
-0.101231
-0.157308
-0.231562
0.283518
-2.150698
-0.645914
1.192792
0.304990
-0.160853
-1.373365
-1.518012
0.330646
2.146487
1.584516
1.342335
2.307265
0.582805
1.554687
2.014427
1.414188
0.675699
1.059875
0.615281
-0.613366
0.287156
0.487413
0.643886
0.174631
0.641843
0.575674
0.024048
0.277698
0.777983
0.855985
0.598368
0.534241
0.541318
-0.025099
-0.088786
-0.639596
-0.442218
-0.159651
-0.234523
0.530970
0.664215
-0.566267
-0.594295
-0.749889
-0.749435
-1.051206
-1.057890
-1.865929
-1.409792
0.519680
0.516534
0.305085
0.294163
0.154314
0.073708
1.253525
0.220888
0.197666
0.304425
-0.308551
-0.643592
-2.420305
-2.328645
-0.051749
-0.111493
-0.065086
-0.267852
-0.691484
-1.350106
0.025282
1.293189
0.121276
0.001538
-0.364596
0.183464
-1.741481
-0.540362
1.156048
0.192368
-0.247444
-1.353063
-1.467354
0.409423
2.070387
1.585587
1.272788
2.312496
0.914459
1.663079
1.964209
1.283959
0.603872
0.922175
0.590794
0.153745
0.610577
0.669155
0.861863
0.698290
0.988289
0.727852
0.347280
-0.199841
0.174202
0.468501
0.233285
-0.154012
-0.228418
-0.080873
-0.167787
-0.761134
-0.527988
-0.448405
-0.553014
-0.906897
-0.771034
-0.989336
-0.999625
2.223676
2.080049
0.421632
0.377490
0.205602
0.329860
0.168521
0.026514
-0.253547
-0.423293
0.226200
0.212065
-0.391832
-0.656540
-2.458713
-2.474333
-0.141680
-0.058185
0.030403
-0.332770
-0.659987
-1.262674
-0.009091
1.391579
-0.136782
-0.291351
-0.306829
0.421837
-1.995752
-0.716447
1.076385
0.260266
-0.150827
-1.456627
-1.561627
0.415226
2.100857
1.606660
1.415857
2.283024
0.675307
1.550550
1.800866
1.061964
0.722206
1.138602
0.667902
-0.294381
0.557830
0.781321
0.914475
0.129666
0.647426
0.854878
0.254242
0.173181
0.620127
0.675943
0.417291
0.580577
0.593995
0.028942
-0.042500
-0.550287
-0.390769
-0.512330
-0.580064
0.577550
0.724960
-0.487139
-0.501695
-0.861172
-0.873671
-0.944269
-0.950041
-1.834835
-1.417459
0.588649
0.598021
0.322083
0.256952
0.141032
0.077884
1.220431
0.202456
0.170213
0.305315
-0.316102
-0.686314
-2.416977
-2.380000
-0.156717
-0.128569
-0.054498
-0.281329
-0.771849
-1.349422
0.117347
1.355671
0.225282
0.070315
-0.396212
0.151424
-1.639956
-0.558237
1.110147
0.258010
-0.215178
-1.347410
-1.431202
0.466087
2.153438
1.664871
1.296834
2.298224
0.973816
1.697491
1.907347
1.120412
0.631809
0.939163
0.602371
0.254791
0.654106
0.600833
0.732203
0.608481
0.972588
0.746384
0.382560
-0.308539
0.048770
0.435197
0.202967
-0.082530
-0.179475
-0.180948
-0.265627
-0.691138
-0.461024
-0.397872
-0.495433
-0.971381
-0.836694
-0.966055
-0.977811
2.276306
1.982230
0.366504
0.377131
0.265915
0.324935
0.158990
0.053276
-0.191319
-0.379905
0.291580
0.301358
-0.415296
-0.740014
-2.528632
-2.487975
-0.098266
-0.096352
-0.001224
-0.327707
-0.765156
-1.288084
0.131033
1.639473
-0.028936
-0.277936
-0.392880
0.338646
-1.997069
-0.745709
1.100190
0.309903
-0.207401
-1.539022
-1.547330
0.523976
2.162359
1.617440
1.309080
2.199802
0.596520
1.461787
1.777229
1.060337
0.647416
1.137293
0.691000
0.097908
0.466484
0.787156
0.800471
0.337583
0.820944
0.440550
-0.061280
-0.547785
-0.293184
0.720617
0.482653
-0.044811
-0.129282
-1.140904
-1.240801
-2.403293
-2.209023
-0.289595
-0.444904
-0.611171
-0.480352
-0.603882
-0.618957
1.380536
1.388352
0.688560
0.688625
0.395064
0.398719
0.228544
0.228932
0.080053
0.069716
0.090774
0.095443
-1.078803
-1.073905
-2.055494
-2.057859
-0.136393
-0.128385
0.072758
0.066667
-0.562009
-0.558504
1.101876
1.202656
0.687960
0.677523
0.993481
0.703305
0.231956
0.158486
1.443552
0.478633
0.147035
0.331768
-0.282345
-0.649659
-2.241371
-2.150391
0.374035
0.242123
0.008828
-0.129336
-0.478045
-1.204174
0.012405
1.301634
0.177158
0.019985
-0.374874
0.175300
-1.715006
-0.532380
1.144473
0.247077
-0.176267
-1.326479
-1.468974
0.423040
2.110783
1.598596
1.273578
2.306059
0.893040
1.655661
1.964075
1.314377
0.634801
0.926476
0.583918
0.096812
0.564575
0.640428
0.825758
0.689680
1.001762
0.746435
0.358832
-0.250111
0.135162
0.468290
0.229293
-0.189593
-0.267980
-0.036099
-0.122917
-0.802331
-0.573040
-0.443460
-0.547255
-0.878181
-0.742470
-0.955049
-0.965562
2.138510
1.997858
0.444832
0.410171
0.190134
0.273568
0.116861
0.031301
-0.158098
-0.473087
0.133290
0.174195
-0.421958
-0.728568
-2.534198
-2.458574
-0.051466
-0.068056
-0.001684
-0.332381
-0.734155
-1.313601
-0.003369
1.446392
-0.052545
-0.246667
-0.326509
0.397288
-2.064139
-0.755370
1.117228
0.293456
-0.144125
-1.424807
-1.487764
0.501617
2.077884
1.539657
1.317294
2.225079
0.633943
1.510612
1.769962
1.005529
0.719823
1.221688
0.732874
0.103314
0.433636
0.778192
0.869062
0.318297
0.759405
0.511536
0.023592
-0.478280
-0.171183
0.680782
0.401242
-0.011727
-0.088443
-1.098040
-1.169147
-2.305478
-2.194582
-0.343347
-0.457839
-0.598398
-0.467782
-0.658785
-0.677910
1.430451
1.438292
0.621611
0.620307
0.404169
0.411054
0.082643
0.084082
0.056397
0.041460
0.184411
0.192093
-1.124440
-1.119072
-2.118941
-2.120151
-0.166895
-0.157671
0.002588
-0.005818
-0.546426
-0.542738
1.165903
1.232434
0.687353
0.686363
0.989734
0.694539
0.237119
0.167861
1.394977
0.485486
0.167500
0.316671
-0.322885
-0.716328
-2.306549
-2.234662
0.321946
0.246036
0.001352
-0.172984
-0.552443
-1.190749
0.117328
1.362576
0.229101
0.069459
-0.399856
0.134019
-1.673418
-0.571036
1.113820
0.260322
-0.217299
-1.344000
-1.445857
0.451680
2.157342
1.668039
1.293443
2.299291
0.977519
1.699683
1.899414
1.102196
0.614014
0.930216
0.602421
0.252270
0.658763
0.559287
0.665596
0.624787
1.010596
0.733235
0.369498
-0.311929
0.048798
0.484316
0.257235
-0.189407
-0.299622
-0.163004
-0.245752
-0.766538
-0.539870
-0.439385
-0.534658
-1.000303
-0.867787
-0.968017
-0.979986
2.248260
1.969986
0.376804
0.383635
0.256876
0.238056
0.078906
-0.000096
-0.327741
-0.484120
0.236658
0.289625
-0.356084
-0.680457
-2.501724
-2.427855
-0.069775
-0.050763
0.026411
-0.292259
-0.742682
-1.304270
0.048393
1.508686
0.019561
-0.249021
-0.410428
0.293460
-2.046024
-0.744713
1.097093
0.290764
-0.079490
-1.427726
-1.527877
0.496214
2.104264
1.597635
1.345623
2.212699
0.695247
1.580142
1.892633
0.983380
0.645241
1.071511
0.590153
-0.115040
0.465137
0.552708
0.246144
-0.323732
0.639542
0.475349
0.308915
0.568633
1.185229
1.430904
0.044443
-1.536891
-1.613366
-0.216819
0.556097
0.007953
0.399370
0.913002
1.169013
0.693939
0.451585
0.164735
-0.490876
-0.014305
0.141087
-0.022932
-0.444899
0.179283
-0.257958
-1.272358
-0.796583
0.733586
0.274495
0.293623
-0.575455
-1.040004
-0.921750
-0.557613
2.070606
0.993991
0.153950
0.196900
0.190398
0.238159
0.125802
0.006041
-0.299034
-0.388149
0.164510
0.192027
-0.415967
-0.668371
-2.345682
-2.080957
0.047544
-0.167389
-0.131684
-0.464494
-0.753164
-1.270941
-0.025554
1.193131
-0.036561
-0.153879
-0.346831
0.305610
-1.916584
-0.688439
1.102547
0.090788
-0.276361
-1.427331
-1.502279
0.489240
1.989506
1.482015
1.290109
2.292860
0.916136
1.624354
1.845532
1.177149
0.708091
1.038754
0.610645
-0.266598
0.631274
0.779758
0.810400
0.545962
0.967736
0.761634
0.133747
0.387592
1.002428
0.797241
0.535058
-0.562517
-0.597653
-0.060185
-0.122904
-0.378728
-0.241823
-0.741822
-0.818225
-0.817452
-0.657786
-0.506912
-0.530732
-0.751130
-0.752156
-0.835457
-0.839374
1.968518
1.733364
0.424326
0.398385
0.174990
0.321128
0.185528
-0.007428
-0.213603
-0.284268
0.363772
0.396941
-0.461715
-0.686051
-2.339048
-2.383922
0.092532
-0.080347
-0.049755
-0.289820
-0.694094
-1.280289
-0.048127
1.254078
-0.095300
-0.265036
-0.444767
0.205770
-1.976942
-0.706611
1.099291
0.173142
-0.226494
-1.440605
-1.560571
0.359724
2.026762
1.526953
1.313725
2.003555
0.646226
1.456702
1.702707
0.748865
0.530494
0.883732
0.188377
-0.306452
-0.469522
-0.135847
0.725048
0.414066
0.643256
0.509727
-1.197983
-1.218566
-1.510451
-0.832402
1.147258
0.815436
-0.527806
-0.232276
-1.198635
-1.651583
1.789452
1.709400
-0.459058
-0.422011
1.007990
1.391684
1.568793
1.443799
0.479899
0.451892
-1.162256
-1.461935
-0.696975
-0.152771
0.698931
0.698921
1.073579
1.114078
1.173209
0.046080
-0.047029
-0.023386
0.368804
0.511449
0.230009
-0.492030
0.355548
1.762024
1.476175
1.231655
0.927903
0.765603
0.828064
-0.223699
-0.068603
0.388296
0.107560
1.766480
1.861368
2.384044
2.010380
-0.874749
-0.989673
0.249353
0.075094
-1.027486
-1.303658
-1.311320
-1.475365
0.712472
0.977626
-0.499908
-1.212665
0.077554
-0.173257
-0.069056
-0.042649
0.033726
0.021579
-0.364744
-0.301222
-0.647470
-1.017924
-0.784268
-0.658555
0.288123
0.519226
-0.020647
-0.172611
-0.343543
-0.242119
-1.525547
-1.194761
0.179671
0.214768
-0.042122
0.134261
-0.272936
-0.429341
1.171236
0.156934
0.049655
0.142144
-0.265480
-0.520888
-2.459423
-2.387645
0.172566
-0.080206
-0.147916
-0.456621
-0.807631
-1.330094
-0.106095
1.153481
0.007735
-0.111579
-0.426441
0.057724
-1.960965
-0.724990
1.097919
0.135651
-0.372765
-1.467120
-1.490114
0.373978
2.128593
1.661288
1.325549
2.363493
0.855721
1.618178
1.846423
1.215647
0.668416
1.008477
0.623197
-0.374129
0.449642
0.655891
0.634216
0.181841
0.729847
0.562170
-0.095673
0.085724
0.598271
0.954722
1.004698
0.621728
0.456248
0.608888
0.495687
0.206417
-0.121012
-0.133101
0.282720
0.271144
0.141475
0.152289
0.083583
0.078531
-0.383015
-0.380192
-1.123808
-1.130534
-2.622503
-2.582457
-1.636881
-1.685832
0.681424
0.504721
-0.197309
0.184974
1.329469
1.593437
1.262687
1.121967
0.485594
0.449304
-1.364529
-1.903794
-0.591179
0.025557
0.215747
0.085504
0.347487
0.198312
1.571974
-0.057975
0.156647
0.342516
0.352015
0.141613
0.172220
0.133292
0.466035
1.549339
1.341116
0.869479
0.510746
0.595637
0.721337
-0.416376
-0.165817
0.461733
0.051467
1.931171
2.062342
2.505279
2.200752
-0.990226
-1.038729
0.296485
0.040461
-0.492490
-0.568513
-0.226877
-0.314262
0.564600
0.598920
0.229361
0.154012
-0.093319
-0.147968
-0.292630
-0.294797
-0.493313
-0.524728
-0.638739
-0.637763
0.252639
0.228562
-0.795502
-0.788558
-1.314290
-1.350190
-2.166603
-2.020127
1.440513
0.600009
0.465275
0.705586
0.512297
0.162235
0.805484
1.402705
-0.319478
-0.756964
-0.491207
0.825322
-0.211657
0.048161
0.327647
-0.197287
-0.725141
-2.567575
-2.416206
0.034970
-0.112878
-0.134426
0.001115
-0.506397
-1.362342
-0.224681
1.217158
0.257153
-0.211381
-0.519082
0.041568
-1.740113
-0.515657
1.141059
0.192009
-0.280519
-1.470856
-1.457817
0.518179
2.137540
1.661304
1.402149
2.368544
0.779289
1.543284
1.853070
1.006354
0.764797
1.118814
0.673114
0.129442
0.471653
0.672033
0.738579
-0.174908
0.312420
0.371580
-0.349247
-0.413738
-0.115129
1.404012
0.988305
-0.509734
-0.487286
-0.500815
-0.076661
-0.745783
-1.959588
0.109589
-0.014547
0.359675
0.361849
0.110098
-0.499240
-0.116864
1.669992
0.435073
0.353067
0.471402
-0.668161
-1.664512
-2.208828
-2.013212
0.499028
0.277596
0.319023
0.418742
1.285240
2.004534
1.393555
1.614637
1.044236
0.807137
0.484374
0.607421
0.861295
0.905714
-0.477662
-0.479931
-0.940695
-0.182900
0.096228
0.208047
1.241669
0.891274
1.475852
1.563737
1.521529
1.365473
1.084535
1.011269
-0.391702
-0.903642
0.299940
0.394297
0.176674
0.402097
-1.370891
-1.359961
-2.020265
-0.416979
0.978011
1.155428
0.776373
0.593652
1.671403
1.347201
2.181260
0.439269
0.700218
-0.263820
-0.869184
-0.168118
-0.170135
-0.480708
-0.503448
0.380208
0.783108
0.277962
-0.175318
-2.946531
-2.127088
-2.175040
-0.002971
1.200696
1.238482
0.369797
0.253374
1.383349
1.819547
0.738171
0.410178
0.229481
0.143735
-0.757213
-0.728326
-0.553082
0.201653
0.409996
0.273202
0.720411
0.306996
-2.184853
-1.171853
-0.242456
0.277021
0.225886
0.222541
0.293696
-1.153670
1.014155
-0.009614
-0.649601
-0.188180
0.936058
0.350552
0.200092
0.443221
0.312028
-1.846095
-2.288534
-0.488381
-0.009159
0.000018
0.224627
0.147032
0.275911
1.965250
1.695365
-0.303581
-0.323793
0.753682
0.444401
0.356910
0.284373
0.434800
0.591728
-1.707562
-1.843051
0.208861
-0.041831
0.263805
0.540204
1.026166
0.798591
-0.833310
-0.727581
0.137369
-0.086262
0.500330
0.172493
-0.045625
0.438868
2.107210
-0.082956
-0.971149
-0.266835
0.834113
0.554681
0.133585
-0.345233
0.558572
-1.106297
-2.325837
-0.450564
0.201583
0.527375
0.204962
0.212279
0.826262
2.021608
-0.086935
-2.537993
-1.643770
0.809046
0.581216
-0.123743
-0.299331
0.775371
1.646609
1.708862
0.925115
-0.046485
0.380449
0.385188
0.364832
1.052601
0.614179
0.234717
0.553686
1.144133
-0.853409
-0.823125
0.277556
-0.078520
0.734906
0.691682
0.289792
2.819605
-1.823150
-1.992135
-0.570371
-0.046204
0.078232
0.161664
0.130283
-0.276824
2.202590
-0.894453
-1.886201
-0.718606
0.194134
0.499425
0.378654
-0.114390
0.551077
-0.395970
-0.987621
-2.296150
-0.080834
0.440599
0.646825
0.189941
0.747714
1.970749
0.752541
0.320761
0.334832
0.623300
-0.611183
-0.635461
-0.062858
0.764988
0.705858
-0.355049
-0.760616
0.308326
-1.878812
-1.599298
0.403990
1.621830
1.258630
-0.730037
-1.029358
0.589083
1.603425
0.831062
0.119656
0.177052
0.227463
0.109210
-0.067225
-0.047047
0.178378
0.571484
-0.118652
-0.847935
-0.308937
-1.779618
-1.618581
0.479536
1.362207
1.066778
-0.524948
-0.744783
0.212856
1.993639
1.062596
0.100728
0.177094
0.541005
0.094360
-0.254781
-0.019512
0.266110
0.561657
-0.060164
-0.834602
-0.403055
-1.927327
-1.849114
0.728404
1.585463
1.145132
-0.375068
-0.565360
0.197482
1.921223
1.040264
0.043128
0.166121
0.569814
-0.014067
-0.344411
-0.056652
0.392692
0.608033
-0.160163
-0.888996
-0.313863
-1.886537
-1.815247
0.633589
1.470395
1.155323
-0.946277
-2.513274
0.026616
2.186722
2.094785
-0.035287
0.199105
-0.030643
0.905970
0.693742
-0.424361
-0.296127
-0.072956
-0.074381
-0.575205
0.268753
-0.524665
-0.643583
1.491249
0.248892
0.440184
0.124958
-1.122575
1.180995
-1.988766
-2.109141
-0.786963
0.775922
0.855346
0.740096
-1.404415
-1.638491
1.355796
1.381361
-0.287413
-0.658630
0.353255
1.101944
0.970300
-0.542401
0.779737
0.275196
-0.965439
0.081003
0.153791
-0.418007
-0.141753
0.095547
0.947108
1.034237
1.039120
-0.310483
0.687146
0.715486
1.073969
-0.140725
-0.322903
0.053467
1.069468
-0.656094
-0.577034
-0.773844
1.229804
0.280308
-0.216592
-0.713914
0.238154
-2.172050
-2.616175
0.495854
0.019540
0.362417
-0.097343
-0.659822
-0.197678
1.709409
0.370022
0.323750
0.108862
0.496603
-0.133483
-0.216239
0.019345
0.374184
-0.717524
-0.697048
-0.309718
-0.232720
0.164246
0.188445
0.871010
1.018094
-2.170321
-2.095078
-1.398919
-0.557453
0.305559
0.538312
0.512209
0.274994
-0.240665
-0.247198
-0.984052
-0.882210
0.647419
0.730783
0.541833
0.432877
-0.380402
-0.357759
-0.680606
-0.910215
0.204823
0.332478
0.505069
0.382108
-0.513227
-0.489168
-0.614335
-0.527372
0.729480
0.699382
0.525186
0.553201
-0.559482
-0.603836
-0.633691
-0.778168
0.351634
0.339736
0.458570
0.496153
0.111700
-0.040802
-0.748668
-0.553456
0.664461
0.729134
0.642271
0.562756
-0.705065
-0.771644
-0.886997
-0.963937
0.610365
0.578970
0.608368
0.609729
-0.040897
-0.193349
-0.507574
-0.081060
0.819359
0.565237
0.144646
0.661234
1.950081
1.810428
1.644620
-0.019564
0.528850
0.458827
0.508238
-0.033643
0.306512
0.591304
0.774473
-0.113739
-0.186890
0.037796
0.182325
-0.533923
-0.267280
0.068368
0.770244
0.668021
0.736145
0.907213
1.021098
-1.637657
-1.570122
-1.476502
-1.621672
0.104832
0.343800
0.336337
0.274994
-0.967362
-0.853805
-0.781420
-0.882210
0.405870
0.583126
0.620699
0.432877
-0.947233
-0.893692
-0.762169
-0.910215
0.158569
0.260305
0.390952
0.382108
-0.288778
-0.295614
-0.571720
-0.527372
0.385300
0.454694
0.635208
0.553201
-0.275930
-0.323530
-0.524850
-0.778168
0.552127
0.584458
0.579547
0.496153
-0.678203
-0.684164
-0.619683
-0.553456
0.682383
0.643961
0.524141
0.562756
-0.812357
-0.775566
-0.639282
-0.033068
0.538219
0.539226
0.668379
-0.056462
-0.187544
-0.525406
-0.905855
1.014028
1.016193
0.201532
0.197063
0.117101
1.450779
1.756451
0.354723
0.147872
0.636041
0.496909
-0.590382
-0.968364
0.340711
0.581556
0.118673
0.111222
-0.051499
-0.055245
-2.183160
-1.944699
-0.273479
-0.427718
0.435571
0.221093
0.338915
0.363700
1.799068
1.930113
-1.367967
-1.280599
0.372528
0.141676
-0.275011
-0.139187
0.850323
0.025900
0.839486
1.009624
-0.065994
-0.331519
-1.636427
-2.284537
0.701250
0.459787
0.370774
0.138544
0.329762
-1.352050
-1.059497
1.480841
0.206189
0.339992
0.831119
0.931416
-0.494060
-1.243462
-0.648488
1.052127
0.366784
0.455320
0.073097
-0.221877
-2.474320
-1.219358
1.526605
0.647978
0.261220
0.225712
0.267270
0.418250
-0.208301
0.154664
0.022862
0.330307
0.372939
0.781774
0.942414
-0.028550
0.882191
0.724850
0.325881
1.893052
1.134162
2.171715
1.626110
0.386207
1.063681
0.341610
-0.152721
-0.345231
-0.265317
-1.313432
-1.397248
-0.894717
0.087272
-0.054830
0.133819
-0.375864
-0.598462
-0.114589
-1.903075
-1.770456
0.406756
0.602361
0.731498
-0.685214
-0.887269
-1.192178
0.583181
0.663407
-0.067106
-0.107940
-0.137851
-0.033923
-0.223722
0.010145
0.346756
0.572604
-0.154095
-0.862554
-0.334287
-1.852356
-1.704468
0.580731
1.593361
1.116180
-0.506833
-0.727118
-0.075289
1.896313
1.035878
0.055543
0.062774
0.398149
0.038381
-0.286745
0.061333
0.406126
0.568259
-0.083909
-0.817759
-0.203728
-1.867384
-1.865249
0.786444
1.739120
1.178018
-0.368639
-0.595446
0.121282
1.952590
1.022287
0.033094
0.136259
0.541816
-0.008639
-0.342852
-0.126137
0.202173
0.521624
-0.161136
-0.900500
-0.306611
-1.881787
-1.814125
0.518082
1.490512
1.213445
-0.947324
-2.485791
0.093517
1.116248
1.122979
-0.042112
0.034147
0.195522
0.780656
1.717466
-0.747284
-0.230797
-0.115565
0.253949
-0.168774
0.024138
0.243371
0.601239
0.591520
-1.623901
-1.422170
0.316404
0.592298
0.306335
0.334299
-0.095216
1.187579
-1.006909
-1.475985
-0.438847
0.518294
0.330759
0.288268
0.031282
-0.055064
1.705747
-0.662375
-2.595526
-0.274859
0.460707
0.543893
0.422631
-0.140054
0.600999
1.550513
1.266610
-2.170155
-0.961680
0.563331
0.806121
0.709450
0.484873
0.509343
0.088941
0.690056
0.845985
0.165949
-0.554272
-0.005131
0.696176
1.408809
1.609799
0.507438
-0.338953
-0.093915
-0.711406
-1.317976
2.335956
2.405832
1.504885
1.936577
0.235346
-0.305289
0.251268
0.754299
-1.617962
-1.475504
-1.273901
-0.093410
-0.112724
-0.087895
-0.345337
-1.100633
-0.751948
-0.697694
0.293289
0.081899
0.025119
-0.420166
0.229283
-0.155512
-0.395544
-0.316040
-0.194401
-1.646790
-0.268734
-0.289884
-0.347684
-1.335123
-0.615254
-0.554661
-0.348843
-1.093313
0.353509
0.355957
0.753955
-0.602584
-1.695776
-1.572679
-1.352141
-1.832626
0.037931
0.338096
0.385335
-0.617342
-0.761666
-0.740301
-0.997303
-0.882210
0.084443
0.213668
0.480194
0.432877
-0.773252
-0.746841
-0.741165
-0.910215
0.203902
0.309000
0.425186
0.382108
-0.355268
-0.351444
-0.594463
-0.527372
0.512674
0.501268
0.524341
0.553201
-0.330037
-0.320086
-0.411395
-0.778168
0.565028
0.578764
0.573410
0.496153
-0.515793
-0.522915
-0.591300
-0.553456
0.682505
0.680762
0.578579
0.562756
-0.607260
-0.651926
-0.852919
-0.963937
0.522257
0.514927
0.620512
0.609729
-0.062777
-0.101648
-0.350206
0.098656
0.352991
0.382859
0.073486
0.329891
1.072832
1.676666
1.683355
-0.632442
-0.482989
0.480791
0.465911
0.106350
0.352956
0.675244
0.682503
-2.304057
-1.871673
0.612534
0.168988
0.156704
0.564454
1.245161
0.273840
1.724082
1.746864
0.142568
-0.416587
-0.029356
0.202374
-0.022979
-0.337567
0.333701
0.552328
0.689229
-1.014220
-0.622540
-1.184255
-1.089519
-0.657260
0.128799
0.257154
-0.414490
1.810677
1.338409
1.206026
0.070707
0.322427
-1.972173
-2.376058
-2.556286
-0.479424
0.032950
0.079753
-0.532214
-0.855859
1.629917
1.534415
0.920476
0.043071
0.309182
0.314447
0.079051
0.201340
0.149463
0.189005
0.446359
0.561207
-0.755341
-0.523910
0.234564
-0.312789
0.300854
0.463460
0.572602
2.807516
-1.973142
-1.853196
-0.294520
-0.060713
0.202907
0.415035
0.299780
-0.318329
2.336366
-1.027133
-2.130433
-0.841903
0.221972
0.461011
0.346153
0.119481
0.357408
-0.269061
-0.477025
-1.934809
-0.133167
0.152852
0.520866
0.158765
0.620583
0.625673
0.153850
0.359487
0.848505
0.480290
-0.496242
-0.721514
-1.347152
-1.486647
-0.633299
0.460634
1.783064
0.805003
-0.959227
-1.205969
0.032198
1.841862
0.516365
-0.503707
0.085101
0.450719
1.178821
0.502659
-0.788319
0.126647
-1.538632
-1.598674
0.291175
0.287806
0.773087
-0.743671
-1.867744
0.439342
1.488516
1.062243
0.355666
0.567044
1.094471
1.599567
0.859621
0.046807
0.551547
0.825919
-0.333292
-0.693819
0.220277
1.184414
1.400788
0.709057
1.033099
1.382464
-2.354286
-2.536885
-0.549393
0.796948
0.425687
0.492284
-1.640133
-0.387692
1.758052
1.291274
-0.642716
-0.924980
0.007738
1.035749
0.091953
-0.518655
0.538704
0.031281
-0.832332
-1.378634
-0.732099
-0.658633
-0.255760
-0.995208
0.377293
0.791567
-0.293383
-0.321110
0.619118
0.638204
1.037200
-0.040512
-0.230299
0.081112
0.846585
-0.673022
-0.609257
-0.746795
1.140805
0.335738
-0.175956
-0.686202
0.305628
-2.193943
-2.607427
0.515749
0.027797
0.339813
-0.092769
-0.819450
-0.345317
1.709409
0.401316
0.357488
0.182081
0.491089
0.227762
0.157913
-0.003073
0.381131
-0.468587
-0.471760
-0.429665
-0.167468
0.858115
0.774125
0.573776
1.040809
-2.158908
-2.021366
-1.371302
-0.149141
0.222541
0.504399
0.501479
0.264693
-0.708696
-0.602747
-0.761700
-0.825387
0.758964
0.892467
0.606045
0.430735
-0.757940
-0.790437
-1.039491
-1.341774
0.808344
0.935900
0.594582
0.473508
-0.368112
-0.402191
-0.386188
0.007001
0.747518
0.470709
0.104500
0.678578
2.069389
1.949181
1.638427
-0.088077
0.618099
0.378652
0.179826
0.115850
0.427506
0.634186
0.889646
0.159066
0.247470
0.356181
0.226498
-0.294730
0.011273
0.147769
0.788141
0.307044
0.361025
0.874051
1.023206
-1.632510
-1.576596
-1.445248
-1.571709
0.182359
0.442501
0.406405
0.264693
-1.138772
-1.029945
-0.789073
-0.825387
0.383592
0.521530
0.605821
0.430735
-0.738747
-0.716938
-0.960905
-0.272286
0.604275
0.725121
0.510782
0.041191
-0.011867
-0.057453
-0.379993
0.120142
0.145403
-0.040486
0.069631
0.310455
0.623465
0.325281
0.259618
-0.101333
0.482941
0.712556
0.866213
-0.475611
-1.144873
-1.071696
-1.126020
-0.595825
0.533567
0.440095
-0.172696
-1.266929
-0.936521
1.664238
0.336642
0.356011
0.002156
-0.165798
0.719003
1.318422
0.869803
0.156577
-0.071222
0.260910
-0.243379
-0.270717
2.484451
1.878615
-0.734188
-0.830417
-0.034501
-0.128173
0.730732
0.738071
-1.414570
-0.453649
-1.124451
-1.395206
-0.334370
-0.183599
0.798512
0.540518
-0.374824
0.210101
-0.595121
-0.670439
0.023810
-0.057465
0.301333
0.415664
-1.013023
-0.421358
-0.967210
-1.139750
0.032192
-0.040754
0.685078
0.438898
-0.295066
-0.074837
0.356199
0.471649
-0.411485
-0.177637
0.379055
0.686087
0.643467
-1.198716
0.061688
1.050473
0.090802
0.061812
0.321413
0.329903
0.755823
1.367366
1.948753
2.020361
-0.602023
-0.612635
0.521261
0.683845
-0.280218
-0.690381
-0.408563
0.273935
-2.379804
-1.210051
0.472653
1.296851
0.537283
-0.407718
-0.510624
0.099062
1.267186
0.253122
-0.650838
0.318915
0.066886
0.722753
0.166420
-0.899281
-0.000733
-1.731824
-2.003958
0.291752
0.313728
0.702494
-0.331109
-0.522569
0.345952
1.078435
0.881774
-0.615376
-0.291313
0.044067
0.181375
-0.055123
-0.431671
0.337450
0.454757
-0.904665
-1.668238
-1.765164
-1.923769
-1.690184
-1.374681
0.322205
0.901359
1.326624
-0.477525
-0.531262
-0.410295
-0.403170
-0.033770
-1.554742
-0.097665
0.555537
1.434843
1.476582
1.335578
1.474960
1.122107
-0.674847
-1.609970
0.627909
0.905719
1.055364
1.002010
1.353063
-0.161962
0.432424
1.449955
0.463384
0.938495
0.741312
0.518427
0.439440
1.877557
2.008521
1.064562
0.689445
0.713674
0.271725
-0.294769
-0.678613
-0.366969
1.157556
1.243590
2.028248
0.982848
0.585804
0.168052
-0.523408
1.176817
0.431217
-0.117760
-1.893765
-0.936239
-0.433450
-0.316997
-0.595726
-0.520006
1.038814
0.824498
-0.479434
-0.648008
-0.643581
0.178608
0.328614
-0.026754
-2.337739
-0.347152
-0.104053
-0.349758
-1.044697
-0.524869
-0.456302
-0.534177
-0.686348
0.272558
0.406486
0.841166
-0.187825
-1.700556
-1.566821
-1.497009
-1.375528
-0.389701
0.046849
0.476053
-0.873877
-1.284956
-1.082557
-0.803175
-0.825387
0.307667
0.518789
0.673364
0.430735
-0.946674
-0.905757
-0.917178
-1.341774
0.424158
0.467278
0.334650
0.473508
-0.256821
-0.259550
-0.293598
0.213765
0.420032
0.451476
0.098687
0.128520
0.708108
2.065077
1.754256
-0.648265
-0.488331
0.561938
0.327473
0.264524
0.522349
1.015255
0.548232
-2.443891
-2.248681
0.054503
-0.027075
0.244990
0.319288
0.100621
-0.200547
1.681478
1.730092
-0.490101
-0.630318
0.156822
0.289970
-0.064575
0.217913
0.400338
0.608153
-1.189307
-1.386677
-0.470016
-0.321304
-0.488563
0.160593
1.099410
1.220162
1.649841
0.132227
0.669236
0.929618
0.834783
0.580320
1.051153
1.692714
2.126328
-1.500537
-1.950542
-1.779151
-0.082994
-0.124549
-0.532411
-0.677295
0.116326
0.611581
0.299772
0.283435
0.233242
0.208935
0.052241
0.051929
-0.433216
-0.391331
-0.420934
-0.427259
0.002128
0.148165
0.141317
0.144683
-2.291437
-2.081132
-2.090684
-2.066595
-0.322077
0.534143
0.394697
0.363671
-0.680129
-0.771192
-0.861488
-0.812219
-0.474496
-0.202906
0.392224
0.484773
1.616378
1.518654
1.602226
1.636874
-0.192182
-0.530959
0.035850
0.374702
0.475138
0.633095
1.167006
1.032335
0.077330
-0.197029
0.573982
0.300510
0.781457
0.059628
0.404441
0.804566
-1.709460
-1.277846
0.935337
0.944622
0.656170
-1.260014
-2.135733
-0.261485
1.131085
1.377078
0.450006
0.678602
0.634971
1.385643
1.529037
0.265862
-0.183544
-0.099937
0.919915
1.741864
0.922546
0.589215
0.427227
0.353587
-0.963627
-1.054680
-0.348650
-0.708962
-0.383602
0.688251
-0.740154
-1.180669
0.712681
1.921385
0.365644
-0.014006
0.370239
1.058919
-2.034391
-2.389522
-1.115996
0.578452
0.465732
0.009132
0.620960
0.449983
1.323854
0.688988
0.913526
0.692880
0.940380
0.064845
-0.422924
-0.954035
0.025469
0.298229
-0.280544
-1.649620
-0.608789
0.064899
-0.389599
-0.960701
0.924329
1.180693
0.737013
-0.762313
0.315566
0.249104
-0.397138
-1.105377
-0.371330
-0.164182
-0.726499
-1.430339
-2.039398
-1.756447
0.100606
-1.000000
-0.278788
-0.703255
-0.161123
0.000000
0.202972
0.267850
0.139881
0.168497
0.218209
0.176446
0.021109
0.000000
-0.439573
-0.389124
-0.352044
-0.549919
0.169218
0.180666
0.844130
0.183711
-2.147229
-2.078287
-1.885343
-2.386830
0.165289
0.518335
0.679352
0.361029
-0.834253
-0.817762
-0.945109
-0.332562
0.499390
0.370568
-0.014524
0.507375
1.433897
1.447417
1.554512
-0.138031
-0.084022
-0.111910
-0.020730
0.030475
0.493882
0.846283
0.751727
0.220141
0.098222
-0.061263
0.050402
-0.139204
0.097303
0.098135
0.850417
0.410423
0.540231
1.088829
1.019030
-1.973810
-1.945998
-1.913100
-0.261927
0.222418
0.559653
0.655965
0.015743
-0.511294
-0.475578
-0.276312
0.285840
0.305580
0.223912
0.057537
0.045339
0.304865
0.246221
-0.000654
-0.057242
0.287949
0.321763
0.447691
-0.751768
-1.696708
-1.406016
-1.830261
-0.994189
0.590575
0.344414
-0.199718
-0.944876
-0.310776
1.470391
0.397045
0.417934
0.236394
0.282810
0.591872
0.930625
1.207778
0.499155
0.049052
0.223624
-0.311143
-0.998713
0.697618
0.834690
0.013950
0.111343
-0.401797
0.052454
0.741778
-0.630105
-2.075354
-1.892634
-1.249584
-1.090955
-1.135691
0.282869
-0.055686
0.778889
-0.701330
-0.909173
-0.087689
0.294081
1.154358
0.354664
-0.908972
-1.264746
-1.159428
-1.402879
-1.158517
-1.401635
0.546997
0.215265
1.536112
0.786159
0.879634
1.390159
1.300429
1.313096
0.543389
0.413540
0.440486
0.756185
1.188149
0.879256
-0.863712
-1.090274
-0.963227
0.386313
0.748818
0.739954
0.284096
-0.051438
1.861344
-0.394135
-0.802012
0.616320
0.537849
0.803453
-0.353740
-0.844267
0.076886
0.163126
0.493113
-0.374254
-0.480335
-0.197818
0.372277
0.760439
0.366315
-0.750891
-1.472702
-1.667020
-1.949001
-1.655980
-1.309447
-0.006316
0.687465
1.774197
0.023426
-0.497026
-0.701563
-0.379507
0.128056
-1.523826
0.034473
0.498252
1.573605
1.611787
1.395957
1.495344
1.278678
-0.346477
-1.757262
0.477981
0.778727
0.865318
0.962956
1.146842
0.005034
0.146818
0.041269
-0.005216
0.670395
0.726497
0.126209
-0.223802
1.537536
1.826853
0.879213
0.455772
0.827685
0.691631
-2.274914
-2.649965
-1.854409
0.689352
1.036062
0.658622
0.663660
0.538734
1.422905
1.226668
1.469760
0.822410
0.735519
0.155780
0.327713
0.008065
0.372551
0.097732
-0.016888
0.065220
-0.046280
0.136459
-0.135736
-0.179518
0.958952
-0.409587
-0.613861
-0.444648
0.592056
0.592313
0.451574
0.679614
-0.539663
-2.505882
-2.452395
-1.917167
-1.341865
0.010008
0.279370
0.379308
-0.578074
-0.734151
-0.745479
-1.000318
0.211161
0.285041
0.390578
0.304208
0.008712
0.264812
1.347700
1.578974
-0.688289
-0.652045
0.357297
0.159038
0.232149
0.439825
1.203914
0.461754
-2.480799
-2.344002
0.317174
0.359070
0.404290
0.278423
0.110512
0.290348
1.620306
1.806469
1.438649
-0.609868
-0.032505
0.516756
0.407339
0.000982
0.505318
0.354949
1.230098
-1.251346
-1.028348
-0.218503
-1.160005
-0.216679
0.924681
1.077934
0.191055
1.367578
1.849806
1.135426
0.016474
0.095885
0.012209
-1.511159
0.754114
1.997506
2.010105
-1.898321
-1.501886
-1.077981
-0.364079
0.278754
-1.640929
-0.383244
-0.037309
0.218263
0.179665
0.283987
0.147437
0.052303
-0.006037
0.016045
-0.462746
-0.447598
-0.405933
-0.383718
0.004583
0.143136
0.136133
0.104157
-2.380344
-2.103326
-2.068363
-2.052075
-0.443477
0.442167
0.355541
0.336067
-0.676227
-0.766180
-0.895589
-0.844232
-0.330957
-0.044851
0.380449
0.477172
1.498329
1.404196
1.652351
1.688491
-0.169260
-0.507826
0.037372
0.389550
0.424830
0.585822
1.153565
1.016869
0.088216
-0.192966
0.603964
0.374552
0.866319
0.043173
0.364393
0.741049
-1.752580
-1.240014
0.963333
0.938220
0.633953
-1.254759
-2.092728
-0.131330
1.295808
1.477936
0.540805
0.610199
0.546475
1.332130
1.440588
-0.041961
-0.212270
0.051506
1.014073
1.940348
1.123260
0.668749
0.555176
0.439349
-1.004074
-0.981030
-0.318305
-0.562523
-0.367316
0.689973
-0.736948
-1.188292
0.678360
1.983851
0.554534
0.256543
0.515357
1.035015
-2.099284
-2.411814
-1.368643
0.399930
0.478287
0.140836
0.758966
0.541985
1.364626
0.824343
0.953725
0.587008
0.803124
-0.149572
-0.630617
-1.153697
0.104649
0.411439
-0.254845
-1.649242
-0.580119
0.023514
-0.389599
-0.960701
0.706938
0.971986
0.737013
-0.762313
0.175687
0.101225
-0.397138
-1.105377
-0.371330
-0.164182
-0.726499
-1.430339
-2.039398
-1.756447
0.100606
-1.000000
-0.278788
-0.614149
-0.062812
0.000000
0.278333
0.366120
0.155290
0.168497
0.136971
0.043399
-0.064648
0.000000
-0.513816
-0.489392
-0.419169
-0.549919
0.395144
0.373049
0.741285
0.183711
-2.194661
-2.154157
-1.972114
-2.386830
0.134063
0.514366
0.606861
0.361029
-0.457620
-0.399415
-0.900641
-0.332562
0.444894
0.307810
0.060405
0.507375
1.497500
1.484083
1.429921
-0.138031
0.155361
0.183159
0.062350
0.244224
0.722207
0.935069
0.819938
0.268165
0.256439
0.161643
0.202304
-0.321329
-0.070835
0.052539
0.774208
0.512891
0.594664
0.998524
1.018941
-2.054966
-2.013309
-1.911582
-0.261927
0.235218
0.606889
0.601111
0.015743
-0.345333
-0.356499
-0.271171
0.362091
0.069253
-0.023745
0.066247
0.077693
0.045039
-0.069766
-0.008021
-0.085447
0.120192
0.106048
0.324088
-0.768138
-1.829089
-1.666102
-1.700626
-0.779323
0.558973
0.238088
-0.139000
-1.240722
-0.549189
1.853944
0.514590
0.557703
0.071714
0.120537
0.556144
0.986339
1.012525
0.269995
0.049646
0.158074
-0.349916
-0.992749
0.406637
0.571797
-0.381255
-0.218252
-0.363043
0.072378
0.671429
-0.650377
-2.034580
-1.840900
-1.069288
-0.889511
-1.202572
0.280867
-0.185294
0.739117
-0.540402
-0.852675
-0.096111
0.352809
1.255800
0.404409
-0.960863
-1.388179
-1.206582
-1.454156
-0.844751
-1.113127
0.557850
0.325520
1.573412
0.843255
0.815621
1.229345
1.303758
1.428479
0.663284
0.374195
0.411479
0.755108
1.162397
0.875366
-0.788398
-1.082923
-0.904969
0.374477
0.890665
0.852432
0.213747
-0.118438
1.999455
-0.291062
-0.769633
0.561111
0.535154
0.853108
-0.414524
-0.993129
-0.029458
0.137404
0.472491
-0.382197
-0.491931
-0.229441
0.370883
0.726779
0.309065
-0.783381
-1.503545
-1.688922
-1.930573
-1.639712
-1.319696
0.000167
0.635967
1.726192
-0.035731
-0.563801
-0.823885
-0.438293
0.185858
-1.520792
-0.080349
0.504912
1.541316
1.636417
1.361484
1.372504
1.126234
-0.366589
-1.679527
0.556400
0.972496
1.186345
1.286433
1.307495
-0.401528
-0.177029
0.083298
-0.083345
0.723272
0.698482
0.082549
-0.184782
1.737856
2.125672
0.981350
0.467298
0.687612
0.586186
-2.094915
-2.651000
-1.359592
0.795252
1.179004
0.674200
0.486976
0.457507
1.592828
1.345232
1.491791
0.939486
0.472210
0.012365
0.711502
0.529272
0.392549
0.565647
0.572256
0.309049
-0.364618
-0.112722
-0.305772
-0.159455
0.955519
-0.194199
-0.356523
-0.450518
0.589311
0.500483
0.391659
0.758666
-0.666848
-1.979644
-1.930574
-1.933338
-1.705892
0.097492
0.427298
0.532754
-0.653684
-0.815511
-0.808601
-0.955109
0.152748
0.232911
0.240742
0.112529
0.018127
0.422684
1.789331
1.512499
-0.712773
-0.715995
0.007761
0.067473
0.214482
0.483765
1.237265
0.381700
-2.477005
-2.371144
-0.031522
0.212178
0.349578
0.403711
0.634207
0.030899
1.467615
1.760960
0.958247
-0.714521
-0.126360
0.500485
0.027705
-0.277115
0.348700
0.421162
1.425320
-1.310573
-1.080733
0.005099
-0.144445
-0.277504
0.844469
0.999109
-0.143938
1.316075
1.783630
1.302748
0.382843
0.177237
0.104119
0.154624
1.665563
2.015740
2.038355
-0.816119
-0.767347
-0.818349
-0.096106
1.267443
-1.045524
-0.385624
-0.109215
0.203934
0.138551
0.211210
0.074388
0.106621
0.021123
0.012576
-0.521480
-0.412914
-0.427112
-0.422544
-0.048373
0.144653
0.165894
0.133516
-2.265911
-2.014452
-2.116090
-2.093113
-0.516970
0.347457
0.386488
0.358954
-0.672784
-0.785635
-0.867158
-0.815596
-0.350505
-0.069437
0.399909
0.498253
1.653059
1.553841
1.623287
1.660910
-0.263828
-0.601037
0.027820
0.385977
0.491593
0.662321
1.156607
1.017626
0.072645
-0.199028
0.621954
0.361272
0.821827
0.084296
0.377213
0.735058
-1.829958
-1.318963
0.950813
0.880923
0.624329
-1.285759
-2.217785
-0.095365
1.342795
1.524035
0.490525
0.397643
0.515763
1.382519
1.337075
-0.343395
-0.317978
0.152039
1.138931
1.825186
1.074887
0.657595
0.568988
0.514292
-0.582309
-0.677743
-0.312805
-0.659111
-0.404616
0.957694
-0.480133
-0.951667
0.544125
1.825657
0.233946
-0.113931
0.389223
1.066362
-2.020405
-2.140460
-1.280611
0.586232
0.636612
0.276332
0.944059
0.763554
1.475235
0.913749
0.946752
0.521542
0.854665
0.006407
-0.667956
-1.242589
0.133891
0.475098
-0.220296
-1.649930
-0.470304
0.125372
-0.389599
-0.960701
0.838358
1.072297
0.737013
-0.762313
0.227058
0.155067
-0.397138
-1.105377
-0.371330
-0.164182
-0.726499
-1.430339
-2.039398
-1.756447
0.100606
-1.000000
-0.278788
-0.491515
0.092382
0.000000
0.251459
0.336647
0.168692
0.168497
0.078162
-0.053435
-0.179709
0.000000
-0.636271
-0.654813
-0.488845
-0.549919
0.514508
0.397115
0.550438
0.183711
-2.415174
-2.351676
-1.899878
-2.386830
0.100787
0.478357
0.528292
0.361029
-0.180578
-0.125482
-0.829940
-0.332562
0.408341
0.259691
0.092785
0.507375
1.379622
1.396254
1.571198
-0.138031
-0.000037
-0.046956
-0.042069
0.055996
0.453026
0.840336
0.817663
0.166088
0.252742
0.344392
0.326319
-0.443795
-0.175720
0.063454
0.895006
0.409061
0.469434
0.957556
1.019223
-2.089368
-2.086660
-2.001559
-0.261927
0.266798
0.600614
0.487805
0.015743
-0.089291
-0.082094
-0.365782
0.178272
0.113582
0.080369
0.130625
0.179265
0.064729
-0.160609
-0.185794
-0.085825
0.384788
0.405590
0.575489
-0.486327
-1.750425
-1.807242
-1.803756
-0.874528
0.570818
0.397276
-0.166072
-1.254174
-0.661423
1.739265
0.510536
0.599876
0.225820
0.173330
0.558898
0.996835
0.986961
0.235190
0.043158
0.171348
-0.401917
-1.049614
0.361030
0.593000
-0.313833
-0.246863
-0.323628
0.156931
0.742266
-0.583511
-1.968646
-1.799410
-1.044552
-0.845136
-1.147497
0.319936
-0.076170
0.760360
-0.586061
-0.847980
-0.018089
0.483903
1.364345
0.491849
-0.955728
-1.423195
-1.225953
-1.409918
-0.894960
-1.034001
0.692853
0.335371
1.568443
0.722871
0.665032
1.230815
1.419039
1.437683
0.641390
0.435428
0.497419
0.794978
1.168709
0.940685
-0.706622
-1.009648
-0.894057
0.353731
0.879972
0.835450
0.248347
-0.077123
1.916779
-0.389687
-0.816639
0.538787
0.510246
0.830610
-0.364215
-0.878551
-0.006066
0.105024
0.398286
-0.367524
-0.461853
-0.234053
0.310802
0.665932
0.247427
-0.798165
-1.399013
-1.630416
-1.977620
-1.626414
-1.264988
0.023834
0.655290
1.763424
-0.000493
-0.389914
-0.650128
-0.401893
0.202009
-1.243171
0.217446
0.492773
1.425961
1.579013
1.379621
1.310547
1.002022
-0.382357
-1.619212
0.522113
0.957650
1.093346
1.084229
1.228180
-0.581384
-0.379069
0.109312
-0.087305
0.752604
0.739477
0.058294
-0.218535
1.782524
2.091199
1.030312
0.581822
0.797404
0.642387
-2.276488
-2.688475
-1.115595
0.994903
1.341597
0.774288
0.426109
0.335252
1.567678
1.349076
1.471274
0.969869
0.751061
0.203059
0.947616
0.806026
0.554105
0.324026
0.228667
0.190791
-0.421801
0.092801
-0.018913
-0.042063
0.981975
-0.092197
-0.255469
-0.443620
0.653862
0.535928
0.442678
0.782280
-0.037262
-1.878321
-1.919150
-2.010980
-1.219685
-0.089368
0.241302
0.592627
-0.699154
-1.135208
-1.142801
-0.956376
0.171155
0.265796
0.220689
0.051632
0.009621
0.438811
1.628505
1.494796
-0.730985
-0.711536
0.125545
0.057212
0.199634
0.466378
1.122118
0.451717
-2.457062
-2.343811
-0.086461
0.177155
0.339814
0.306836
0.091905
-0.084487
1.377936
1.679238
0.610426
-0.648017
-0.117380
0.234952
-1.049541
0.085769
0.539560
0.469943
1.795175
-1.253407
-1.032970
-0.382715
-1.416195
-0.366982
0.771724
1.047555
0.063194
1.239963
1.698803
0.951932
-0.356330
0.219018
0.153902
1.063699
2.354171
1.941607
1.948424
-1.857140
-1.518168
-0.794379
-0.052406
-0.218790
-1.833749
-0.579411
-0.118705
0.234992
0.193628
0.270542
0.024411
0.000426
-0.038207
-0.032408
-0.607723
-0.519252
-0.436303
-0.427251
0.046677
0.159996
0.142784
0.120151
-2.325965
-2.085200
-2.134553
-2.113506
-0.361256
0.506990
0.388068
0.367580
-0.845099
-0.951539
-0.845537
-0.794189
-0.358823
-0.073867
0.373514
0.472932
1.687249
1.563415
1.650243
1.687788
-0.213162
-0.565913
0.020341
0.376288
0.499884
0.661359
1.166171
1.029359
0.115999
-0.167593
0.585098
0.357858
0.894364
0.075677
0.354000
0.750531
-1.702170
-1.215755
0.939645
0.916152
0.632574
-1.216534
-2.058362
-0.247595
1.335048
1.537595
0.407420
0.495584
0.673375
1.586250
1.409563
-0.236267
-0.234137
0.162871
1.017167
1.610237
1.019726
0.640820
0.458257
0.456599
-0.367525
-0.533201
-0.605034
-0.838527
-0.402553
0.822715
-0.548064
-1.029815
0.318352
1.957753
0.401970
-0.049236
0.264875
1.049762
-1.923196
-2.310959
-1.592547
0.402293
0.640397
0.084330
0.576528
0.621083
1.335068
0.634769
0.683469
0.424684
0.813919
-0.081880
-0.778815
-1.401280
0.187745
0.505414
-0.261279
-1.650724
-0.590992
0.062997
-0.389599
-0.960701
0.866292
1.107679
0.737013
-0.762313
0.118835
0.042306
-0.397138
-1.105377
-0.371330
-0.164182
-0.726499
-1.430339
-2.039398
-1.756447
0.100606
-1.000000
-0.278788
-0.723457
-0.212244
0.000000
0.294836
0.414558
0.212905
0.168497
0.184056
0.050944
-0.210966
0.000000
-0.739993
-0.703720
-0.365560
-0.549919
0.606594
0.587738
0.763647
0.183711
-2.472087
-2.429501
-1.919858
-2.386830
0.045743
0.406043
0.484795
0.361029
-0.158205
-0.097039
-0.849687
-0.332562
0.575821
0.559242
0.326523
0.507375
1.250398
1.221975
1.443835
-0.138031
-0.111160
-0.088061
0.073684
0.145515
0.590485
0.890452
0.764550
0.194344
0.235071
0.236871
0.186833
-0.467544
-0.277355
-0.101969
0.788146
0.467704
0.562704
1.037604
1.019873
-2.155764
-2.115029
-1.949159
-0.261927
0.265416
0.589262
0.428736
0.015743
-0.061327
-0.069897
-0.181311
0.393392
0.175806
0.138337
0.052848
0.048925
-0.011163
-0.144789
-0.136576
-0.142940
0.259152
0.286058
0.425368
-0.623995
-1.826328
-1.894106
-1.832605
-0.827927
0.579074
0.332270
-0.170269
-1.269571
-0.565154
1.766307
0.506167
0.619969
0.240937
0.169038
0.577441
0.992886
0.978132
0.282124
0.059100
0.128821
-0.499818
-1.091020
0.436966
0.654068
-0.291989
-0.243508
-0.433245
-0.005886
0.791840
-0.527674
-1.893707
-1.709793
-1.059678
-0.850882
-1.074562
0.365904
-0.132067
0.839543
-0.517112
-0.862992
-0.038542
0.447252
1.238999
0.365429
-0.949729
-1.363126
-1.137534
-1.429988
-0.880320
-1.067609
0.673580
0.410795
1.593567
0.786963
0.827317
1.353622
1.360660
1.387674
0.636333
0.424568
0.458204
0.835274
1.238017
0.899914
-0.680527
-1.001549
-0.886527
0.376404
0.826363
0.772848
0.185531
-0.141494
1.859777
-0.364479
-0.763138
0.562351
0.514271
0.882897
-0.377217
-0.994065
-0.005150
0.170647
0.465962
-0.366769
-0.424927
-0.226397
0.269799
0.640639
0.259301
-0.779802
-1.408505
-1.624921
-1.999493
-1.637920
-1.267381
0.096307
0.740211
1.781757
-0.024010
-0.489949
-0.766354
-0.462135
0.236755
-1.407672
-0.076585
0.511204
1.441441
1.629202
1.436146
1.323902
0.993827
-0.351767
-1.634517
0.545119
0.959642
1.055815
1.038722
1.192866
-0.614905
-0.396849
0.254856
0.050398
0.621533
0.648911
0.326765
0.003022
1.785284
2.126488
0.911740
0.414028
0.805267
0.629153
-2.134861
-2.497138
-1.085249
0.896297
1.059979
0.464020
0.390892
0.332718
1.446497
1.189860
1.464433
0.979640
0.619685
0.070571
1.037386
0.919164
0.517250
0.355102
0.206502
0.144122
-0.233706
0.114084
-0.245205
-0.409070
1.022621
-0.164179
-0.321882
-0.375693
0.603986
0.581845
0.501921
0.785789
-0.182931
-1.784392
-1.761840
-1.941145
-1.965389
0.038435
0.425707
0.756554
-0.760315
-0.965964
-0.959210
-0.917774
0.184896
0.286279
0.249717
0.159233
0.010608
0.414803
1.460711
1.544133
-0.755840
-0.730006
0.149909
0.085526
0.228206
0.523632
1.206644
0.576880
-2.486678
-2.315294
-0.001498
-0.037088
0.306598
0.438751
0.595556
-0.379925
1.655607
1.906756
1.238199
1.085709
0.530850
0.481374
-0.518620
-0.469064
0.349051
0.460318
2.035044
2.065760
-0.057990
-0.126008
-0.498253
1.220574
1.114124
0.922936
-0.031240
-0.122203
0.950301
0.772135
-1.016881
0.232377
0.267787
2.014435
-0.795038
-0.085839
-0.042656
0.176468
0.147334
-0.666196
-0.664610
0.151511
0.188499
0.361378
0.341591
-0.199310
-0.142881
-1.844325
-2.334835
-0.668212
-0.660571
0.557039
0.787928
-0.256581
-0.506536
-0.537116
0.298547
-2.189011
-2.127095
-0.079527
0.004723
0.588642
-0.052299
-0.483775
0.488850
1.153470
1.432290
0.229287
0.166249
0.433702
0.764779
0.993686
-0.530488
-0.521912
0.479927
0.505706
0.206197
0.291102
-0.642329
-0.943951
-2.229032
-1.552400
1.510136
0.956764
0.215987
0.617096
1.542752
0.361566
1.253862
1.553940
-0.224004
0.362614
0.668072
-0.047784
-0.340090
-0.502116
0.009481
0.132700
0.105276
0.705518
0.472956
-0.604386
0.104126
1.271001
1.397052
1.404755
0.383881
-0.545806
-0.000161
0.842477
-0.211386
-0.177338
0.869412
2.525933
1.264632
-0.160428
-0.255628
0.278881
-1.515282
-1.477470
-0.697829
-1.557882
-0.559314
0.366839
-0.103154
-0.533284
-0.397995
-0.489151
0.292400
0.215350
0.145608
0.238464
0.065721
0.092362
0.519306
0.833977
-0.669486
-0.865158
0.218084
0.397475
0.042462
0.028530
-0.909449
-0.749326
-2.179048
-2.411586
1.252310
0.973961
0.182428
0.303859
1.365230
0.374243
1.242182
1.509029
-0.311897
0.495338
0.791173
-0.003660
-0.386190
-0.838274
-0.221072
0.097228
-0.046565
0.106420
0.337587
-0.496206
0.048923
1.983524
2.259341
1.456558
0.458134
0.198039
1.134517
1.108381
0.339438
-0.019406
-0.090173
1.840959
1.698542
0.259679
-0.087778
0.345733
-1.837754
-0.774471
0.414230
-0.310030
-0.333103
0.502606
0.201194
-0.237483
0.746741
0.615216
0.683540
0.118359
-0.216826
0.174284
-0.060722
0.185753
0.607905
-1.137181
-1.954663
-2.923798
-2.381845
-0.790249
-0.952781
0.153866
0.241244
1.228231
1.011737
0.229111
0.289878
0.779766
0.417012
-0.649885
-0.641772
0.438035
0.005156
-0.089428
0.149792
-1.188848
-1.074844
-2.280836
-2.317518
-0.457655
-1.529360
-0.492904
-0.023750
0.677042
0.803482
1.811796
1.807952
-0.909736
-0.359071
0.044239
-0.328184
-0.815027
-0.823904
0.415486
0.402339
0.826559
0.969813
0.281578
0.239107
0.777339
0.510842
-0.362182
-0.367328
0.446196
0.373092
0.257583
0.315767
-1.902843
-1.189778
-2.262169
-2.407525
0.377391
-0.915374
-0.084616
0.321915
2.295148
1.913909
1.867078
1.845589
1.159665
1.781213
0.958519
0.580348
0.578362
0.727820
0.396958
0.316015
0.044830
0.246992
0.252970
0.097692
-0.420361
-0.366305
1.144559
1.127552
0.414820
0.601823
1.215784
1.126330
-0.616101
-1.913870
0.168958
0.243591
0.378153
0.391705
0.769781
-0.774092
0.095769
1.126668
-0.209967
0.263600
0.462690
0.263152
0.339234
-1.018575
-2.045620
0.068327
0.330195
0.352143
0.055916
-0.263640
-0.440301
0.711696
1.801089
0.488489
-0.146055
0.403675
0.172930
-0.069058
-2.535251
-1.617803
-0.791348
-1.627038
0.246088
0.796847
0.132071
-0.159157
1.167908
1.993744
0.550022
-0.751511
0.039565
0.449816
2.274492
-0.153003
0.054755
0.507316
-0.419946
-0.027493
0.168086
0.237668
0.385716
-2.402587
-1.397314
-0.841405
0.265057
0.312488
0.542181
-0.021279
-0.801963
1.505677
-1.287548
-1.635421
0.601863
1.036719
0.798257
-0.576030
-1.993366
0.301709
1.267385
1.538139
-0.033750
0.206610
-0.409110
0.392473
0.678277
0.496909
0.730036
0.767292
0.217501
0.163668
-0.775376
-0.834762
-0.866632
-0.774323
-0.310057
0.636587
0.162743
0.100053
0.340071
0.619510
1.198172
-2.400111
-1.754683
0.846167
1.653087
0.630495
-0.703226
-1.672323
0.722506
1.230332
1.290932
-0.044924
0.407253
-0.563931
0.639596
1.295631
0.311502
0.437937
0.743493
0.554197
0.110555
-0.892022
-0.876061
-0.755929
-0.745994
-0.294309
0.643730
0.353927
0.158267
0.337709
0.635528
1.345673
-2.309263
-1.777246
0.907555
1.623025
0.628780
-0.728076
-1.649673
0.352615
1.150281
1.294920
-0.072557
0.679261
-0.421796
0.753037
1.277369
0.280198
0.424280
0.780559
0.554669
0.101858
-0.804070
-0.774512
-0.782291
-0.757311
-0.320787
0.637927
0.146267
0.075898
0.264352
0.554786
1.252634
-2.365893
-1.795114
0.878702
2.006934
0.732580
-0.715203
-1.735912
0.395790
1.135957
1.275033
-0.043814
0.516257
-0.509011
0.678377
1.298192
0.295818
0.436106
0.774333
0.603351
0.076446
-0.865951
-0.839522
-0.773419
-0.765296
-0.317106
0.608769
0.133948
0.098978
0.308617
0.612105
1.176587
-2.373357
-1.766689
0.851698
1.783443
0.681440
-0.735175
-1.731737
0.370351
1.132462
1.267583
-0.037974
0.747203
-0.404182
0.681854
1.312605
0.289330
0.435102
0.750989
0.587029
0.050382
-0.935224
-0.925452
-0.798310
-0.778728
-0.337342
0.646067
0.289760
0.125035
0.367969
0.663364
1.192524
-2.306891
-1.819222
0.931621
1.422269
0.596600
-0.635283
-1.571393
0.567045
1.218371
1.326160
-0.013672
0.691997
-0.461853
0.661733
1.318804
0.320822
0.436455
0.723560
0.546740
0.076916
-0.850669
-0.890651
-0.898148
-0.760241
-0.320078
0.717866
0.082514
0.016095
0.352183
0.662258
1.191503
-2.388116
-1.848834
0.883075
1.840600
0.783789
-0.668938
-1.670759
0.408864
1.238541
1.342152
-0.100146
0.512557
-0.420599
0.744522
1.238194
0.265151
0.402230
0.806929
0.657138
0.074189
-0.762870
-0.732646
-0.811287
-0.779798
-0.350474
0.691931
0.388472
0.097365
0.271246
0.561847
1.352034
-2.308872
-1.822731
0.878329
1.916581
0.774127
-0.704578
-1.768743
0.179809
1.168321
1.336754
-0.085410
0.567460
-0.454795
0.777810
0.817517
-0.211396
0.131079
0.475573
0.181409
-0.188282
-1.812377
-1.468032
-1.153930
0.528368
1.043364
0.325208
0.235180
0.224806
0.345789
0.107608
-0.694576
0.053687
0.049470
0.118256
-0.084942
-0.273934
-0.748467
-0.500793
1.480739
-0.707864
-0.066185
0.368773
-1.709745
-1.599355
-2.373907
-2.452342
-0.464185
-1.875591
-0.404171
0.168261
1.478229
1.415564
1.846154
1.885057
1.513490
1.207705
0.822289
0.568825
0.790153
0.427157
0.470939
0.218958
-0.706196
0.651149
0.103678
-0.036892
0.426936
0.423475
0.879311
0.971313
1.527297
0.988088
1.329490
0.932803
0.078004
0.826251
0.730982
-0.256227
-0.340767
-0.180129
-0.144013
-0.120557
-0.127028
-0.088697
-0.183033
-0.011166
0.108219
0.686042
0.788461
0.722406
0.704575
0.138113
0.146209
-0.398240
-0.207130
0.851866
0.758977
1.157429
1.259466
-0.244748
-0.491448
0.028445
-0.171871
-0.270617
-0.660553
-1.130563
-1.234597
-2.282310
-1.320606
0.119775
-0.002993
0.213174
-1.346255
-1.745781
-2.191283
-0.832091
0.935672
0.169562
0.027108
0.209648
1.291491
1.789893
0.291906
0.358034
-0.140365
-0.022003
0.231137
-0.143037
-0.506053
0.003649
0.385829
0.805436
0.029716
-0.737533
-0.732086
-2.003344
-0.818461
0.600509
1.000132
0.981732
-1.002439
-1.630459
-2.498253
-0.864715
0.888828
-0.356175
-0.189104
0.592517
2.213560
1.705901
0.673564
0.899522
-0.486497
-0.236863
0.379546
0.548285
0.274543
0.031983
0.463745
1.064908
1.012926
1.075913
1.099463
0.605790
1.042641
0.713469
0.646595
1.162699
2.223204
1.272337
0.171964
0.720636
-1.023762
-0.266184
0.294342
-0.376481
-0.308668
-1.656951
0.044824
-0.026253
-0.347050
-1.131379
-0.069854
-0.122097
-0.931462
-0.797625
-1.077874
-0.256103
-0.095253
-0.898212
-0.099725
-0.042079
-0.101314
0.155139
-2.331974
-1.409146
-1.169653
-0.105321
0.402472
0.412198
-0.308101
-0.951943
1.173270
-1.660565
-1.523729
0.474825
1.099453
0.809031
-0.827034
-2.087640
0.495084
1.289636
1.402165
0.019825
0.432477
-0.443808
0.495208
0.786329
0.391177
0.614964
0.822564
0.257707
0.134356
-0.772961
-0.787849
-0.803931
-0.776630
-0.368287
0.605072
-0.031628
0.060415
0.325315
0.628589
1.324615
-2.376983
-1.812038
0.870827
1.629822
0.664835
-0.666647
-1.656907
0.548253
1.219071
1.316115
-0.050853
0.596345
-0.506774
0.671983
1.245269
0.291309
0.418244
0.753950
0.543423
0.114816
-0.844832
-0.856006
-0.807426
-0.744481
-0.303103
0.667812
0.313842
0.164310
0.344534
0.629164
1.367298
-2.313852
-1.834067
0.913924
1.758458
0.708186
-0.673002
-1.634441
0.305746
1.179343
1.328297
-0.075728
0.649300
-0.425003
0.770131
1.223565
0.262884
0.406800
0.793155
0.543729
0.104343
-0.756118
-0.745397
-0.835279
-0.760293
-0.334354
0.660368
0.230176
0.133522
0.276497
0.546565
1.050283
-2.459804
-1.827616
0.888815
1.590177
0.655448
-0.700577
-1.726464
0.296069
1.141678
1.294490
-0.050469
0.834591
-0.408605
0.702375
1.245132
0.281890
0.416153
0.688522
0.419365
0.101588
-0.788171
-0.818390
-0.839034
-0.744261
-0.311939
0.673022
0.297180
0.127040
0.293529
0.612070
1.262408
-2.343409
-1.797035
0.869989
1.723825
0.707689
-0.706535
-1.623178
0.332662
1.116648
1.308659
-0.045593
0.695531
-0.410028
0.710857
1.241464
0.362771
0.500516
0.770225
0.564759
0.037656
-0.835089
-0.799106
-0.847278
-0.769338
-0.341165
0.627115
0.027761
0.034003
0.277022
0.555839
1.267128
-2.368649
-1.758902
0.808886
1.591442
0.672689
-0.742719
-1.780396
0.143753
1.074143
1.241047
-0.019484
1.117868
-0.357912
0.671060
1.358809
0.311073
0.427378
0.757644
0.618373
0.052350
-0.893192
-0.829493
-0.679585
-0.760901
-0.304949
0.639687
0.167707
0.091121
0.348789
0.637800
1.252805
-2.367449
-1.762014
0.906026
1.850887
0.746902
-0.727606
-1.741982
0.174768
1.182743
1.316968
-0.058814
0.735963
-0.388464
0.791981
1.319905
0.341265
0.470070
0.797882
0.610045
0.020124
-0.806337
-0.765964
-0.801168
-0.798080
-0.361701
0.615582
-0.020284
-0.026052
0.238355
0.531985
1.342523
-2.313467
-1.747633
0.875956
2.085858
0.787457
-0.752104
-1.779157
0.145211
1.111435
1.281139
-0.039390
0.691189
-0.447933
0.667670
0.772136
0.218133
0.259359
0.616168
0.386134
0.172128
-0.133607
-1.128019
-0.103799
-0.598793
-0.753037
0.365087
-0.105316
0.006805
0.191048
-1.081344
-1.026094
-2.247907
-2.419112
0.291941
-0.457196
-0.328941
-0.089122
-0.081716
-1.781669
-0.777139
1.356869
0.711228
-0.287466
-0.118309
0.788858
0.732224
2.099965
1.913939
0.786509
0.466619
-0.146969
-0.100310
-0.930758
-0.726555
0.664967
0.746819
0.673971
0.396998
1.088547
1.463154
1.516476
0.108743
0.543880
0.145119
-1.362528
0.751719
1.303398
0.926755
0.104989
-1.918867
-1.880723
0.249345
0.922135
0.062341
0.815699
-0.245092
-1.025444
1.861338
-0.231809
-0.781449
0.192599
0.722555
-0.175249
0.542528
0.610921
0.361473
2.013523
0.765648
0.045212
0.773955
0.014522
0.554049
0.672504
0.538722
1.017736
-1.590936
-1.967544
0.421628
0.915811
0.887983
1.009466
0.643622
0.238556
2.105918
1.208194
-1.018888
0.330177
0.618433
0.681155
1.302807
-1.024090
0.134593
-0.482926
-2.666343
1.055398
0.550020
0.023793
0.643933
-0.957449
0.471515
1.907104
1.067408
-1.090399
0.477644
0.567203
-0.334023
1.659351
0.239259
-0.023351
-0.399198
-0.138773
-0.416255
0.842881
0.235328
-0.221947
-1.400686
-0.511171
-0.210090
-1.135817
-1.970527
-0.904903
-0.286788
-0.408599
-0.323851
-1.336739
-1.515479
-0.680707
-1.205037
-1.522985
-0.474577
-1.745169
-0.912868
-0.301246
-1.530259
-1.520298
0.072260
0.003785
0.192804
0.198394
0.262362
0.202893
0.093380
0.088970
-0.601424
-0.631676
-0.535340
-0.555974
-0.363011
-0.561826
-0.512945
-0.533873
-1.136971
-1.404667
-1.290256
-1.630788
-1.838414
-1.836379
-1.563286
-1.388496
1.453641
1.478710
1.421334
0.658608
-0.477564
0.973815
1.614444
1.687799
0.591426
0.660374
0.417385
1.001376
1.394265
0.760014
0.357353
0.451714
0.745134
0.747922
0.694707
0.744579
1.097075
1.441295
1.344099
1.347328
0.648185
0.356671
0.556942
0.852000
0.466061
0.307710
0.173549
0.018224
0.029323
-0.536588
-0.575843
-0.576862
-0.666761
-0.341005
-0.337127
0.348376
0.261877
-0.998587
-1.002229
-0.350657
-0.342132
-0.911097
-0.969919
0.062525
0.078710
0.092950
0.107079
-0.572196
-0.567082
1.493848
1.371438
0.421084
0.462192
-1.231978
-1.240897
-2.313990
-2.294414
0.239852
0.502440
0.010775
-0.028605
-0.146561
-0.131011
1.378320
1.393761
0.939336
0.817916
-0.330894
-0.288248
-0.049190
-0.081255
-0.287189
-0.380393
0.028547
0.084170
0.298775
0.304116
-0.476876
-0.478521
1.886949
1.776789
0.352797
0.385976
-0.788115
-0.814014
-2.284745
-2.286844
0.185001
0.527450
0.395560
0.353106
0.821511
0.799717
1.889955
1.874969
1.440632
1.308635
0.383544
0.368437
1.110487
1.043688
0.310174
0.330141
-0.032214
0.073181
0.101732
0.059176
1.235703
1.292362
0.910530
0.926581
1.056188
0.832995
0.897129
0.884537
1.017691
0.860225
1.472752
1.044057
1.025745
0.999073
-0.228416
0.528698
-2.439924
-2.155719
0.012322
-0.492689
-0.111167
0.242595
-0.869959
-0.468497
0.059462
-0.025143
0.108839
0.098084
0.206361
0.190962
0.195696
0.184428
-0.570245
-0.554095
-0.442289
-0.474493
-0.172279
-0.305457
-0.517517
-0.568226
-1.236793
-1.418530
-1.279509
-1.587010
-1.741126
-1.806282
-1.560759
-1.387868
1.443382
1.442935
1.444463
0.715133
-0.346189
0.974506
1.610805
1.675428
0.547486
0.634379
0.452643
1.023596
1.375106
0.733202
0.412434
0.546205
1.011763
0.954394
0.755466
0.923512
1.325850
1.448277
1.413344
1.380913
0.570008
0.911757
0.897127
1.354748
0.896363
0.965862
-0.378986
0.952597
0.957536
0.968409
-0.252371
0.566713
0.273381
-0.470598
0.705046
-1.305306
-2.024182
-0.062981
-0.632979
0.051077
0.288398
-0.558146
-0.033564
0.163731
0.063054
0.118196
0.109124
0.202177
0.169753
0.114270
0.111260
-0.515762
-0.524447
-0.538356
-0.586586
-0.275881
-0.356029
-0.409764
-0.464786
-1.162380
-1.010814
-1.312439
-1.491007
-1.744290
-1.790794
-1.602955
-1.580361
1.794402
1.838209
1.442934
1.013556
0.454077
0.507728
1.494607
1.596912
0.130192
0.177578
0.470605
0.826308
0.794923
0.715943
0.206028
0.257915
0.719658
0.788531
0.689738
0.733996
0.267438
0.279984
0.893450
0.779484
-0.041317
-0.006099
-0.411224
-0.051565
-0.732800
-0.747134
0.400600
0.281366
0.291864
0.209546
-1.188503
-0.619567
-1.882288
-2.340325
0.145216
-0.739543
-0.399052
-0.036679
0.045930
0.521840
1.300402
0.547985
-1.138579
-2.335701
-1.609227
-0.351868
-0.746172
0.481902
0.580707
-0.586136
-1.354822
1.523749
0.999338
0.557061
1.141050
0.479749
0.911208
1.775712
1.955606
0.816234
0.787495
0.849990
0.445589
0.037990
-0.020542
0.564999
0.900679
1.045907
1.451353
1.622011
0.276501
0.049193
0.422532
0.516118
0.518732
-0.678983
-1.029504
-0.823006
-2.012312
-1.213352
0.133211
0.333643
0.524574
-1.838679
-2.319216
-2.244734
-0.939515
0.935317
0.389798
0.108767
0.456619
1.395968
1.363113
-0.068242
0.297684
-0.124613
0.023828
0.145041
-0.133283
-0.226361
0.291987
0.578744
0.904195
0.190993
-0.691596
-0.448475
-1.892381
-0.702429
1.144388
0.846007
0.792648
-1.319785
-2.017901
-2.124256
-0.721093
0.834799
-0.326292
0.149972
0.703025
1.486384
0.940510
1.290820
1.311915
-0.305908
0.392361
0.723297
0.288015
0.388815
0.282495
-0.012607
0.690782
1.238556
1.926931
1.692161
0.925615
1.123573
0.406906
0.385930
1.188116
2.512962
1.056499
-0.070397
0.996804
-0.601101
-0.073093
-0.777761
-1.759083
-0.384602
-1.492566
-0.054233
0.029452
-0.237935
-0.870419
-0.037784
-0.094949
-0.763060
-0.911186
-1.168453
-0.281393
-0.095645
-0.848057
-0.112178
-0.049678
-0.097479
0.141129
-2.315945
-1.436326
-1.174676
-0.115003
0.235019
0.343625
-0.314979
-0.960276
1.271309
-1.601408
-1.557304
0.512992
1.264345
0.819263
-0.760600
-2.052716
0.329073
1.210735
1.390343
-0.003733
0.427035
-0.448411
0.390880
0.739147
0.381849
0.605422
0.785467
0.237849
0.126517
-0.814930
-0.813838
-0.830332
-0.756041
-0.334576
0.581241
0.175664
0.126285
0.316407
0.560504
1.396963
-2.320980
-1.716725
0.836404
1.861098
0.683128
-0.734967
-1.712304
0.058034
1.080630
1.292361
-0.040211
0.496907
-0.537637
0.678725
1.318421
0.298183
0.425871
0.751487
0.552036
0.105486
-0.887818
-0.848986
-0.721740
-0.743184
-0.289783
0.631850
0.149231
0.099118
0.328102
0.599652
1.154670
-2.394149
-1.737186
0.892822
1.894950
0.689300
-0.773839
-1.690835
0.455275
1.200941
1.314911
-0.064148
0.458418
-0.479959
0.782833
1.302387
0.295768
0.440149
0.790169
0.552565
0.085104
-0.811578
-0.746323
-0.747103
-0.759288
-0.320701
0.624149
0.272541
0.146035
0.267246
0.517938
1.313240
-2.366728
-1.749294
0.859667
1.757232
0.634008
-0.808101
-1.773974
0.231575
1.111829
1.290809
-0.044390
0.264051
-0.555282
0.714694
1.324269
0.287684
0.430896
0.711851
0.489962
0.098418
-0.841061
-0.799442
-0.727731
-0.750665
-0.307397
0.660981
0.285174
0.121911
0.297703
0.519171
1.081307
-2.333457
-1.686396
0.867082
1.786613
0.682666
-0.772527
-1.693414
0.385868
1.106196
1.286570
-0.031130
0.769854
-0.426850
0.717423
1.329244
0.291899
0.432814
0.748593
0.584702
0.088367
-0.880533
-0.804917
-0.687603
-0.787589
-0.329625
0.645144
0.231690
0.112906
0.343887
0.628707
1.229746
-2.367708
-1.753344
0.874528
1.683852
0.658050
-0.722473
-1.726232
0.262155
1.148929
1.289287
-0.048710
0.752349
-0.448206
0.664954
1.369471
0.306812
0.434971
0.677493
0.435550
0.059096
-0.919942
-0.866770
-0.689166
-0.740077
-0.290591
0.687154
0.056988
0.019476
0.378553
0.692214
1.300620
-2.312520
-1.821487
0.919317
1.739907
0.718287
-0.677852
-1.610629
0.520036
1.199766
1.303157
-0.032654
0.817832
-0.403406
0.728476
1.294474
0.319685
0.459007
0.775409
0.580670
0.052605
-0.848203
-0.780620
-0.761973
-0.758216
-0.328488
0.671376
0.100351
0.019246
0.309022
0.580986
1.068529
-2.421173
-1.822490
0.928169
1.969136
0.742352
-0.712860
-1.668370
0.355836
1.135344
1.297140
-0.067878
0.539493
-0.477568
0.637701
0.742008
0.198561
0.242471
0.650292
0.373922
0.081866
-0.226948
-1.226101
-0.039990
-0.414398
-0.567031
0.455337
-0.143385
-0.019516
0.172565
-1.181627
-0.938718
-2.144319
-2.499870
0.192541
-0.254603
-0.097822
-0.098300
-0.259871
-1.879168
-0.817018
1.416915
0.605671
-0.085967
0.121499
0.731285
0.547519
1.980641
1.787511
0.780141
0.577897
-0.087085
-0.041905
-0.746957
-0.603248
0.681732
0.619492
0.534875
0.378997
0.965281
1.359030
1.279035
0.001091
0.385647
-0.094520
-1.217834
0.731858
1.043326
0.274486
-0.282443
-1.989256
-1.998992
0.420387
1.022299
-0.095757
0.458747
-0.679308
-1.086491
1.833062
-0.508303
-0.615746
0.360696
0.554991
0.136067
0.972915
0.961477
0.525764
1.671602
0.601274
0.080751
0.482707
-0.260391
0.458334
0.567381
0.190351
1.053518
-1.609443
-1.926315
0.360621
1.003442
0.925338
0.811904
0.042642
0.112976
2.150816
1.424043
-1.043255
0.622971
0.979848
0.711729
0.926093
-1.313587
0.306497
0.217695
-1.598063
1.685384
0.404634
-0.142428
1.335017
-0.108155
0.686644
2.035847
1.925958
-0.300726
0.493565
0.421957
-2.209413
-0.838897
-0.262214
0.062253
0.576247
0.751111
-0.535368
0.441274
-0.670938
-0.651859
-1.504721
-0.002081
0.852139
-0.705521
-2.025256
-0.753387
-0.137288
-0.775963
-0.785288
-1.344843
-2.274121
-1.715714
-1.464245
-1.441715
-0.335378
-1.101528
-0.509599
-0.353897
-0.285232
-0.345465
0.128531
0.076733
0.161818
0.155964
0.137822
0.101915
0.058258
0.053949
-0.666126
-0.690363
-0.661291
-0.637419
-0.216245
-0.555378
-0.498249
-0.535545
-1.186345
-1.402653
-1.385968
-1.717429
-1.686536
-1.668465
-1.473641
-1.294876
1.313306
1.328823
1.360336
0.611608
-0.430566
0.926861
1.574705
1.615149
0.547442
0.680618
0.557547
1.129434
1.379528
0.739569
0.307803
0.470565
0.983774
0.803745
0.696080
0.856743
1.304982
1.451312
1.398476
1.279020
0.314130
0.952314
1.021727
1.427743
0.881958
1.047334
0.745814
1.308479
1.055433
1.134486
0.228170
0.650909
0.731914
0.532207
1.815449
2.620349
0.068648
-0.197076
-0.240810
-0.082745
-0.246902
0.178087
0.118204
0.135780
0.150525
0.080461
0.247982
0.025858
-0.027463
-0.652642
-0.621455
-0.742425
-0.649907
0.230875
-0.216920
-0.039196
0.205616
-2.309323
-1.484695
-2.289652
-2.307356
0.094695
-0.216145
-0.012862
0.295059
0.780142
0.294144
0.855845
1.191773
-0.458714
-0.501914
-0.261716
0.593556
0.067315
0.283421
0.577379
-0.536696
-1.498725
-2.287601
-2.131219
-0.038770
-1.157880
-0.242114
0.596497
1.569524
1.158820
1.792550
2.056460
1.280017
1.162033
0.872917
0.509543
0.493360
0.887473
0.668141
0.364124
-0.139072
-0.068861
-0.128597
-0.086335
1.034245
1.979148
1.446711
0.838661
0.390661
0.880949
1.145887
1.038503
0.669909
-1.008590
-0.955858
1.562445
1.433181
-0.430235
-0.253811
-0.168525
-0.240376
-0.355290
-0.359288
0.616777
0.511295
-0.145659
0.226310
-1.209308
-1.550417
-0.841461
-0.888507
0.985269
0.765936
-1.092586
-0.978904
1.154638
1.944900
-0.921428
0.267907
-0.383848
-1.345260
0.761109
0.117953
0.147197
0.032318
-0.543714
-0.028586
0.120628
0.207573
0.203963
-0.705160
-0.708967
0.111416
0.461420
0.347216
-0.241651
-0.738943
-0.736903
-2.344816
-1.861752
0.501870
1.041632
0.762415
-0.912278
-2.173333
-2.187018
1.570891
1.533417
0.090752
-0.123566
0.386390
1.640876
1.729883
1.449656
0.256510
0.420979
0.191994
0.386143
-0.589597
-0.276612
-0.296277
0.399908
0.905581
0.819451
-0.152613
-0.446713
-1.429896
-0.266007
-0.555243
0.847018
0.175444
0.803897
0.919521
-0.076089
1.313200
1.478070
1.479748
0.204711
0.330538
0.283207
0.220448
0.207477
0.341074
0.261709
0.014067
0.105559
0.130669
-0.017211
-0.652086
-0.671431
0.372582
1.203821
0.479416
-0.330996
-0.683681
0.308474
-2.223235
-1.059905
0.410724
1.711068
0.808344
-0.697141
-0.882921
0.097383
1.463323
0.164136
-0.717457
0.128731
0.364993
1.026480
0.354036
-0.769709
0.196276
-1.639164
-1.862274
0.460576
0.316938
0.791422
-0.598952
-1.605717
0.644578
1.704466
1.228034
0.120428
0.222461
0.940851
1.551233
0.333783
-0.053181
0.508391
0.772146
-0.588425
-0.654740
-0.749377
1.141530
0.542878
0.270324
0.944905
0.919447
-2.100140
-2.298368
-1.499645
0.027409
0.194965
0.103793
0.223299
0.179529
-0.541176
-0.551038
0.367772
0.038442
0.627245
0.137739
-0.183911
-0.129264
-0.434349
-0.347422
0.210391
-0.050103
0.085003
0.375933
-2.111405
-1.947979
1.613483
1.665430
0.566310
-0.581506
-0.210018
0.423798
-0.624052
-0.175465
0.309731
0.073185
0.283742
-0.889291
-0.884803
0.620722
1.855330
1.760805
-1.585931
-2.067588
0.340163
1.551195
1.219554
0.341877
0.856309
0.923111
1.744085
1.579682
0.344286
0.860004
0.825564
0.546662
0.756696
0.784826
0.592065
0.562308
0.545730
1.368311
0.832601
0.181780
-0.223160
0.569624
0.331901
0.113130
-0.461722
-1.082026
0.758433
0.623972
0.599651
0.465627
-1.607353
-1.421558
-1.261612
-1.448916
-0.088925
0.172292
0.354743
0.264693
-0.896006
-0.877401
-0.948248
-0.825387
0.100344
0.232472
0.521134
0.430735
-0.803025
-0.839655
-1.135684
-1.341774
0.479895
0.553412
0.453523
0.473508
-0.346621
-0.315925
-0.263772
0.073057
0.447691
0.242804
0.283629
0.192228
0.786672
1.501142
1.272893
-0.027830
0.195390
0.535260
0.372361
-0.646235
-0.438982
0.386310
0.250753
0.217008
0.361510
-0.166317
-0.202148
-2.457946
-2.001810
0.356665
0.281106
0.551156
0.623638
-1.614357
-1.616693
0.400287
0.884376
0.256943
0.303643
-0.373897
-0.460052
-1.561628
-1.348538
1.079659
0.783025
0.526242
0.475623
-1.828390
-1.882396
0.897862
1.699562
0.464809
0.422659
0.324580
0.153399
1.656200
1.759137
1.196453
0.662470
0.490798
0.267538
0.442039
0.202233
0.275760
0.196887
1.035132
-0.161089
-0.776054
-0.395564
0.588113
0.371654
0.618115
0.904178
1.776456
-2.460979
-1.976373
0.941626
0.056522
0.224652
0.166591
-1.170185
-0.105856
0.924365
1.566451
-0.646606
0.104177
0.230096
0.351544
0.000000
-0.459159
-0.228114
-0.043015
-0.549919
0.340135
0.426429
0.720612
0.183711
-2.226765
-1.657991
-1.018914
-2.386830
0.236639
0.642499
0.728873
-0.126084
-0.370563
-0.383344
-0.966080
0.268078
0.382477
0.280577
0.108724
-0.007464
0.452946
1.692913
1.448229
-0.798701
-0.775353
0.091742
-0.039075
0.286429
0.492598
1.183161
0.741940
-2.363555
-1.275070
0.197383
0.150027
0.166841
0.364063
0.220037
0.177207
0.514513
0.333462
-0.639287
-0.020710
0.077229
-0.049926
-0.247951
-0.711817
-0.637058
-1.313014
-1.766948
0.067122
0.196183
-1.079657
-1.138381
-2.425382
-2.172627
1.858341
1.526078
0.438582
0.439374
1.762401
1.461401
1.677635
1.659269
0.240149
0.239340
-0.049217
-0.077696
-0.010465
0.050076
0.088891
0.050844
-0.625802
-0.633594
-0.548395
-0.611262
0.305674
0.448431
0.007795
-0.009790
-2.356891
-2.368383
1.567441
1.505529
0.402715
0.302015
1.764837
1.681355
1.673195
1.645418
0.603035
0.663226
0.066247
0.051468
0.366728
0.302862
0.372946
0.338020
0.322933
0.806238
-0.763890
-0.894794
1.090129
1.274315
1.233336
1.168187
1.223821
1.016785
1.296400
1.468549
-0.306254
-0.157442
0.789541
2.059790
2.368333
0.516289
-0.448153
0.393638
0.707168
0.348955
0.022967
-0.581987
-0.029064
-0.392718
1.031061
0.305425
0.711128
1.448356
2.038797
1.102695
0.619015
-1.472420
0.137877
-0.326518
-1.906949
-1.199620
-1.635569
0.002094
0.071578
0.211950
0.164448
-0.168704
-0.234534
-0.028945
-0.015526
-0.470089
-0.443445
-0.455362
-0.460795
-0.001851
0.099842
0.140539
0.146230
-2.242168
-2.141241
-2.141714
-2.141226
-0.269801
0.572235
0.393441
0.346124
-0.663440
-0.793483
-0.754589
-0.706179
-0.412262
-0.114490
0.380287
0.477902
1.672921
1.577994
1.643648
1.682302
-0.125345
-0.498471
-0.028519
0.318493
0.651676
0.799917
1.185789
1.059225
0.135838
-0.146588
0.592309
0.362072
0.690891
-0.112048
0.248194
0.703800
-1.778262
-1.258721
0.937482
0.876570
0.551665
-1.459455
-2.302396
-0.329966
1.163839
1.623161
0.518838
0.634189
0.639535
1.524925
1.503400
-0.184942
-0.175832
0.176090
0.896984
1.871077
1.254318
0.655714
0.444240
0.392187
-0.401061
-0.552379
-0.450846
-0.809015
-0.599741
0.804337
-0.444345
-1.037803
0.275171
1.909233
0.483954
-0.081170
0.181840
1.149332
-1.941758
-2.173622
-1.266308
0.606653
0.846226
0.413247
0.814766
0.761499
1.212309
0.550107
0.633749
0.358868
0.506138
-0.261186
-0.803775
-1.440437
0.093698
0.381935
-0.292643
-1.588753
-0.566807
0.001560
-0.391301
-0.926504
0.751971
0.976299
0.703511
-0.735212
-0.109712
-0.178642
-0.450005
-1.118788
-0.663413
-0.344810
-0.747171
-1.426249
-2.093228
-1.954369
0.100606
-1.000000
-0.271412
-0.829286
-0.503123
0.000000
0.260746
0.339262
0.195110
0.168497
0.274009
0.130313
-0.169722
0.000000
-0.620559
-0.567088
-0.346965
-0.549919
0.543461
0.498499
0.639069
0.183711
-2.371372
-2.280552
-1.891965
-2.386830
0.075688
0.429123
0.494694
0.361029
-0.274063
-0.249624
-0.926975
-0.332562
0.593013
0.573120
0.254586
0.507375
1.342749
1.372919
1.646659
-0.138031
-0.035158
-0.009427
0.136984
0.286731
0.841943
1.076698
0.900345
0.330390
0.376230
0.263947
0.196218
-0.399148
-0.186533
-0.000835
0.952188
0.517528
0.591363
0.968994
1.019044
-2.227265
-2.139746
-1.809786
-0.257268
0.211527
0.565834
0.592635
0.014955
-0.531936
-0.539485
-0.238778
0.394705
0.296210
0.249539
0.237188
0.310912
0.248052
-0.007912
0.104032
-0.164287
0.142060
0.293247
0.705299
-0.642136
-1.740273
-1.461222
-1.790344
-0.998878
0.811649
0.744747
-0.110296
-1.001127
-0.701955
1.452444
0.494377
0.517454
0.045631
0.160520
0.609412
0.947107
1.044565
0.390826
-0.011348
0.052473
-0.475366
-1.010239
0.545655
0.671436
-0.201396
-0.099403
-0.334354
0.054693
0.729294
-0.630153
-1.987617
-1.846662
-1.129133
-0.861385
-1.011077
0.378708
-0.086767
0.854733
-0.779130
-1.006926
-0.055069
0.346502
1.151511
0.354157
-0.908855
-1.392470
-1.092306
-1.280918
-0.972903
-1.118118
0.633867
0.338146
1.547165
0.565312
0.528148
1.294286
1.256285
1.386370
0.688363
0.459076
0.388203
0.801093
1.310016
0.940508
-0.836934
-1.090937
-0.831704
0.381679
0.731195
0.725098
0.188691
-0.112878
1.911335
-0.389513
-0.855344
0.594373
0.547121
0.890308
-0.420930
-0.971033
0.023000
0.167817
0.532524
-0.404738
-0.508403
-0.190334
0.492064
0.748643
0.230922
-0.788449
-1.507185
-1.705187
-1.922213
-1.611981
-1.245998
0.164232
0.645336
1.613042
-0.000946
-0.437229
-0.752272
-0.501011
0.298251
-1.252225
0.033024
0.379551
1.519222
1.652070
1.480771
1.429876
1.128663
-0.341481
-1.480841
0.572175
0.871689
1.081150
1.202624
1.268422
-0.247619
-0.000969
0.213667
0.062843
0.732006
0.735471
0.143235
-0.130238
1.787663
2.243955
1.119393
0.574136
0.880600
0.627495
-2.233612
-2.632471
-1.459771
0.886935
1.022804
0.579233
0.308891
0.157507
1.434905
1.239055
1.601702
1.060644
0.812351
0.293841
0.528010
0.332992
0.284768
0.173953
0.185237
0.257834
-0.341109
0.164648
0.008085
-0.121335
0.840660
-0.351126
-0.533851
-0.515722
0.321512
0.453044
0.383584
0.744426
-0.036348
-2.180894
-2.196492
-1.989755
-1.373842
0.155527
0.436955
0.427564
-0.767368
-0.768865
-0.808649
-1.048041
0.213810
0.310456
0.310197
0.086686
0.020009
0.370704
1.509395
1.413992
-0.716844
-0.712384
0.003215
-0.042759
0.192844
0.432208
1.337476
0.502180
-2.420763
-2.323181
0.111018
-0.016638
0.441340
0.547254
0.069359
0.110730
1.522827
1.536135
0.414388
0.603402
-0.149539
-0.151857
0.615631
1.308864
0.372968
0.514828
-0.256267
0.304943
-1.003131
-1.126831
1.467938
1.773525
0.341484
0.717474
0.138812
0.004222
1.511313
1.669926
-0.240728
0.197856
0.374369
0.338814
0.098830
0.624617
1.946425
1.971919
1.347565
0.578473
-1.242507
-0.571551
0.458013
-0.356801
-0.344469
-0.005020
-0.128867
0.062197
0.248800
0.058293
-0.193411
-0.071195
-0.005762
-0.496716
-0.451628
-0.438247
-0.418094
-0.078811
0.119734
0.145909
0.117621
-2.305392
-2.177569
-2.116767
-2.059537
-0.596719
0.334031
0.328614
0.323943
-0.774304
-0.897065
-0.885961
-0.833192
-0.387166
-0.072773
0.360128
0.460080
1.628239
1.546642
1.650560
1.690066
-0.066492
-0.436272
0.009058
0.368369
0.634429
0.759904
1.167335
1.038036
0.087116
-0.199580
0.609447
0.385822
0.733279
-0.111850
0.270710
0.741587
-1.764329
-1.260974
0.942355
0.970297
0.684480
-1.319381
-2.193491
-0.689389
1.089729
1.536722
0.415305
0.612799
0.696032
1.529857
1.402750
-0.089886
-0.170071
0.134480
0.948421
1.882546
1.171649
0.528194
0.580064
0.580385
-0.625263
-0.768746
-0.173062
-0.383730
-0.397942
0.835624
-0.699035
-1.286660
0.428611
1.920920
0.591579
0.102730
0.242612
1.061391
-1.987828
-2.153159
-1.460213
0.321625
0.915868
0.479689
0.817972
0.841558
1.293203
0.669492
0.782667
0.454968
0.476303
-0.440993
-0.775697
-1.367632
-0.059458
0.205266
-0.281084
-1.587981
-0.473382
0.064522
-0.391301
-0.926504
0.880163
1.095859
0.703511
-0.735212
0.003813
-0.063824
-0.450005
-1.118788
-0.663413
-0.344810
-0.747171
-1.426249
-2.093228
-1.954369
0.100606
-1.000000
-0.271412
-1.050279
-0.762506
0.000000
-0.017174
0.067520
0.229637
0.168497
0.136953
0.045152
-0.046201
0.000000
-0.561566
-0.532413
-0.354335
-0.549919
0.595529
0.555446
0.705020
0.183711
-2.360350
-2.294331
-1.953706
-2.386830
0.156904
0.520909
0.544915
0.361029
-0.209373
-0.169644
-0.919812
-0.332562
0.466152
0.398951
0.210045
0.507375
1.293925
1.283746
1.508810
-0.138031
-0.322128
-0.346097
0.036304
0.288651
0.603130
0.699591
0.904264
0.131832
0.185505
0.263870
0.283488
-0.465937
-0.213054
0.053039
0.901583
0.476189
0.564209
0.997808
1.018797
-2.230595
-2.222537
-1.964029
-0.257268
0.150504
0.502813
0.544003
0.014955
-0.476060
-0.457941
-0.337376
0.246244
0.175913
0.114430
0.053142
0.201991
0.333718
0.123443
-0.013353
-0.099762
0.267457
0.317263
0.406420
-0.616309
-1.570033
-1.485127
-1.766570
-0.821758
0.671933
0.459617
-0.150928
-1.209217
-0.739978
1.809572
0.482950
0.574505
0.255997
0.204447
0.566825
0.992140
0.971016
0.233191
0.038292
0.120337
-0.448602
-1.030131
0.480434
0.639141
-0.407792
-0.315531
-0.331357
0.122694
0.728523
-0.646070
-2.039247
-1.848809
-1.081628
-0.816192
-1.049648
0.297828
-0.158335
0.816059
-0.608804
-0.848844
-0.013638
0.437903
1.306944
0.492797
-0.864502
-1.343878
-1.144472
-1.338470
-0.767700
-1.043843
0.580415
0.383249
1.539110
0.686864
0.800258
1.309176
1.341307
1.424835
0.623851
0.322121
0.444430
0.825697
1.243263
0.959699
-0.752068
-1.060304
-0.844060
0.406517
0.895259
0.827649
0.225848
-0.079497
1.894680
-0.425519
-0.824523
0.615230
0.592895
0.918647
-0.348797
-0.978773
-0.062470
0.130858
0.494273
-0.350546
-0.414404
-0.170023
0.378425
0.710730
0.274494
-0.803552
-1.519010
-1.689983
-1.995822
-1.619421
-1.209894
-0.018578
0.517801
1.746454
0.025568
-0.478687
-0.785469
-0.509300
0.153221
-1.382695
0.119321
0.496998
1.461516
1.539773
1.398907
1.395242
1.162058
-0.317877
-1.540342
0.636164
0.898948
1.147094
1.304137
1.296425
-0.458401
-0.257642
0.393322
0.278154
0.724798
0.791608
0.336211
-0.016256
1.705383
2.093988
1.045084
0.557763
0.817841
0.536474
-2.214911
-2.539596
-1.432914
0.734810
0.931162
0.497204
0.416329
0.343861
1.715156
1.517916
1.446940
0.888642
0.815162
0.308146
0.580479
0.401827
0.420295
0.340463
0.220919
0.109476
-0.297391
0.134149
0.040556
0.069938
0.965652
-0.077036
-0.250992
-0.448479
0.374604
0.357088
0.297057
0.780548
-0.530404
-1.913378
-1.877395
-1.890098
-1.290640
0.057548
0.353289
0.496026
-0.801564
-1.069694
-1.058301
-0.955364
0.174322
0.265981
0.250878
0.121218
0.012857
0.426193
1.658712
1.442555
-0.711166
-0.702576
0.042109
0.042224
0.209919
0.463158
1.279534
0.514593
-2.476459
-2.342671
0.247654
0.010818
0.277880
0.377782
-0.179020
-0.078058
1.416878
1.437913
0.287884
0.464390
-0.021685
0.000604
0.781843
1.639237
0.398766
0.544493
-0.042513
0.686246
-0.895723
-1.020691
0.929096
1.135354
0.303642
0.680195
-0.260065
-0.471846
1.633379
1.784712
0.067452
0.606797
0.471140
0.451074
-0.468834
0.154264
2.092860
2.163335
1.787904
0.872533
-1.114106
-0.425581
-0.390116
-1.308336
-0.612082
-0.238089
-0.281863
0.036926
0.222011
-0.057963
-0.212726
-0.062274
-0.020098
-0.441186
-0.389580
-0.475907
-0.459593
-0.003188
0.203369
0.175125
0.144064
-2.213647
-2.095807
-2.140556
-2.094413
-0.555741
0.408628
0.375111
0.366240
-0.713924
-0.853598
-0.835711
-0.783574
-0.338303
-0.031720
0.368825
0.469418
1.682036
1.591669
1.610514
1.650968
-0.086924
-0.456314
0.034808
0.396558
0.645985
0.792374
1.164472
1.030397
0.108365
-0.178606
0.585286
0.353207
0.750539
-0.042919
0.296982
0.714441
-1.837768
-1.368207
0.982746
0.610110
0.259675
-1.375732
-2.188404
-0.321296
1.244908
1.707656
0.490844
0.480641
0.631537
1.526035
1.378928
-0.474216
-0.559980
-0.143955
0.855462
2.036676
1.422454
0.592185
0.566279
0.583204
-0.368242
-0.476770
-0.266071
-0.653242
-0.596127
0.851097
-0.668699
-1.178257
0.293801
1.799527
0.313398
-0.200830
0.244466
1.122206
-1.998132
-2.179175
-1.501803
0.418364
0.853518
0.383327
0.707138
0.839289
1.268527
0.597457
0.709443
0.352387
0.639393
-0.309561
-0.818909
-1.448845
-0.167300
0.087068
-0.314111
-1.588755
-0.563702
0.001551
-0.391301
-0.926504
0.705245
0.916728
0.703511
-0.735212
-0.050712
-0.119239
-0.450005
-1.118788
-0.663413
-0.344810
-0.747171
-1.426249
-2.093228
-1.954369
0.100606
-1.000000
-0.271412
-1.012307
-0.731918
0.000000
0.036050
0.120151
0.281012
0.168497
0.129422
0.050732
0.009668
0.000000
-0.828618
-0.796641
-0.351027
-0.549919
0.656920
0.611486
0.705153
0.183711
-2.556985
-2.508005
-2.013893
-2.386830
0.065797
0.414237
0.477799
0.361029
0.062147
0.076981
-0.964652
-0.332562
0.412033
0.332336
0.180492
0.507375
1.241335
1.228040
1.425432
-0.138031
0.026044
0.030061
0.114763
0.334558
0.841391
1.077895
0.909041
0.303730
0.344786
0.282123
0.341959
-0.597156
-0.401414
-0.073176
0.889201
0.536848
0.590066
0.960121
1.018299
-2.165670
-2.155661
-1.988209
-0.257268
-0.128214
0.232262
0.495281
0.014955
-0.309040
-0.313679
-0.256722
0.310489
0.091431
0.045161
-0.043518
0.080648
0.234954
0.076196
0.048896
0.047026
0.311372
0.266481
0.615768
-0.653743
-1.715220
-1.544692
-1.935155
-0.968790
0.750457
0.611435
-0.094434
-1.125904
-0.685699
1.713155
0.523180
0.565848
0.036602
0.112155
0.560732
0.981863
1.030720
0.355861
0.102283
0.129571
-0.504377
-1.096721
0.423129
0.583518
-0.383603
-0.263823
-0.425113
-0.003704
0.692831
-0.673732
-2.008814
-1.832076
-1.157800
-0.856977
-1.150461
0.247439
-0.054700
0.801266
-0.668229
-0.848615
-0.001468
0.336984
1.188622
0.465237
-0.876789
-1.206419
-1.062250
-1.384339
-0.819539
-1.001583
0.679071
0.370488
1.541873
0.690548
0.803812
1.344407
1.339732
1.507786
0.757909
0.399468
0.483571
0.833540
1.212096
0.902325
-0.723281
-1.063586
-0.860614
0.401918
0.936642
0.916491
0.249631
-0.143433
1.821132
-0.389246
-0.760057
0.675698
0.611423
0.938669
-0.370441
-1.082346
-0.050139
0.143429
0.480498
-0.337661
-0.462923
-0.231620
0.309183
0.634968
0.312910
-0.743769
-1.404043
-1.601783
-2.024628
-1.618664
-1.220378
-0.001876
0.555505
1.724584
-0.011853
-0.551279
-0.869503
-0.513453
0.231105
-1.317049
0.003823
0.469950
1.460217
1.668279
1.527170
1.383329
0.995715
-0.501761
-1.660808
0.602904
0.970610
1.041556
1.094415
1.253655
-0.603840
-0.390161
0.046851
-0.130564
0.710976
0.730809
0.233943
-0.072703
1.771963
2.103190
1.017698
0.577745
0.702844
0.586752
-1.887891
-2.379228
-1.249794
0.778784
1.105071
0.562138
0.361718
0.352141
1.570100
1.321649
1.484088
0.980124
0.816768
0.288406
0.631125
0.475058
0.290014
0.196261
0.197440
0.229770
-0.262877
0.099842
-0.136190
-0.153503
0.853339
-0.278619
-0.422390
-0.449252
0.640792
0.421218
0.266968
0.683366
-0.067999
-1.992982
-1.987764
-1.960086
-1.237974
0.160278
0.501280
0.609671
-0.775873
-1.007441
-0.958578
-0.823455
0.162803
0.290707
0.340949
0.032143
0.022416
0.448685
1.516923
1.375478
-0.735142
-0.731248
0.077748
0.155693
0.210566
0.481199
1.124752
0.470139
-2.480161
-2.319261
0.180147
-0.068515
0.159247
0.268506
0.014613
0.179914
1.595373
1.648916
-0.120185
-0.097329
-0.131107
-0.121188
0.858726
1.812070
0.585573
0.722121
0.031711
0.865997
-0.921750
-1.046461
1.095755
1.264794
0.330086
0.697631
-0.430514
-0.658300
1.486638
1.611235
0.062057
0.658213
0.357149
0.324976
-0.274386
0.404564
2.097884
2.165636
2.217615
1.172663
-1.179599
-0.505135
-0.217490
-1.255881
-0.819870
-0.186262
-0.154321
0.083791
0.276849
0.043623
-0.186474
-0.066140
-0.022148
-0.473625
-0.375547
-0.439550
-0.429157
-0.094556
0.115937
0.154543
0.128424
-2.242131
-2.085965
-2.151591
-2.102839
-0.499963
0.411501
0.354836
0.346191
-0.768682
-0.868768
-0.872614
-0.819173
-0.300739
0.000345
0.379713
0.480414
1.698973
1.629126
1.623849
1.664581
-0.043752
-0.403336
0.045502
0.407101
0.536871
0.683616
1.207583
1.071350
0.096763
-0.188668
0.614872
0.349912
0.686679
-0.043265
0.352973
0.749574
-1.763541
-1.310864
0.984435
0.854070
0.522260
-1.237031
-2.070344
-0.177190
1.298020
1.604116
0.426626
0.473025
0.640402
1.657913
1.458912
-0.157244
-0.173702
0.226999
1.145152
1.725547
1.291100
0.705387
0.713076
0.721230
-0.277857
-0.460818
-0.528784
-0.839322
-0.507330
0.956744
-0.616789
-1.099662
0.292133
1.680554
0.668939
0.230673
0.270677
1.312225
-2.003358
-2.302076
-1.519973
0.496677
1.039663
0.559726
0.795131
0.804758
1.214241
0.661165
0.702743
0.310398
0.342350
-0.562416
-0.905427
-1.441494
0.041868
0.342205
-0.278573
-1.588299
-0.591730
-0.031317
-0.391301
-0.926504
0.727692
0.964628
0.703511
-0.735212
-0.173460
-0.242160
-0.450005
-1.118788
-0.663413
-0.344810
-0.747171
-1.426249
-2.093228
-1.954369
0.100606
-1.000000
-0.271412
-0.809022
-0.469894
0.000000
-0.030332
0.021366
0.203136
0.168497
0.063103
0.095941
0.218239
0.000000
-0.785675
-0.865366
-0.517257
-0.549919
0.332412
0.340912
0.809712
0.183711
-2.388261
-2.297693
-1.900789
-2.386830
0.370713
0.737448
0.572267
0.361029
0.031548
0.087709
-0.882648
-0.332562
0.610235
0.546525
0.225951
0.507375
1.188968
1.186107
1.519154
-0.138031
-0.019363
-0.025555
0.030829
0.334734
0.840265
0.989063
0.874408
0.178232
0.255256
0.314362
0.259663
-0.510155
-0.341761
-0.132334
0.818093
0.652246
0.751351
1.047898
1.018805
-2.279764
-2.249262
-1.962538
-0.257268
-0.019520
0.330578
0.435588
0.014955
-0.336440
-0.324454
-0.425851
0.099711
0.139270
0.097186
0.221831
0.256104
0.023027
-0.258771
-0.203785
-0.169177
0.053721
0.024128
0.337909
-0.612633
-1.681316
-1.777907
-1.824797
-0.777975
0.757567
0.469804
-0.138268
-1.177084
-0.735803
1.687145
0.534716
0.579635
0.209009
0.217003
0.591696
1.007165
0.983845
0.308952
0.062738
0.073964
-0.526720
-1.098968
0.586128
0.768637
-0.251102
-0.198078
-0.373861
0.129881
0.782414
-0.563994
-2.085613
-2.019581
-1.136211
-0.810134
-1.018412
0.380357
-0.118671
0.804914
-0.762086
-0.977682
-0.009682
0.473256
1.305827
0.441287
-0.880262
-1.408033
-1.244666
-1.382099
-0.836494
-1.159903
0.488237
0.268899
1.579746
0.707987
0.711839
1.306633
1.431634
1.484155
0.701693
0.430130
0.399138
0.815020
1.284351
0.913584
-0.681915
-0.965449
-0.824366
0.359673
0.875967
0.795650
0.175129
-0.112668
1.833917
-0.413155
-0.753661
0.645946
0.597166
0.989259
-0.333964
-1.045638
-0.013409
0.144120
0.476772
-0.386864
-0.491098
-0.245144
0.301171
0.723822
0.338062
-0.704811
-1.436837
-1.698518
-1.980831
-1.598195
-1.220023
-0.022414
0.531752
1.742703
-0.031754
-0.487499
-0.801388
-0.546359
0.195682
-1.293852
0.066094
0.490191
1.511230
1.606605
1.323015
1.341407
1.008849
-0.365562
-1.555574
0.593123
0.898303
0.968575
0.972724
1.141362
-0.621821
-0.419670
0.334640
0.142232
0.683032
0.687515
0.166759
-0.115289
1.802867
2.230863
0.904620
0.331708
0.776187
0.612869
-2.030730
-2.411377
-1.000880
0.797411
0.974331
0.546113
0.365151
0.203942
1.527233
1.322118
1.402917
0.897696
0.792349
0.267278
0.857873
0.741125
0.404325
0.290737
0.184893
0.137661
-0.372155
0.046989
-0.162152
-0.258702
0.821079
-0.383716
-0.506977
-0.447002
0.471299
0.466157
0.421492
0.808911
-0.174997
-1.983777
-1.912622
-1.766945
-1.302917
0.116485
0.474461
0.725344
-0.763717
-0.959523
-0.934747
-0.887011
0.171597
0.292891
0.267573
-0.014358
-0.027325
0.464256
1.658306
1.387916
-0.714588
-0.702609
0.026775
0.117223
0.293597
0.538849
1.126545
0.108654
-2.079802
-1.306238
0.129152
-0.613296
-0.181099
0.374457
0.206280
0.229514
1.359004
0.292629
-0.602264
-1.635476
-0.938061
0.540774
0.361028
-0.357386
0.060047
-1.655837
-2.266033
0.655014
0.942312
-0.148855
-0.159129
-2.096304
-0.853711
2.120075
1.802987
0.781964
1.003695
-0.064981
-0.539701
0.734018
1.363790
0.338318
0.341680
1.140437
0.747974
0.503685
0.517493
1.250957
0.557051
1.001200
0.982904
0.399099
-0.110112
1.049365
1.136243
1.140262
0.531836
0.121723
-0.279395
0.739409
0.156078
0.191865
0.704128
1.065002
-0.790125
-0.663383
0.935116
0.342468
0.086026
0.169410
-0.382971
2.363869
-2.431813
-2.440960
-0.000000
-0.269742
0.222871
0.163571
-1.007663
-0.024171
0.943435
1.474891
-0.375702
0.277567
0.398181
0.391333
0.000000
-0.569712
-0.358256
-0.023239
-0.549919
0.550061
0.575105
0.671812
0.183711
-2.104616
-1.564462
-1.012631
-2.386830
0.188658
0.690504
0.825166
-0.243083
-0.743661
-0.736357
-0.906533
0.162469
0.233246
0.170344
0.150809
-0.009467
0.334443
1.327595
1.373507
-0.696568
-0.665013
0.217616
0.022791
0.392851
0.692304
1.459120
0.911727
-2.494993
-1.343138
0.197119
0.153146
0.339125
0.423256
0.158617
0.163344
0.453452
0.214400
-0.616441
-0.018286
0.130297
0.046549
-0.276822
-0.667238
-0.590488
-1.364816
-1.819061
0.087947
0.227070
-0.990849
-1.090732
-2.431477
-2.194096
1.874916
1.530113
0.398886
0.404697
1.752867
1.454763
1.674216
1.657680
0.287245
0.285722
0.110935
0.083690
-0.001845
0.058666
0.078002
0.040164
-0.584955
-0.590585
-0.641127
-0.706861
0.276060
0.417721
0.046075
0.033581
-2.371879
-2.388729
1.578085
1.529405
0.376642
0.267289
1.720224
1.688151
1.661369
1.639872
0.790514
0.876165
0.173736
0.151095
0.353107
0.204730
0.425988
0.405142
0.490983
0.894111
-0.775794
-0.897030
1.132038
1.247665
1.114764
1.049510
0.927198
0.688646
1.300505
1.474332
-0.245462
0.596112
1.276531
1.620943
-0.256611
-0.351187
-0.742414
0.179375
0.232077
0.316964
0.184438
-0.927147
-0.992082
-0.819658
0.834597
1.010822
2.528713
1.422556
1.852718
0.279478
0.095956
-1.673252
-0.224032
0.488663
-0.129026
-1.078248
-1.892988
0.031740
0.180125
0.224813
0.164308
0.077758
0.003609
-0.006060
-0.004729
-0.403228
-0.401895
-0.472214
-0.473546
0.017091
0.118889
0.188432
0.190600
-2.224363
-2.137655
-2.168888
-2.166785
-0.348918
0.505514
0.398037
0.350304
-0.715599
-0.843515
-0.824223
-0.773258
-0.374298
-0.048704
0.418787
0.516079
1.613283
1.505996
1.647519
1.685818
-0.188066
-0.553197
0.058257
0.405543
0.720922
0.856035
1.164840
1.035396
0.084451
-0.208540
0.647861
0.394131
0.718256
-0.039660
0.279264
0.713441
-1.695829
-1.204313
0.929547
0.878523
0.590055
-1.339286
-2.245726
-0.189455
1.110337
1.365025
0.374191
0.680287
0.876424
1.754647
1.473627
-0.367084
-0.426698
0.041683
1.129838
1.993463
1.264615
0.566053
0.464403
0.351055
-0.486197
-0.469645
-0.325479
-0.742798
-0.493074
0.976145
-0.475367
-1.123225
0.350819
1.927295
0.378763
-0.060965
0.362352
1.180619
-1.895131
-2.031686
-1.371048
0.439656
0.789010
0.260619
0.661043
0.877837
1.338729
0.727460
0.795087
0.386698
0.368843
-0.482450
-0.780959
-1.368056
0.089342
0.371037
-0.279360
-1.587358
-0.609188
-0.032223
-0.391301
-0.926504
0.772497
1.002070
0.703511
-0.735212
-0.109712
-0.178642
-0.450005
-1.118788
-0.663413
-0.344810
-0.747171
-1.426249
-2.093228
-1.954369
0.100606
-1.000000
-0.271412
-0.613785
-0.219393
0.000000
0.016929
0.102778
0.233917
0.168497
0.226834
0.109790
-0.105817
0.000000
-0.877013
-0.806658
-0.303109
-0.549919
0.631300
0.602501
0.710606
0.183711
-2.549245
-2.503149
-1.931744
-2.386830
0.050542
0.452887
0.587163
0.361029
-0.174498
-0.147660
-0.868848
-0.332562
0.688226
0.625657
0.177025
0.507375
1.407963
1.337852
1.374799
-0.138031
0.127089
0.189149
0.169286
0.091218
0.657621
1.006319
0.786901
0.166439
0.321184
0.502298
0.344449
-0.352151
-0.186097
-0.089204
0.812911
0.535638
0.609286
0.964440
1.019037
-1.947765
-1.908711
-1.926583
-0.257268
0.183734
0.492489
0.489196
0.014955
-0.369189
-0.372182
-0.279662
0.330424
0.216367
0.237054
0.287977
0.281034
0.255378
-0.006862
-0.221133
-0.290408
0.264339
0.401039
0.655151
-0.485992
-1.617075
-1.558501
-1.816304
-0.903590
0.934488
0.756296
-0.133853
-1.116654
-0.593445
1.752256
0.486056
0.555882
0.085387
0.124056
0.585081
0.954085
0.981408
0.274789
0.022632
0.082615
-0.407819
-0.986253
0.632994
0.804566
-0.368609
-0.276834
-0.471755
-0.028774
0.745330
-0.617099
-1.980081
-1.862164
-1.165958
-0.849395
-1.097522
0.300928
-0.092370
0.924757
-0.580239
-0.872155
-0.013786
0.426958
1.289523
0.521023
-0.873722
-1.452444
-1.258485
-1.386216
-0.774867
-0.926268
0.741516
0.418836
1.575567
0.654578
0.705595
1.303102
1.192238
1.337197
0.706203
0.397947
0.405980
0.840378
1.227173
0.845199
-0.899059
-1.183461
-0.880997
0.367609
0.776241
0.706299
0.067828
-0.199629
1.964236
-0.302039
-0.744487
0.622124
0.633948
0.845399
-0.585298
-1.158013
-0.113897
0.151108
0.527515
-0.397330
-0.517111
-0.242276
0.379576
0.780598
0.349617
-0.759792
-1.423552
-1.649772
-1.962702
-1.580583
-1.228217
-0.090820
0.419529
1.653665
-0.071245
-0.470528
-0.691719
-0.454451
0.345049
-1.240496
0.050686
0.445736
1.637037
1.822666
1.496620
1.393786
1.186521
-0.293553
-1.559057
0.566816
1.076474
1.207133
0.929003
1.045165
-0.255353
-0.064458
0.245463
0.144400
0.679911
0.718275
0.218409
-0.082612
1.603129
1.928144
0.971820
0.520973
0.808936
0.593629
-2.232989
-2.629400
-1.480869
1.024753
1.063351
0.511897
0.487954
0.432011
1.592428
1.356822
1.348068
0.727586
0.698404
0.170317
0.800213
0.674453
0.367031
0.148090
0.134792
0.291497
-0.175265
0.132273
-0.041696
-0.029338
0.945728
-0.115595
-0.222045
-0.334738
0.519505
0.721690
0.669791
0.854134
-0.319904
-2.259066
-2.241942
-1.995688
-1.534343
0.219039
0.591714
0.484887
-0.786410
-0.744124
-0.738726
-0.967192
0.151348
0.246210
0.370242
0.158313
-0.012576
0.334677
1.592806
1.604333
-0.722839
-0.688934
0.212752
-0.031101
0.181174
0.446949
1.460747
0.454971
-2.472417
-2.368262
0.202111
0.024129
0.344309
0.432052
-0.000019
0.104314
1.462892
1.515600
0.333974
0.417258
-0.111604
-0.106923
0.417140
1.063656
0.437344
0.588692
-0.049869
0.456842
-0.941881
-1.073682
1.095048
1.305015
0.470723
0.850083
-0.278621
-0.446766
1.475776
1.640661
-0.571279
-0.139524
0.387625
0.371106
-0.173384
0.368268
2.119164
2.157174
1.956012
1.177257
-1.288639
-0.600332
-0.062562
-0.807210
-0.470047
-0.101908
-0.302633
0.042733
0.260508
-0.011396
-0.259363
-0.075392
-0.026639
-0.563369
-0.456756
-0.475077
-0.459012
-0.061938
0.179812
0.157700
0.119998
-2.342717
-2.185601
-2.095704
-2.041456
-0.686046
0.259384
0.351178
0.344605
-0.652324
-0.766218
-0.898938
-0.845476
-0.246802
0.074456
0.385528
0.484637
1.580475
1.505986
1.642934
1.682992
-0.091146
-0.462452
-0.000183
0.357676
0.599836
0.738168
1.155781
1.024025
0.107167
-0.183698
0.606182
0.359840
0.663087
-0.128828
0.305641
0.740937
-1.785806
-1.277332
0.959121
0.900698
0.518419
-1.333418
-2.098054
-0.610878
0.940557
1.375827
0.465179
0.325031
0.604729
1.540490
1.334825
0.002870
-0.074281
0.141399
0.893014
1.961929
1.250629
0.567060
0.598992
0.537210
-0.708264
-0.708251
-0.236571
-0.553803
-0.495302
0.846519
-0.571330
-1.135012
0.480926
1.919690
0.456933
-0.029154
0.255162
1.148339
-2.121858
-2.302182
-1.436524
0.292451
0.951671
0.568461
0.842449
0.800862
1.301675
0.724821
0.861792
0.591298
0.481549
-0.422111
-0.860189
-1.436961
0.122034
0.428120
-0.277604
-1.587304
-0.623785
-0.032972
-0.391301
-0.926504
0.747740
0.954054
0.703511
-0.735212
0.100666
0.035789
-0.450005
-1.118788
-0.663413
-0.344810
-0.747171
-1.426249
-2.093228
-1.954369
0.100606
-1.000000
-0.271412
-0.579897
-0.193926
0.000000
0.091392
0.180047
0.242128
0.168497
0.062603
0.000935
0.032878
0.000000
-0.819030
-0.813693
-0.367652
-0.549919
0.501559
0.474786
0.715554
0.183711
-2.407389
-2.391227
-2.014337
-2.386830
0.124785
0.448231
0.463011
0.361029
-0.139760
-0.114832
-0.911205
-0.332562
0.388748
0.344381
0.264270
0.507375
1.152795
1.151015
1.550750
-0.138031
0.182359
0.191741
0.060595
0.283116
0.596954
0.647648
0.833775
0.238581
0.267825
0.247640
0.210860
-0.427851
-0.137942
0.143642
0.952791
0.458420
0.591621
1.089086
1.018260
-2.138224
-2.095268
-1.911872
-0.257268
0.142480
0.497786
0.555494
0.014955
-0.547657
-0.533397
-0.289785
0.284592
-0.086036
-0.168162
-0.016402
0.177521
0.176765
-0.079430
-0.070411
-0.145885
0.245230
0.325425
0.652842
-0.595317
-1.522295
-1.320613
-1.747662
-0.857996
0.621084
0.484763
-0.167311
-1.209186
-0.658979
1.885361
0.444060
0.532096
0.240866
0.190454
0.557634
0.970358
0.939441
0.201895
0.020170
0.095401
-0.410530
-0.993422
0.544457
0.746380
-0.291795
-0.214560
-0.344820
0.077664
0.740178
-0.637642
-2.055293
-1.890566
-1.132201
-0.849218
-1.072258
0.337629
-0.094631
0.875421
-0.632863
-0.914213
0.046055
0.412893
1.226201
0.534310
-0.839918
-1.420276
-1.189842
-1.275598
-0.813074
-0.927286
0.751799
0.348531
1.508519
0.701925
0.814503
1.338237
1.281132
1.354332
0.657338
0.366013
0.401363
0.778439
1.268628
1.014626
-0.689717
-1.045205
-0.874299
0.488658
0.909756
0.829933
0.282198
-0.030018
1.848683
-0.366499
-0.754426
0.567688
0.528717
0.834133
-0.324210
-0.868099
-0.023379
0.117482
0.433701
-0.339122
-0.444487
-0.191125
0.240207
0.611907
0.310385
-0.850519
-1.548095
-1.715848
-1.943323
-1.551140
-1.199971
0.008280
0.554702
1.796067
0.038760
-0.376561
-0.669589
-0.444834
0.264583
-1.266225
0.029478
0.429168
1.509199
1.562188
1.302454
1.380145
1.123728
-0.321430
-1.528628
0.631470
0.903737
1.142992
1.179964
1.177753
-0.434247
-0.196212
0.399263
0.231439
0.767833
0.805769
0.141025
-0.163386
1.708446
1.983045
0.795480
0.381243
0.739215
0.492040
-2.271343
-2.643367
-1.288753
0.809875
1.070251
0.657868
0.302382
0.178898
1.643446
1.434826
1.371668
0.787589
0.846776
0.289809
0.913661
0.810738
0.431363
0.411358
0.355156
0.193001
-0.394234
0.005475
-0.183886
-0.142748
0.954045
-0.167635
-0.367540
-0.524723
0.492304
0.314800
0.187626
0.695992
-0.430462
-2.137424
-2.036430
-1.792509
-1.037417
0.057711
0.454525
0.694566
-0.817627
-0.653528
-0.671494
-1.000832
0.147622
0.234021
0.213118
0.034955
0.008101
0.387182
1.583602
1.567276
-0.739876
-0.727006
-0.002770
-0.164044
0.232136
0.474478
1.161909
0.439858
-2.488191
-2.386319
0.159020
0.065053
0.422665
0.524202
0.167650
0.351614
1.561008
1.592559
0.137265
0.264528
-0.154535
-0.135474
0.581743
1.430795
0.524607
0.694609
0.361119
1.005103
-0.969171
-1.104490
1.204397
1.523451
0.379725
0.750199
-0.305695
-0.533992
1.483836
1.621303
-0.547979
-0.047352
0.260615
0.196784
-0.200914
0.407721
1.925217
1.959428
1.855682
0.905347
-1.308419
-0.639138
-0.239602
-1.184917
-0.593472
-0.117248
-0.160562
0.057518
0.237392
-0.014160
-0.186571
-0.056565
0.003453
-0.476967
-0.483629
-0.451090
-0.420646
0.079740
0.267685
0.143572
0.112142
-2.239655
-2.095699
-2.121559
-2.075257
-0.652287
0.289037
0.353407
0.346307
-0.805418
-0.918717
-0.870419
-0.817426
-0.251471
0.058858
0.379791
0.480116
1.693339
1.612043
1.683752
1.723361
-0.078414
-0.445086
0.033609
0.396417
0.630235
0.754417
1.186952
1.063777
0.065018
-0.215534
0.594181
0.378218
0.749726
-0.118444
0.245468
0.737920
-1.665716
-1.126341
0.905013
0.876433
0.625902
-1.461033
-2.313967
-0.388034
1.272761
1.641434
0.434104
0.509014
0.532301
1.523669
1.501501
-0.156893
-0.280236
0.148519
1.069523
2.023410
1.420598
0.672918
0.494798
0.432460
-0.491834
-0.496753
-0.351432
-0.695158
-0.487465
0.897214
-0.595774
-1.162139
0.390025
1.999609
0.659964
0.102058
0.249855
1.162135
-1.974354
-2.159149
-1.372934
0.376021
0.882358
0.438337
0.687417
0.737943
1.274489
0.628545
0.638867
0.381860
0.619654
-0.223706
-0.789609
-1.407724
0.093503
0.386482
-0.284733
-1.587459
-0.541300
0.035350
-0.391301
-0.926504
0.750117
0.973846
0.703511
-0.735212
-0.173460
-0.242160
-0.450005
-1.118788
-0.663413
-0.344810
-0.747171
-1.426249
-2.093228
-1.954369
0.100606
-1.000000
-0.271412
-0.839290
-0.499783
0.000000
0.268613
0.349181
0.193175
0.168497
0.036326
-0.031079
0.002268
0.000000
-0.554786
-0.620455
-0.571586
-0.549919
0.401923
0.352183
0.694497
0.183711
-2.460529
-2.454692
-2.063715
-2.386830
0.290120
0.595353
0.453781
0.361029
-0.190929
-0.149862
-0.920296
-0.332562
0.483483
0.376597
0.201186
0.507375
1.135474
1.137818
1.557413
-0.138031
0.107569
0.111247
0.104025
0.105456
0.562401
0.900117
0.858533
0.144474
0.256911
0.346623
0.171407
-0.709224
-0.467157
0.006979
0.847035
0.609354
0.666056
0.960294
1.018610
-2.317967
-2.322680
-2.016228
-0.257268
0.231436
0.573292
0.517189
0.014955
-0.143515
-0.137658
-0.309985
0.257008
0.356844
0.340930
0.241700
0.215096
0.261153
0.084085
0.006278
-0.176606
0.013982
0.114338
0.501054
-0.637643
-1.672192
-1.628358
-1.785852
-0.783301
0.678229
0.388753
-0.183366
-1.229347
-0.797757
1.729395
0.508501
0.589936
0.099355
0.104214
0.550316
0.942738
0.965041
0.275275
0.045582
0.171110
-0.362395
-1.022355
0.563868
0.713415
-0.333633
-0.244359
-0.315777
0.174032
0.863769
-0.519888
-2.080221
-1.962994
-1.046367
-0.782516
-1.053656
0.385429
-0.086945
0.881501
-0.691885
-0.953141
-0.040569
0.454245
1.246347
0.357644
-0.910153
-1.297751
-1.042732
-1.263689
-0.814717
-1.072682
0.572958
0.296756
1.569250
0.755424
0.857973
1.367746
1.376865
1.426528
0.640444
0.350586
0.426539
0.780043
1.143944
0.861092
-0.726644
-1.070774
-0.933313
0.342694
0.790097
0.794046
0.241753
-0.083228
1.892790
-0.417238
-0.807377
0.546722
0.493419
0.890747
-0.397752
-0.937277
0.000482
0.197636
0.513550
-0.381578
-0.406633
-0.200732
0.384003
0.765581
0.305603
-0.691969
-1.361551
-1.683184
-1.992340
-1.651251
-1.305284
-0.001145
0.625563
1.733785
-0.068305
-0.527052
-0.797028
-0.519865
0.175308
-1.292827
0.198674
0.516363
1.529247
1.619286
1.321642
1.347266
1.065098
-0.372401
-1.594042
0.588638
0.862001
1.035369
1.037769
1.068930
-0.675736
-0.461578
0.223278
0.064134
0.664962
0.717740
0.211210
-0.116135
1.782235
2.071663
0.810733
0.367460
0.775202
0.693928
-2.339613
-2.718870
-1.214106
0.775028
1.116454
0.625893
0.438280
0.410678
1.668871
1.444579
1.558947
1.065543
1.047562
0.476652
0.859587
0.736137
0.415052
0.391806
0.368440
0.258818
-0.388482
-0.006035
-0.159391
-0.123609
0.963190
-0.208877
-0.372651
-0.473348
0.616928
0.495013
0.450541
0.908981
-0.407603
-1.853838
-1.771317
-1.765277
-1.479950
0.145961
0.506016
0.641342
-0.817627
-1.287766
-1.303075
-1.037848
0.170533
0.288836
0.282254
-0.032438
-0.011523
0.374547
1.320057
1.364019
-0.729324
-0.703115
0.224583
0.217280
0.240331
0.543172
1.240555
0.529085
-2.473777
-2.298143
0.276631
-0.070938
0.401171
0.526831
-0.035833
0.043356
1.582452
1.626001
0.502510
0.650754
-0.135718
-0.136582
0.786661
1.668210
0.302069
0.440287
-0.040667
0.733454
-0.982202
-1.107675
0.958422
1.142499
0.384986
0.751024
-0.392394
-0.579753
1.685997
1.833653
0.084969
0.650762
0.218096
0.164613
-0.335014
0.336426
1.998856
2.039507
2.089846
0.997239
-1.176002
-0.496534
-0.435560
-1.450272
-0.422588
-0.062529
-0.159699
0.033832
0.217213
0.057536
-0.096104
-0.013314
0.030160
-0.449719
-0.416571
-0.462442
-0.450456
-0.080305
0.154966
0.138632
0.120365
-2.184173
-2.056914
-2.153548
-2.110433
-0.638855
0.285452
0.355163
0.348973
-0.768975
-0.874340
-0.820223
-0.768211
-0.362100
-0.051555
0.392136
0.492831
1.654314
1.567933
1.662874
1.702883
-0.141322
-0.521753
-0.018966
0.340951
0.634457
0.758345
1.192316
1.065551
0.183315
-0.105101
0.567999
0.329892
0.746314
-0.086108
0.263054
0.759760
-1.633611
-1.137176
0.857823
0.664346
0.457561
-1.363909
-2.152519
-0.179381
1.457622
1.731677
0.492928
0.592224
0.519079
1.433161
1.455136
-0.129066
-0.235493
0.159255
1.057143
2.190126
1.461956
0.596667
0.437893
0.372428
-0.416229
-0.463533
-0.384786
-0.639408
-0.401156
0.983332
-0.476366
-1.124707
0.196148
1.834762
0.683104
0.151759
0.201890
1.133528
-1.962841
-2.207523
-1.529722
0.417186
0.812935
0.497555
0.823475
0.573880
1.424581
0.872976
0.568875
0.260132
0.361723
-0.558656
-0.925146
-1.535715
-0.084074
0.180186
-0.280610
-1.589518
-0.720517
-0.186740
-0.391301
-0.926504
0.799645
1.027573
0.703511
-0.735212
-0.050712
-0.119239
-0.450005
-1.118788
-0.663413
-0.344810
-0.747171
-1.426249
-2.093228
-1.954369
0.100606
-1.000000
-0.271412
-0.549610
-0.173533
0.000000
0.218225
0.257970
0.103055
0.168497
0.103814
-0.005309
-0.087246
0.000000
-0.535572
-0.557080
-0.498968
-0.549919
0.268905
0.175009
0.626960
0.183711
-2.433612
-2.316779
-1.916744
-2.386830
0.089261
0.398316
0.494206
0.361029
0.032804
0.099996
-0.815510
-0.332562
0.514114
0.479386
0.261247
0.507375
1.259567
1.297823
1.648454
-0.138031
-0.016414
-0.024220
0.013219
0.176229
0.620543
0.887071
0.805770
0.189000
0.238084
0.285656
0.225929
-0.656110
-0.448971
-0.054182
0.913568
0.863522
0.970418
1.063983
1.018902
-2.248684
-2.260356
-2.044702
-0.257268
0.045109
0.336608
0.373666
0.014955
-0.051762
-0.048762
-0.144239
0.405297
0.096859
0.062755
0.162724
0.072590
-0.011328
-0.110658
0.028909
-0.044539
-0.114795
-0.246422
0.198897
-0.785183
-1.757187
-1.717150
-1.868509
-0.712295
0.884087
0.559198
-0.092352
-1.133361
-0.899495
1.544947
0.399049
0.449551
0.181387
0.215317
0.567733
1.012834
1.069532
0.282013
0.044167
0.173322
-0.432272
-1.049478
0.604743
0.733330
-0.286266
-0.202053
-0.356337
0.058255
0.745853
-0.589324
-1.984925
-1.841528
-1.081100
-0.767015
-1.071953
0.325248
-0.140352
0.878129
-0.597163
-0.914656
-0.085895
0.374782
1.150751
0.295005
-0.859689
-1.298655
-1.119026
-1.321021
-0.817944
-1.135619
0.456468
0.257479
1.540666
0.712619
0.781312
1.296364
1.380694
1.498157
0.824867
0.583386
0.530123
0.730539
1.163129
0.999289
-0.658522
-0.999782
-0.907995
0.338569
0.903536
0.875013
0.248024
-0.096057
1.874640
-0.357487
-0.720873
0.526167
0.436774
0.872978
-0.372711
-0.911405
0.074527
0.239721
0.546575
-0.355796
-0.408846
-0.205925
0.360612
0.724774
0.248462
-0.763688
-1.447444
-1.704327
-2.003265
-1.645069
-1.303271
-0.154490
0.427145
1.664760
-0.096402
-0.385217
-0.639916
-0.545909
0.271798
-1.263546
0.032089
0.467593
1.437701
1.665137
1.478823
1.328589
1.001422
-0.381846
-1.585215
0.561439
0.926737
1.088771
1.150915
1.263423
-0.616592
-0.323047
0.313884
0.018125
0.729389
0.865803
0.235272
-0.179254
1.775298
2.226985
1.145360
0.543099
0.815243
0.669212
-1.988227
-2.424720
-1.088634
0.827126
1.075920
0.571798
0.339833
0.234653
1.500605
1.276225
1.471099
0.959940
0.974097
0.450995
0.604337
0.439192
0.277980
0.179986
0.108222
0.046614
-0.475512
0.016959
0.019542
0.142827
0.748488
-0.117953
-0.175082
-0.357950
0.516636
0.539430
0.386369
0.616343
-0.272754
-1.925398
-1.919318
-1.980870
-1.462287
0.137935
0.477735
0.612433
-0.699398
-1.171797
-1.156309
-0.868602
0.183316
0.272725
0.203453
0.088903
-0.009233
0.503510
1.787402
1.566279
-0.715206
-0.658445
0.310440
0.235017
0.309304
0.480398
1.026154
0.092187
-2.076140
-1.230935
0.204967
-0.720831
-0.264281
0.307907
0.151027
0.288358
1.421136
0.247271
-0.651000
-1.649973
-0.950999
0.563489
0.393188
-0.353502
0.070087
-1.558578
-2.153054
0.707630
0.985968
-0.092268
-0.094321
-2.101802
-0.870193
2.172761
1.871486
0.789375
1.022946
-0.098371
-0.558636
0.684924
1.294544
0.230634
0.234910
1.127803
0.627331
0.513841
0.266205
0.768608
0.264507
0.387287
0.788445
0.251760
-0.145466
0.022724
-0.358313
-0.331483
-0.487775
-0.609640
0.166100
0.381949
-0.606353
-0.498031
-0.139533
-0.140716
-2.098217
-2.038230
-0.237408
-0.257378
0.289452
0.542081
-0.498971
-0.480600
1.880731
1.830565
-0.510319
-0.403218
-0.013972
-0.219388
-2.269556
-2.276281
0.541851
0.500336
0.416461
0.624530
0.840132
0.515182
1.367303
1.752116
1.111883
0.901094
0.738055
0.835706
0.792992
0.828685
0.671041
0.478651
0.260048
0.001516
0.218604
0.444748
-0.200126
0.694422
1.204258
0.563815
-0.004051
-0.377735
0.349589
0.399770
-1.102125
-2.100274
-2.162114
-1.516539
-1.078352
-1.086512
0.243585
-0.313815
0.669635
-0.716656
-1.013704
-0.132635
0.321158
1.268244
0.418384
-1.022635
-1.489382
-1.041038
-1.230476
-1.102379
-1.296110
0.652213
0.373758
1.487137
0.650842
0.798934
1.313387
1.455623
1.525034
0.695656
0.458763
0.464813
0.769162
1.234500
1.000260
-0.648242
-0.992304
-0.904620
0.404357
0.813357
0.796078
0.242549
-0.098995
1.838930
-0.384843
-0.798412
0.558202
0.517022
0.883859
-0.276970
-0.893826
-0.041545
0.136972
0.490508
-0.385723
-0.398056
-0.169209
0.312434
0.707466
0.331554
-0.713446
-1.368873
-1.659241
-2.061657
-1.714862
-1.349119
-0.107963
0.459424
1.700461
0.064484
-0.423703
-0.764205
-0.446196
0.135029
-1.545248
-0.015110
0.440046
1.455532
1.583377
1.420314
1.401380
1.346047
-0.232910
-1.634858
0.553761
0.894802
1.110272
1.121889
1.181924
-0.165571
0.200297
0.299827
0.012711
0.684386
0.754964
0.150764
-0.237886
1.590561
1.971972
1.009766
0.484136
0.761846
0.613945
-2.265971
-2.788811
-1.527879
0.978322
1.136662
0.556245
0.511859
0.505908
1.806500
1.563096
1.538459
0.952819
0.722400
0.198793
0.624943
0.395531
0.453743
0.240363
0.123816
0.141229
-0.253077
-0.287965
-0.536089
-0.086675
0.867869
-0.289313
-0.451887
-0.372292
0.716945
0.568225
0.324784
0.613056
-0.886200
-2.244090
-2.173551
-1.943356
-1.468609
0.073758
0.418701
0.422478
-0.075421
-0.218311
-0.213900
-0.951475
-0.332562
0.404878
0.286708
0.229893
-0.205800
1.146039
0.656978
0.534349
0.133499
-0.154120
-0.177558
0.102284
0.258347
0.422757
-0.228700
-0.366755
-0.203019
0.813057
0.723082
-0.424682
-0.556805
0.781915
-0.575775
-0.523887
-0.019609
2.407599
1.201334
-1.046602
-2.352900
0.168899
0.172515
0.223698
0.429387
-0.390175
-0.303747
0.730541
0.552817
-0.007010
-1.041179
-1.080478
-0.407237
-0.594671
-0.058278
0.666353
0.790677
-0.426896
0.277399
1.445982
-0.991437
-1.058595
0.045717
2.269523
1.182653
-1.658474
-2.218021
0.555803
0.527207
0.461975
0.258629
-1.396939
-0.285919
1.424338
2.012162
-0.087300
-2.001900
-1.024135
0.272832
-0.000726
-0.137750
0.191609
0.147520
-0.302763
0.831727
0.897248
0.267119
-0.571030
-0.131585
0.448038
0.349927
0.343347
0.534854
1.805191
1.904129
-0.019026
-0.036658
-0.305778
-0.088457
0.793422
0.972856
0.992529
0.837812
-0.125640
-0.567454
-0.352909
-0.172871
-0.104374
-0.521050
-0.958931
-1.101276
-2.008329
-1.355107
-0.047185
-0.406526
-0.131754
-1.307122
-1.890609
-2.498423
-0.689438
1.565605
0.607188
0.348399
0.583686
1.326426
1.450804
0.759355
0.654380
-0.143837
-0.031274
0.391880
-0.008873
-0.111447
0.478158
0.031406
0.386064
-0.303061
-0.954325
-0.607245
-1.969207
-1.021933
0.467165
1.604317
1.523209
-1.114467
-1.839876
-2.131707
-1.082106
0.452110
-0.440941
-0.283206
0.326780
1.922030
2.525758
1.083566
0.405817
-0.117594
0.416395
0.327118
0.347503
0.510884
-0.265066
0.561999
1.702053
1.315293
0.913567
0.705028
0.660756
0.981148
0.332789
-0.051617
0.891556
2.378658
2.067893
1.231054
1.000312
-0.581257
0.008521
0.051033
-0.530699
-0.282744
-1.593656
-0.182955
-0.096511
-0.262116
-0.573480
0.175344
-0.107596
-0.796033
-0.663016
-1.042526
-0.267947
-0.113407
-0.960594
-0.146915
-0.048591
-0.103785
0.158576
-2.384198
-1.408636
-1.170545
-0.127069
0.435024
0.432577
-0.312438
-0.942480
0.940156
-1.754704
-1.497759
0.425297
1.223712
0.867834
-0.863227
-2.114501
0.343684
1.245681
1.432023
0.064776
0.431175
-0.461916
0.514658
0.827402
0.392656
0.609195
0.816547
0.277424
0.149998
-0.780385
-0.834238
-0.789331
-0.780173
-0.374243
0.622049
0.273017
0.164341
0.365512
0.732627
1.280639
-2.371445
-1.872893
0.890383
1.602033
0.670466
-0.583688
-1.571893
0.278723
1.132500
1.335338
-0.055899
0.758895
-0.463509
0.608243
1.192344
0.318106
0.442595
0.774428
0.590234
0.105805
-0.815473
-0.811473
-0.917533
-0.772808
-0.325949
0.610658
0.276684
0.165728
0.278096
0.502304
1.200605
-2.408449
-1.739085
0.749503
1.636532
0.656521
-0.768816
-1.763543
0.172977
1.043975
1.254059
0.018647
0.601869
-0.551989
0.631944
1.325374
0.332149
0.459869
0.732899
0.574148
0.115114
-0.933939
-0.938401
-0.741033
-0.766346
-0.317569
0.646004
0.223019
0.126953
0.364280
0.697386
1.460827
-2.267770
-1.783411
0.884328
1.738762
0.671308
-0.662724
-1.625876
0.086710
1.047372
1.277568
-0.034476
0.609233
-0.508796
0.638322
1.315930
0.272426
0.406664
0.696807
0.530346
0.069443
-0.924589
-0.882242
-0.771977
-0.768695
-0.318660
0.620525
0.036430
0.062610
0.316400
0.586770
1.270036
-2.300554
-1.698779
0.802075
1.714878
0.703950
-0.784246
-1.716610
0.199451
1.117409
1.312738
0.017853
0.591788
-0.503769
0.741364
1.351718
0.358636
0.493372
0.752096
0.609061
0.111878
-0.871481
-0.899756
-0.792719
-0.778374
-0.338358
0.644513
0.311049
0.137247
0.343753
0.699077
1.304780
-2.296463
-1.787127
0.887104
1.668586
0.667665
-0.675162
-1.630135
0.222826
1.117224
1.328371
-0.022031
0.995621
-0.392622
0.631247
1.293307
0.284553
0.421246
0.726135
0.572712
0.071926
-0.861092
-0.829183
-0.754682
-0.773516
-0.331960
0.596737
-0.030174
0.005820
0.271355
0.508744
1.118398
-2.297481
-1.670863
0.761710
1.784243
0.722947
-0.776132
-1.763744
0.150700
1.078439
1.277410
0.035517
0.740797
-0.494618
0.665352
1.370733
0.293207
0.429645
0.727796
0.569540
0.066607
-0.922961
-0.931529
-0.757656
-0.746779
-0.300963
0.621347
0.113719
0.040754
0.362523
0.727791
1.233782
-2.377488
-1.765797
0.859740
1.774386
0.710023
-0.692447
-1.700854
0.470677
1.170127
1.273166
-0.000813
0.777981
-0.465790
0.644131
0.769890
0.151314
0.195013
0.646185
0.197247
-0.069673
-0.351746
-1.352296
0.122067
-0.286025
-0.554454
0.480510
-0.118557
0.035596
0.222705
-1.093285
-0.785866
-2.026046
-2.521248
-0.022279
-0.495969
-0.350787
-0.155485
-0.273634
-1.997195
-0.839572
1.488313
0.793757
-0.264666
-0.064405
0.771426
0.996243
2.114452
1.844941
0.788892
0.466399
-0.016198
0.023402
-0.907495
-0.907186
0.703039
0.803587
0.667651
0.324532
0.884546
1.489625
1.825288
0.063452
0.615474
-0.138533
-2.067046
0.541366
1.089913
0.597383
-0.181500
-1.987445
-1.929373
0.610269
1.380239
-0.026588
0.233809
-0.366933
-0.243162
2.168480
-0.625167
-0.701178
0.510433
0.751516
0.007174
0.388470
0.351904
0.406305
1.899375
0.595764
-0.158107
0.251795
-0.281602
0.467953
0.611544
0.287924
1.423398
-1.312977
-2.180492
0.355686
1.044180
0.998877
0.485354
-0.891666
0.268755
2.135839
1.641219
-0.208730
0.525233
0.706150
0.158899
0.067615
-1.125532
0.342861
0.299843
-1.130250
1.026848
0.218798
-0.167405
0.749994
-0.781808
0.547580
1.629856
0.327811
-0.836564
0.493033
0.615185
-1.073932
0.541249
0.093505
-0.530799
-0.088032
1.141191
-0.480208
0.612157
0.062598
-0.016522
-1.529881
0.239254
1.061879
-0.834375
-2.039372
-0.684355
-0.486714
-1.214849
-0.549938
-1.352390
-2.442353
-1.829960
-1.359157
-1.413427
-0.069803
-1.109625
-0.762308
-0.485661
-0.002569
-0.001235
0.237329
0.205562
0.202217
0.204963
0.184657
0.126149
0.117415
0.111358
-0.626225
-0.652275
-0.537677
-0.546513
-0.259839
-0.485573
-0.542441
-0.604596
-1.273150
-1.428298
-1.387435
-1.735872
-1.906763
-1.902761
-1.627787
-1.545971
1.281704
1.535438
1.522627
0.748961
-0.363052
1.105216
1.631030
1.724193
0.634158
0.659927
0.447959
0.951299
1.287342
0.728216
0.286291
0.384299
0.796575
0.818656
0.732467
0.904327
0.947369
0.343598
0.582119
1.181820
0.278040
-0.013657
0.063188
0.315499
-0.272811
-0.680127
-0.714138
0.430594
0.386404
0.171287
0.155134
-1.135574
-1.148217
-2.180977
-2.180990
0.205282
0.245508
0.342355
0.342462
0.947112
0.934152
1.155392
1.111846
-0.327585
-0.254204
0.840277
0.880363
1.573700
1.205852
-0.716869
-0.543119
-1.877165
-1.840821
0.097569
0.037060
0.037306
-0.853722
0.914924
1.571846
-0.413219
-0.310182
0.641276
0.878020
-0.041475
0.061879
0.109422
-0.025629
0.884274
0.986199
-0.076929
-0.270253
-0.294348
-1.130834
-0.717567
-0.292367
-0.344464
-0.185019
0.505139
0.940183
0.473592
0.737060
0.432628
1.237303
-1.919230
-0.648243
0.605599
1.140502
0.904190
-0.693687
-1.057946
0.162794
1.566797
0.240746
-0.627874
0.059998
0.215570
1.361159
0.843272
-0.574140
0.185792
-1.373306
-1.532140
0.578926
0.428077
0.802222
-0.579854
-1.372821
0.793162
1.777105
1.510439
-0.261738
0.328837
1.199068
1.625511
1.437461
0.262132
0.549349
0.827869
0.344741
0.132581
-0.090557
0.086561
0.427488
0.518423
0.731734
1.215832
-0.703081
-0.935830
-0.000254
1.346058
0.254136
-0.404977
-0.753877
-0.054053
-2.175542
-0.996505
0.466224
2.092490
0.783304
-0.903552
-1.272242
-0.022117
1.410382
0.256459
-0.654971
0.278208
0.258788
1.095270
0.623010
-0.771008
0.066236
-1.543398
-1.864297
0.401116
0.240729
0.824954
-0.480438
-2.436116
0.740124
1.164432
1.030535
-0.344153
0.289915
0.507525
0.943696
0.724831
-1.208248
-0.440718
-0.330456
0.123481
-1.166917
0.147018
-0.101088
-0.579575
-0.273183
-1.616726
-0.835700
0.374779
0.752487
0.817383
-0.226616
-0.593589
0.009312
1.367546
0.281899
-0.652000
0.191753
0.360256
0.888975
0.281450
-0.775867
0.133506
-1.642608
-1.969189
0.558888
0.446934
0.812625
-0.602046
-2.340716
0.648503
1.130727
1.023186
-0.248998
0.493862
0.393233
0.825048
0.736942
-0.743549
-0.443739
-0.365969
0.175565
-0.228211
0.248687
-0.117038
-0.567160
0.186847
-1.562495
-0.825054
0.362087
0.746965
0.815335
-0.290112
-0.666088
0.001848
1.396884
0.321531
-0.636846
0.161688
0.282837
0.928647
0.365301
-0.741990
0.213952
-1.612876
-1.983407
0.622055
0.335986
0.721785
-0.559849
-2.324959
0.531618
1.664594
1.531934
-0.364684
0.801540
1.152710
0.465046
0.139350
-0.826903
0.372002
-0.016886
-0.220858
-1.090169
-0.431114
-0.359906
-0.559055
-0.335536
0.736209
0.730343
0.299542
-0.175030
0.434847
-1.075202
-0.981530
-0.017844
-0.744771
-0.122488
-0.189156
-0.217828
-0.740834
1.790563
-0.103570
-1.345273
-1.299711
0.872780
-0.805864
-1.162141
-1.112691
0.009737
-0.228292
-0.503530
1.243123
0.164099
1.036613
1.330577
2.000261
-0.833169
0.524648
1.468110
0.606473
0.502112
0.625547
0.139970
0.256462
-1.466337
-0.788514
0.450496
0.142672
0.106569
0.288068
0.497040
0.194245
0.631788
1.101999
0.699809
0.143661
-0.445839
-0.421937
0.242526
0.151335
0.944164
0.905720
-0.813181
-0.911300
-1.968332
-1.965001
0.557208
0.501625
0.110902
0.076132
-0.949725
-0.992909
1.730132
1.684119
-0.059048
0.094070
0.851896
0.924231
0.378376
0.257128
0.125484
0.346170
0.296083
0.244015
-0.893352
-0.287240
-1.335571
-1.973827
1.003904
0.600452
-0.159832
-0.138844
1.160586
-0.859630
0.793021
2.217996
0.107621
0.159322
0.830053
0.629791
-0.184058
-1.643859
-1.064347
0.510672
-0.494047
0.058103
0.064171
0.209516
-0.225833
0.579126
0.906208
0.490767
0.068750
-0.450169
-0.406394
0.233752
0.123265
0.918683
0.887094
-0.883282
-0.951635
-2.063211
-2.053947
0.533279
0.468091
0.323011
0.253233
-0.981873
-1.028296
1.432064
1.380460
0.006636
0.229664
0.746505
0.881486
0.372299
0.231695
-0.104647
0.118690
0.260547
0.179829
-0.665312
-0.370538
-1.565056
-2.127575
0.917826
0.603571
0.203501
0.288215
1.245754
-0.992009
0.571914
1.975106
0.169482
-0.158088
0.373457
0.331609
-0.478185
-1.745344
-1.134460
0.603076
-0.740608
0.210569
0.091452
-0.350214
-0.587891
0.486249
0.846349
0.471073
-0.081458
-0.477926
-0.395713
0.317327
0.087244
1.051990
1.000311
-1.188821
-1.288878
-2.002608
-2.007373
0.478601
0.401782
0.419804
0.360243
-2.107093
-2.109226
1.178985
1.179489
-0.022249
0.423594
0.673674
0.759365
2.201251
1.874708
0.290791
0.319263
0.409820
-0.052777
-0.683312
-0.580373
0.300507
-0.099459
0.370786
0.443065
0.767251
0.250615
0.689255
0.511731
0.124060
0.263176
0.186107
0.213262
-0.104801
-0.028934
-0.007972
0.056147
-0.764275
-0.619190
-0.666988
-0.665521
0.318630
0.289625
0.271965
0.359054
-2.049388
-2.304709
-2.427229
-2.432663
0.541997
0.609478
0.037625
-0.019925
1.074367
1.569933
1.674483
1.659382
0.325466
0.222925
-0.582305
-0.633248
-0.920221
-0.145212
0.338291
0.354664
0.407316
0.286678
0.723634
0.591364
1.533011
0.985438
1.154900
1.154026
0.595752
0.415006
1.082185
1.120318
0.136352
-1.050001
0.002079
0.372007
1.032923
1.490261
1.129985
0.652175
0.549198
-0.009618
0.043840
-0.068926
-0.180524
0.036724
0.028000
-0.952641
-0.172862
-0.190407
-0.491469
-0.017376
0.003988
0.116566
-0.002707
-1.349742
-0.944087
-1.715261
-2.522049
-1.738735
-0.522018
0.330951
-0.282175
-0.154795
-1.978372
-1.422166
1.500970
1.250581
0.878405
0.587766
0.831226
1.195839
1.740224
1.535951
0.510142
0.736474
0.399029
0.202298
0.059328
0.220663
0.489352
1.018412
1.371718
0.982687
0.748016
0.735545
0.372236
0.197760
1.088417
0.811577
-0.092783
-0.614959
-0.461189
-0.702053
-2.487163
-1.303543
0.059100
0.315501
0.700938
-1.045652
-1.366875
-1.473552
-0.535982
1.292286
0.610480
-0.095461
0.161103
1.073922
1.401407
-0.347583
-0.048461
0.270364
0.506163
0.562477
0.214217
-0.245296
0.086407
0.486667
0.822627
-0.401987
-1.073382
-0.139267
-1.490970
-0.817968
0.519981
0.923441
0.781196
-1.475284
-1.899648
-3.095183
-1.734526
0.440033
0.344582
0.700621
0.660771
1.500345
1.234729
0.905161
0.629757
-0.078296
-0.209473
-0.476809
0.070453
0.735937
0.016174
-0.217919
1.115880
1.226433
1.515904
1.580720
0.895320
0.877316
-0.022154
0.337948
1.345384
2.366142
1.320242
0.661852
1.249842
-0.599625
0.205618
0.294567
-0.664989
-0.029017
-0.837218
0.317847
0.073243
-0.269565
-0.769830
0.025462
-0.224871
-1.025602
-0.816173
-1.090749
-0.269497
-0.100250
-0.422978
0.170288
-0.046526
-0.091636
0.166112
-2.374928
-1.438008
-1.154993
-0.113970
0.359303
0.402366
-0.334845
-0.948002
1.089405
-1.680933
-1.501573
0.441603
1.105390
0.812004
-0.841763
-2.115899
0.404883
1.216008
1.370143
0.050025
0.407683
-0.474592
0.463680
0.830741
0.406821
0.632540
0.816482
0.275495
0.157838
-0.828201
-0.893198
-0.767448
-0.786142
-0.369664
0.621961
0.059334
0.075551
0.388181
0.758755
1.205212
-2.402422
-1.844754
0.911926
1.645239
0.662345
-0.556224
-1.545084
0.543292
1.155177
1.278199
-0.064618
0.695204
-0.485911
0.578275
1.220283
0.326139
0.461022
0.772815
0.594292
0.106406
-0.867151
-0.866809
-0.889123
-0.745259
-0.288499
0.612947
0.049415
0.081436
0.299932
0.530578
1.124047
-2.444630
-1.708820
0.768068
1.577859
0.643835
-0.714373
-1.743410
0.569066
1.105290
1.209120
0.010696
0.618189
-0.546926
0.597383
1.348921
0.340552
0.478011
0.728885
0.577973
0.109605
-0.989253
-0.990519
-0.719915
-0.777982
-0.318410
0.644841
0.019475
0.090360
0.434726
0.720801
1.201000
-2.334407
-1.698755
0.900637
1.899897
0.673790
-0.642366
-1.605650
0.364626
1.061680
1.196611
-0.043403
0.811779
-0.463475
0.599566
1.338154
0.321702
0.462444
0.800529
0.751535
0.059003
-0.984200
-0.934048
-0.742167
-0.763492
-0.303294
0.578685
0.189036
0.135793
0.335788
0.594354
0.985107
-2.449509
-1.673813
0.821179
1.838654
0.701120
-0.757836
-1.716147
0.467976
1.133030
1.224192
0.007386
0.683414
-0.516408
0.684084
1.400360
0.309941
0.432476
0.707118
0.552075
0.072625
-0.949459
-0.923637
-0.689936
-0.786618
-0.334466
0.654211
0.292686
0.129604
0.396132
0.706939
1.174477
-2.329624
-1.738564
0.885282
1.368292
0.586147
-0.653850
-1.611139
0.498814
1.130242
1.240658
-0.051609
1.016616
-0.410520
0.594642
1.322630
0.314905
0.445377
0.745199
0.647357
0.052299
-0.925455
-0.906969
-0.764460
-0.762294
-0.311928
0.601209
0.170768
0.058690
0.311289
0.563865
1.214458
-2.298413
-1.628881
0.796561
1.828685
0.702984
-0.750071
-1.740951
0.487555
1.122636
1.209706
-0.007396
0.648675
-0.511181
0.624507
1.411727
0.276666
0.398468
0.689969
0.520817
0.071044
-0.956660
-0.989375
-0.741362
-0.782470
-0.318844
0.614850
0.263760
0.077520
0.390503
0.716927
1.226885
-2.316091
-1.703312
0.892023
1.887980
0.691213
-0.684513
-1.630011
0.491207
1.103556
1.199214
-0.051355
1.016863
-0.383059
0.632628
0.805925
0.208727
0.260091
0.683734
0.614737
0.177266
-0.257805
-1.321570
0.040169
-0.424590
-0.646139
0.412702
-0.029468
0.047321
0.162362
-1.030835
-0.934772
-2.226812
-2.537961
0.111752
-0.547809
-0.417165
-0.077051
-0.036609
-2.055130
-0.936784
1.347616
0.723619
-0.095176
0.040445
0.713441
0.520357
1.857039
1.750210
0.821029
0.583300
-0.097777
-0.080580
-0.858355
-0.637312
0.775205
0.830506
0.695287
0.217864
1.006682
1.264464
1.060444
-0.004351
0.744893
0.237322
-1.555680
0.790725
1.199435
0.757504
0.262434
-1.883980
-1.929707
0.469507
1.155905
-0.001748
0.720251
-0.472838
-1.221617
1.985632
-0.572343
-0.948294
0.341944
1.077209
0.573061
0.992655
0.770810
0.648585
1.763194
0.859336
0.318565
0.464923
-0.226308
0.093101
0.194993
0.533863
1.079753
-1.988350
-2.529310
0.215852
1.059926
1.277894
1.104478
-0.230219
0.204734
2.125157
1.670564
-0.035098
0.370773
0.634656
0.399689
0.858673
-0.999004
0.336895
-0.163560
-2.148081
1.125634
0.238345
0.002740
1.051735
-0.074372
0.742588
1.842885
1.977661
0.316880
0.523783
0.637334
-1.126932
-0.316405
-0.386063
-0.260297
-0.546285
-0.207778
-0.566132
0.269918
-0.726046
-0.824174
-1.657229
-0.006222
0.547160
-1.082048
-2.065834
-1.004102
-0.974745
-1.379235
-0.856146
-1.375961
-1.858262
-1.344930
-1.548444
-1.360631
-0.331047
-1.052963
-0.409969
-0.366510
-0.054785
0.068737
0.203646
0.141926
0.243972
0.230493
0.246560
0.228774
0.252000
0.252011
-0.583225
-0.620172
-0.564942
-0.602221
-0.308944
-0.473436
-0.452693
-0.463969
-1.134595
-1.409215
-1.448181
-1.746100
-1.797964
-1.925847
-1.609515
-1.560217
1.068375
1.332082
1.366303
0.563085
-0.561807
1.016207
1.636285
1.766013
0.631010
0.538265
0.484235
1.067899
1.357624
0.720727
0.244098
0.334810
0.795976
0.797077
0.703749
0.846903
1.247167
1.517271
1.346450
1.306465
0.512803
0.892912
0.903162
1.399725
1.029483
0.596274
-0.464418
1.436765
1.455706
1.428008
0.718368
0.726068
0.175883
0.113758
0.749506
0.226717
0.232465
0.214216
0.620351
1.300501
0.536758
-0.752030
1.158987
-0.946411
-0.670603
-0.101776
-1.118620
0.087345
-1.098628
-2.083806
-0.169302
-2.034446
-0.719132
0.064897
0.471295
-0.404854
0.883540
2.037056
0.870303
-0.207999
-0.671816
-0.631396
1.072021
0.057527
0.174174
0.049543
-1.847790
-0.155169
-1.277083
-1.802732
-1.815522
-1.804493
-1.511084
-0.572639
-0.418816
1.303516
1.807375
1.152393
-1.468216
0.456259
1.072879
0.453917
0.756975
1.002529
0.461023
0.184180
0.023575
0.540115
0.693381
0.487402
-0.292066
-0.416636
1.713683
2.469001
-0.511450
-0.345716
0.737637
0.357026
0.586060
0.676012
-1.147121
-1.193691
-1.235432
-1.318262
-0.254002
-0.100044
0.630366
0.443623
-0.419569
0.325850
-0.764480
-0.910290
-0.587774
-0.366617
-0.051661
0.100471
-0.640097
-0.384245
-1.213965
-1.272571
1.032818
-0.271717
0.343602
0.311481
-0.385650
-0.109628
-0.139369
0.047125
-0.449594
-0.216853
0.563476
0.795893
0.588906
-1.419564
0.124304
1.046208
0.060965
0.180136
0.499088
0.308649
0.647612
1.127195
1.646479
2.113615
-0.672657
-0.644123
0.274613
0.401481
-0.240388
-0.612988
-0.438348
0.085598
-2.423060
-1.100033
0.476187
1.108494
0.526488
-0.779861
-0.990643
0.066063
1.362378
0.278036
-0.574052
0.216121
-0.167996
0.866691
0.417844
-0.905718
-0.019197
-1.639478
-1.864018
0.290309
0.271847
0.699015
-0.256112
-0.455553
0.398018
1.045922
0.887228
-0.716582
-0.351662
0.082662
0.259406
0.008129
-0.273893
0.525247
0.437044
-1.002567
-1.786119
-1.785004
-1.867279
-1.572400
-1.439120
0.016305
0.809573
1.409464
-0.458812
-0.529093
-0.285508
-0.353298
-0.196901
-1.679864
-0.046514
0.714727
1.183724
1.233396
1.426448
1.600011
1.243285
-0.498170
-1.578123
0.611613
0.928206
0.995503
0.818446
1.150249
-0.470288
0.147155
1.282209
0.338032
0.666408
0.509826
0.453347
0.354998
1.890696
2.098014
1.055539
0.541738
0.742653
0.392325
-0.303295
-0.686907
-0.322193
1.133444
1.441563
1.947045
0.736454
0.318304
-0.034183
-0.550419
1.256573
1.003089
0.395319
-1.887293
-0.645081
-0.066569
-0.113055
-0.587790
-0.512935
0.358154
0.231163
-0.446277
-0.617662
-0.315380
-0.072332
-0.068425
-0.040343
-1.733660
-0.295384
-0.274468
-0.314731
-0.870195
-0.565505
-0.508927
-0.510594
-0.751340
0.326462
0.334865
0.573090
-0.347538
-1.802440
-1.647499
-1.421156
-1.334303
0.067373
0.380026
0.266676
-0.746668
-0.934641
-0.762827
-0.763675
-0.825387
0.479022
0.558555
0.422643
0.430735
-0.715952
-0.773954
-1.120030
-1.341774
0.799580
0.811499
0.362031
0.473508
0.009623
-0.055974
-0.411376
0.007001
0.723062
0.367238
0.043711
0.678578
1.835973
1.702722
1.674638
1.791034
0.550975
0.331884
0.295432
0.184076
0.789308
0.643872
0.063848
0.064722
0.236546
0.231306
-0.530338
-0.378054
0.242100
0.569924
0.241097
-0.473876
-0.682362
0.703696
-1.496382
-1.063589
0.144857
-0.163044
0.444035
-0.695302
-1.801592
0.963767
0.428012
0.644472
-0.044104
-0.346488
-0.046061
0.442640
2.019811
0.558608
-0.424942
0.293771
-0.075215
0.293801
-1.591838
-1.769538
0.811691
-0.725967
0.598223
0.333157
-0.261790
1.575133
2.644485
2.694784
1.416483
-1.640723
-0.047675
0.010358
-0.111374
-0.418640
-0.199835
-0.209272
-0.365804
0.513122
0.193742
0.535618
0.579501
-0.122061
0.160873
0.056173
-0.142497
0.372742
0.559634
2.680612
2.353992
-1.050044
-1.106015
-0.510067
-0.619061
-0.019647
-0.135767
-1.609874
-1.598377
-1.431789
-1.499150
-0.282864
-0.366728
0.452203
0.336093
-0.045015
0.327016
-0.791211
-0.776740
0.081650
-0.254273
0.186051
0.238407
-1.105890
-0.646100
-1.316793
-1.328290
0.265044
-0.151362
0.718110
0.661064
-0.211858
-0.228483
0.680921
0.761506
-0.638272
-0.330521
0.444735
0.658017
0.599827
-0.785122
0.288182
0.721618
0.111537
0.141573
0.416737
0.301302
0.760264
1.177461
1.519971
2.040796
-0.583599
-0.618967
0.300057
0.674493
-0.236701
-0.788746
-0.720916
-0.232370
-2.504896
-1.139482
0.453058
1.416465
0.604949
-0.616491
-0.773327
0.124283
1.280411
0.242280
-0.614942
0.321389
-0.113191
0.746320
0.320577
-0.847767
-0.006917
-1.713134
-1.958737
0.315900
0.287895
0.674885
-0.290647
-0.566526
0.273290
1.083261
0.925910
-0.582210
-0.280902
-0.061192
0.186149
-0.089575
-0.441181
0.447910
0.460828
-0.983131
-1.819326
-1.802929
-1.860291
-1.617244
-1.467224
0.152016
0.939837
1.410748
-0.515798
-0.630564
-0.377570
-0.395815
-0.148575
-1.575685
-0.005926
0.657859
1.389786
1.405449
1.295582
1.413173
1.185639
-0.677433
-1.701577
0.583664
0.956532
0.962704
0.818688
1.342489
-0.372549
0.193754
1.272226
0.253521
0.879538
0.756803
0.545820
0.460126
1.883728
2.074161
1.166018
0.669435
0.810094
0.319382
-0.370347
-0.678563
-0.275751
1.522644
1.757305
2.111109
0.801343
0.278961
-0.013240
-0.594929
1.014324
0.600307
0.264224
-1.910098
-0.810863
-0.726479
-0.757258
-0.567806
-0.495213
0.371691
0.250772
-0.598880
-0.762138
-0.782370
-0.061176
0.146628
0.079380
-2.050798
-0.199899
0.011235
-0.246996
-1.151625
-0.552158
-0.577294
-0.621541
-0.689894
0.375450
0.457508
0.765636
-0.521697
-1.417947
-1.261142
-1.376813
-1.465419
-0.236182
0.169458
0.463324
-0.795204
-0.792883
-0.689521
-0.854751
-0.825387
0.125604
0.231687
0.530409
0.430735
-0.855712
-0.830939
-0.892983
-1.341774
0.171692
0.259523
0.491364
0.473508
-0.320007
-0.300127
-0.267470
0.211767
0.654574
0.543991
0.100969
0.074225
1.204086
0.890113
0.513784
-0.578295
-0.331725
-0.050771
0.098723
0.205658
0.456124
-0.283911
-0.383146
-1.358180
-1.321188
-0.050167
0.040803
-0.026843
0.349024
-1.655804
-2.200061
1.324085
0.925566
0.774426
0.081638
0.385848
-0.296604
-0.932044
-0.235038
-1.089015
0.117553
0.251007
0.704348
0.138117
-2.670361
-1.103384
1.518605
2.019998
0.692048
0.064391
0.386158
1.854474
0.472563
1.048623
-0.075516
-0.707157
0.027744
0.693386
0.058075
-0.365034
0.862461
1.318815
0.464564
0.105282
0.706757
1.000051
0.889250
0.748833
0.430314
0.453509
-0.204647
-0.062478
0.390862
0.490023
2.368201
2.344733
-0.700845
-0.688139
-0.026699
-0.405783
0.285318
0.227597
-1.456517
-1.400118
-1.699061
-1.741963
-0.387042
-0.399761
0.541440
0.370647
-0.305623
0.346571
-0.810869
-0.894439
-0.181699
-0.223382
0.343075
0.508051
-0.777044
-0.381138
-1.138819
-1.329661
0.017988
0.011859
0.594910
0.315942
-0.268527
-0.316687
0.279633
0.691771
-0.350671
-0.145593
0.217859
0.374704
0.479693
-1.336141
0.050358
0.899733
0.084477
0.057395
0.163480
0.080578
0.616222
1.200535
1.647372
2.030056
-0.640087
-0.624679
0.395205
0.765826
-0.182632
-0.742718
-0.728277
-0.112582
-2.389803
-1.136665
0.424388
1.039509
0.557594
-0.640590
-0.801352
0.142920
1.373892
0.308251
-0.565480
0.270705
0.000036
0.844048
0.316069
-0.917620
-0.028285
-1.676809
-1.919668
0.340545
0.305084
0.662179
-0.318187
-0.520310
0.285641
1.081027
0.971668
-0.603611
-0.332643
0.044298
0.259643
-0.007184
-0.351865
0.496966
0.546678
-0.942735
-1.723206
-1.793879
-1.871738
-1.592475
-1.318520
0.315312
0.923427
1.367830
-0.528082
-0.646900
-0.355404
-0.315183
-0.122032
-1.713302
-0.123333
0.531395
1.300408
1.377355
1.476379
1.565825
1.422628
-0.445894
-1.668192
0.581915
0.947844
1.140310
0.941488
1.179251
-0.286176
0.143330
1.060179
0.277821
0.780310
0.505077
0.355179
0.421555
1.870416
2.122482
1.198143
0.568252
0.693732
0.225740
-0.401308
-0.742897
-0.242682
1.404968
1.493774
2.030486
1.101132
0.328724
-0.282539
-0.518383
1.217706
0.987757
0.580809
-1.874446
-0.887210
-0.586547
-0.507239
-0.646820
-0.566038
1.255763
0.950623
-0.707091
-0.871898
-0.201408
-0.251571
-0.237255
-0.016771
-1.522013
-0.251188
-0.144808
-0.230617
-1.031991
-0.456332
-0.428924
-0.551304
-0.757893
0.367398
0.379981
0.569695
0.049325
-1.596959
-1.476147
-1.480136
-0.955598
-0.030625
0.323376
0.375120
-0.830544
-1.045028
-0.963231
-0.968514
-0.825387
0.435423
0.599332
0.621052
0.430735
-0.912201
-0.922224
-0.947934
-1.341774
0.526100
0.634767
0.498003
0.473508
-0.266334
-0.280413
-0.315347
0.007001
0.808135
0.523755
0.105604
0.678578
1.934787
1.635182
0.441075
0.093968
0.629369
0.472477
0.062559
-0.011069
0.501296
0.585435
-0.543424
-0.710928
0.109702
-0.008804
0.209889
0.248016
-0.471737
-0.175070
-2.478176
-2.293527
0.467632
0.453480
0.537438
0.466050
-1.128454
-1.224244
0.632008
1.430477
-0.641853
-0.676704
0.378738
0.181427
0.897122
0.906982
0.322205
0.222347
-2.365770
-1.179720
0.513733
0.308180
0.460887
0.376500
-0.230693
-0.671696
0.660948
0.134270
-0.661721
0.071051
0.624603
0.587682
0.520046
0.272122
0.768085
-1.146757
-2.164693
0.562486
-0.079591
-0.396018
-0.178968
-0.326908
0.509411
1.641359
1.450914
-0.657301
-1.773121
-1.201544
0.929989
0.622105
0.256295
0.093351
0.331523
-1.972077
-1.091730
1.675954
-0.217987
-0.041017
-0.031398
0.298971
0.480665
1.092656
1.436931
0.811358
-1.779055
-1.436360
0.752428
0.426491
0.236224
0.319028
0.989773
0.554416
1.484793
0.890740
0.519198
0.411408
-0.139448
0.804443
0.471826
-0.303343
0.135782
1.047423
-0.219221
-0.164927
0.289549
-0.279881
-0.008394
-0.081716
0.486189
2.448548
-1.667217
-1.316398
-0.093531
0.434481
0.015704
-0.096706
-0.147436
-0.458498
2.671384
-1.121840
-1.805963
-0.733045
-0.095202
0.468775
0.562301
0.164825
0.334535
-0.456099
-0.575994
-1.969760
-0.453860
0.058471
0.447304
0.174595
0.581377
0.444553
0.056808
0.432792
0.749656
0.551701
-0.342764
-0.685603
-1.050995
-1.435589
-0.609935
0.477902
1.061213
0.802796
-0.805342
-1.108782
-0.005303
1.750393
0.425024
-0.571627
0.167359
0.660468
1.167032
0.572964
-0.736460
0.189868
-1.598436
-1.873009
0.652855
0.709873
0.805680
-0.273704
-1.290358
0.480637
1.555607
1.269209
0.012883
0.293484
1.377280
1.347372
0.558404
-0.179453
0.463542
0.741334
-0.464246
-0.761907
0.308847
1.054706
0.739384
-0.120759
0.878539
1.520237
-2.240707
-2.302126
-0.273060
0.340227
0.006477
0.440286
-1.717592
-1.354850
1.455539
1.387845
-0.184788
-0.850720
-0.220893
0.646740
-0.682451
-0.077277
0.609916
-0.306682
-0.929157
-1.013459
-0.505710
-0.880990
-0.678335
-0.824931
0.963482
1.366436
0.763684
-0.313618
0.360817
0.315342
-0.146532
-0.170086
0.362217
0.386100
0.001828
0.108137
0.663164
0.459667
0.729948
0.713107
0.006061
0.014152
-0.208337
0.059141
0.405434
0.552331
2.705190
2.487448
-0.816655
-0.870192
-0.256954
-0.424303
0.201764
0.040608
-1.848104
-1.410096
-1.618117
-1.626996
-0.081200
-0.233587
0.439532
0.344286
0.046342
0.360576
-0.584261
-0.598135
0.187325
-0.053346
0.375274
0.506393
-0.887247
-0.422032
-1.271133
-1.401856
0.386867
0.131195
0.466251
0.071476
-0.318185
-0.336842
0.243128
0.601029
-0.654517
-0.246609
0.167055
0.390177
0.497195
-1.312918
0.269784
1.087587
0.105222
0.052061
0.088265
0.089703
0.634742
1.200013
1.547537
1.902802
-0.660883
-0.667111
0.285161
0.660874
-0.206262
-0.735167
-0.586766
-0.120516
-2.518273
-1.069453
0.487649
1.289731
0.597713
-0.668651
-0.830648
0.129218
1.354588
0.296521
-0.560860
0.287404
0.006177
0.879651
0.354894
-0.893211
0.030278
-1.651639
-1.880270
0.289850
0.240360
0.657152
-0.300689
-0.470059
0.392636
1.178231
1.027060
-0.565894
-0.292796
-0.067100
0.210793
-0.032758
-0.369585
0.516742
0.547395
-0.859804
-1.809116
-1.846383
-1.911065
-1.644764
-1.372536
0.143371
0.762448
1.341510
-0.416447
-0.626611
-0.488658
-0.398086
-0.014193
-1.553503
-0.088314
0.604009
1.340812
1.441864
1.470964
1.478584
1.203726
-0.690363
-1.752942
0.644766
0.925039
1.030276
0.980554
1.259367
-0.403675
0.203527
1.258534
0.290120
0.813910
0.781885
0.658495
0.425420
1.815044
1.939871
1.029766
0.697657
0.580547
0.725027
0.393262
-0.561113
-0.270712
1.259219
1.561521
2.063508
0.993201
0.625194
0.256573
-0.590887
1.201685
0.935972
0.424421
-1.899817
-0.921153
-0.157076
-0.027317
-0.596688
-0.520865
0.895716
0.699891
-0.229034
-0.399459
-0.353033
0.212878
0.371838
0.108492
-1.885591
-0.219606
-0.075838
-0.362684
-1.003426
-0.685331
-0.738389
-0.730713
-0.756108
0.526577
0.692129
0.784768
-0.148997
-1.406304
-1.240985
-1.340734
-1.222508
-0.118692
0.280467
0.411706
-0.797790
-0.686516
-0.628992
-0.923132
-0.825387
0.289323
0.503043
0.715349
0.430735
-1.211279
-1.114727
-0.864533
-1.341774
0.347304
0.426995
0.471639
0.473508
-0.391452
-0.432427
-0.356404
-0.129944
0.328681
0.147749
0.253143
0.336094
1.006886
0.959307
0.583955
0.205013
-0.473398
-0.520002
-0.109075
0.066904
0.548006
0.485288
-0.310965
-0.434302
-1.036269
-1.370350
-0.230361
-0.100486
0.556718
0.462577
-1.616618
-2.219375
1.265773
0.858456
0.798508
0.022535
0.244710
-0.402005
-1.159304
-0.340372
-1.055978
0.078985
0.288112
0.825040
0.323997
-2.533103
-1.073362
1.418299
1.993035
0.771808
0.163437
0.275057
1.507044
0.431099
1.041212
-0.137521
-0.847388
0.354858
1.149652
0.159499
-0.353131
0.763391
1.177684
0.496279
0.150467
0.615339
0.959675
0.928393
0.766252
0.373570
0.393524
-0.139344
0.021423
0.496063
0.645688
2.416594
2.311312
-0.666094
-0.692876
-0.052664
-0.355488
0.163988
0.166412
-1.342173
-1.433489
-1.600395
-1.630660
-0.190200
-0.226119
0.443388
0.225573
-0.559124
0.229550
-0.645862
-0.678838
-0.053604
-0.200208
0.205812
0.375787
-0.919867
-0.556527
-1.231974
-1.364350
-0.075613
-0.077620
0.732733
0.492028
-0.225826
-0.171593
0.358486
0.642850
-0.388737
-0.059480
0.404240
0.538917
0.468425
-1.382565
-0.041191
0.871647
0.096943
0.103432
0.358870
0.272881
0.652167
1.261708
1.766498
2.169512
-0.636239
-0.636201
0.298776
0.631770
-0.208430
-0.679475
-0.617205
-0.304594
-2.480581
-1.086259
0.469719
1.321198
0.632559
-0.662006
-0.836689
0.192928
1.445988
0.300241
-0.573098
0.215693
-0.148488
0.805637
0.334233
-0.914076
-0.085818
-1.716080
-1.926486
0.307402
0.275044
0.781863
-0.178481
-0.430431
0.409700
1.099931
0.940816
-0.617576
-0.241765
0.095887
0.346031
0.111745
-0.288844
0.492437
0.438332
-1.012074
-1.726363
-1.762679
-1.933726
-1.637539
-1.400336
0.284803
0.918193
1.329513
-0.429026
-0.447427
-0.245514
-0.319631
-0.123632
-1.887768
-0.324901
0.546201
1.404463
1.526859
1.567121
1.542689
1.330834
-0.412544
-1.612894
0.602552
0.853563
0.807129
0.750427
1.261761
-0.125983
0.302733
1.226876
0.392720
0.819766
0.584823
0.358103
0.367000
1.771743
2.055756
1.322675
0.764914
0.771864
0.153285
-0.505104
-0.605687
-0.210157
1.643920
1.763985
2.036687
1.116042
0.283110
-0.243061
-0.599374
1.099082
0.714243
0.299045
-1.866990
-1.066259
-0.597341
-0.383071
-0.556544
-0.485274
1.076245
0.847380
-0.821533
-0.983336
-0.359029
-0.113559
-0.076296
-0.043582
-2.136986
-0.383338
-0.381552
-0.514209
-1.138063
-0.553558
-0.548326
-0.658408
-0.679194
0.252518
0.265280
0.556376
-0.086576
-1.543048
-1.474091
-1.565558
-1.312415
-0.193066
0.044464
0.080587
-0.830261
-0.999780
-0.981127
-1.069272
-0.825387
0.373291
0.555491
0.626886
0.430735
-0.827120
-0.842883
-0.952144
-1.341774
0.645370
0.643657
0.285691
0.473508
-0.038483
-0.098987
-0.361461
0.007001
0.833884
0.572530
0.134158
0.678578
2.074444
1.743957
0.449562
0.107747
0.804668
0.590276
0.019661
-0.018009
0.589332
0.657595
-0.572857
-0.707851
0.589793
0.451155
0.225910
0.278645
-0.548346
-0.266591
-2.564433
-2.375120
0.521819
0.506962
0.474099
0.403926
-1.225163
-1.312063
0.728711
1.475989
-0.629192
-0.644150
0.455042
0.229674
0.814361
0.818857
0.386950
0.292745
-2.325807
-1.125100
0.552505
0.445460
0.437570
0.336354
-0.255114
-0.836198
0.662856
0.141361
-0.671388
0.234840
0.767143
0.652954
0.482324
0.262366
0.591142
-1.326673
-2.081419
0.554490
-0.069832
-0.335064
-0.291980
-0.354955
0.485837
1.625970
1.567976
-0.633720
-1.807987
-1.294311
1.077127
0.662459
0.266866
0.159223
0.300661
-2.221289
-1.121785
1.670581
-0.089371
-0.012632
-0.161830
0.241731
0.598531
1.283179
1.705079
1.201489
-1.778544
-1.350376
0.887735
0.557965
0.497480
0.478810
0.931178
0.483516
1.421633
0.745809
0.431067
0.367685
-0.071874
0.827275
0.246378
-0.633010
-0.162646
0.852211
-0.267634
-0.347331
0.210533
-0.242052
0.126595
-0.128901
0.178160
2.088339
-1.675993
-1.320896
-0.132169
0.414418
0.129588
0.062406
-0.128793
-0.718022
2.630941
-1.193236
-1.725154
-0.739009
-0.099413
0.333600
0.413172
0.194940
0.505252
-0.553339
-0.725755
-1.929220
-0.147606
0.033903
0.412045
0.195912
0.397772
0.366568
0.006867
0.415254
0.693651
0.603101
-0.312047
-0.695068
-0.979656
-1.592555
-0.680168
0.482908
1.138953
0.834140
-0.844735
-1.158960
0.002907
1.752276
0.431003
-0.567657
0.062182
0.553188
1.184308
0.593250
-0.745806
0.164126
-1.553415
-1.771016
0.574244
0.501420
0.731358
-0.748375
-2.159287
0.476099
1.523705
0.933362
-0.253487
0.206926
1.107448
1.436931
0.628091
-0.249620
0.611761
0.807948
-0.363051
-0.728281
0.439812
0.958073
0.888904
-0.129512
0.685822
1.272331
-2.464323
-2.352507
-0.228972
0.504340
0.167460
0.530580
-1.818752
-1.046781
1.431287
1.069499
-0.580254
-0.493904
-0.089154
1.075984
0.231155
-0.524634
0.582632
-0.357802
-0.895196
-0.956758
-0.535052
-0.899133
-0.491509
-1.195216
0.513496
1.207907
-0.127982
-0.381395
-0.602379
-0.608068
-0.145726
-0.165913
0.269392
0.280818
-0.005431
0.108137
0.730484
0.523097
0.730406
0.713107
0.057296
0.065353
-0.226046
0.036873
0.304179
0.423387
2.501310
2.323794
-0.761204
-0.786584
-0.102912
-0.320782
0.060156
-0.029981
-1.651694
-1.421705
-1.643283
-1.636750
-0.119702
-0.285645
0.474277
0.307169
-0.317058
0.263353
-0.582419
-0.620040
-0.024248
-0.159817
0.387782
0.513443
-0.961662
-0.453408
-1.320788
-1.390576
0.504872
0.019016
0.729760
0.379850
-0.296298
-0.408407
0.110106
0.626901
-0.406183
0.059384
0.540262
0.626813
0.616736
-1.332168
0.107792
1.019645
0.086705
0.096649
0.260085
0.146367
0.646920
1.195047
1.547044
2.050370
-0.626570
-0.634492
0.340961
0.975441
-0.122297
-0.706879
-0.600017
-0.110027
-2.434013
-1.071466
0.461742
1.267160
0.623431
-0.708478
-0.880155
0.145599
1.408067
0.323420
-0.557528
0.329057
0.069269
0.884891
0.371336
-0.932023
-0.090116
-1.680252
-1.886877
0.371746
0.325224
0.666278
-0.272440
-0.491243
0.368950
0.978423
0.808604
-0.714866
-0.344359
0.065318
0.283825
0.066525
-0.506014
0.380032
0.482704
-1.014012
-1.793477
-1.862757
-1.798728
-1.493570
-1.267122
0.399153
0.945312
1.346583
-0.388328
-0.284480
-0.125142
-0.375528
0.002619
-1.337564
0.124863
0.610718
1.478553
1.703572
1.573490
1.380561
1.294693
-0.543924
-1.596993
0.787265
0.977667
0.898110
0.790619
1.232491
-0.253764
0.591928
1.644119
0.340955
0.919304
0.671832
0.437598
0.459492
1.924654
2.144090
1.199713
0.656922
0.788532
0.517392
-0.025042
-0.530465
-0.191197
1.437631
1.554972
2.119025
0.906832
0.491891
0.138461
-0.589086
1.316405
1.077815
0.491701
-1.924876
-0.983540
-0.619084
-0.498082
-0.548586
-0.478272
0.904241
0.705059
-0.506175
-0.676620
-0.437583
0.105201
0.177589
-0.003022
-1.617604
-0.200246
-0.140572
-0.312742
-1.268555
-0.622124
-0.576444
-0.573594
-0.787930
0.319979
0.374322
0.650048
0.001711
-1.185372
-1.173076
-1.546584
-1.218075
0.076171
0.423351
0.461160
-0.855237
-0.758102
-0.672183
-0.926995
-0.825387
0.379406
0.557962
0.662797
0.430735
-0.804682
-0.794998
-0.962213
-1.341774
0.390947
0.505203
0.567379
0.473508
-0.392565
-0.357874
-0.211825
-0.078854
0.550368
0.412803
0.364997
0.545909
0.912426
0.859538
0.560137
0.179168
-0.208725
-0.269930
-0.126421
0.050589
0.616129
0.564461
-0.362639
-0.505260
-1.256389
-1.505324
-0.013100
0.122819
0.432472
0.426683
-1.579232
-2.143828
1.322871
0.868987
0.634424
-0.178581
0.193386
-0.360743
-1.071850
-0.341992
-1.078310
0.170478
0.467301
0.905517
0.246294
-2.457202
-1.097074
1.253494
1.775576
0.666857
0.041828
0.437062
1.718234
0.311181
1.018765
-0.128250
-0.737740
-0.028712
0.671976
0.097017
-0.362338
0.795473
1.427450
0.637488
0.184071
0.731217
1.098394
0.909031
0.745726
0.529270
0.497001
-0.283579
-0.054363
0.444508
0.661243
2.442498
2.227994
-0.563790
-0.537082
0.095493
-0.326036
0.151654
0.094852
-1.429807
-1.363787
-1.610589
-1.597991
-0.034223
-0.233195
0.580391
0.469162
-0.158908
0.300074
-0.764260
-0.783504
-0.039377
-0.296627
0.256926
0.410737
-0.754980
-0.271249
-1.176171
-1.369681
0.465839
-0.053608
0.883088
0.675500
-0.146745
-0.202799
0.265852
0.628146
-0.431976
-0.160704
0.415748
0.685696
0.545257
-1.411756
-0.187134
0.777223
0.079522
0.153935
0.397183
0.255985
0.656116
1.183515
1.651377
2.343824
-0.638164
-0.632513
0.261447
0.591290
-0.224986
-0.738006
-0.698997
-0.238752
-2.424955
-1.074104
0.460153
1.118494
0.543685
-0.747358
-0.916951
0.159370
1.407331
0.299297
-0.560270
0.184243
-0.130298
0.894967
0.393391
-0.858457
0.043232
-1.641858
-1.836090
0.303292
0.300041
0.713282
-0.296472
-0.539098
0.346563
1.083117
0.921400
-0.675073
-0.416433
0.019992
0.290385
0.080623
-0.351009
0.473999
0.517503
-0.974202
-1.704630
-1.698738
-1.821554
-1.567012
-1.286111
0.243316
0.834888
1.482018
-0.273709
-0.492177
-0.450758
-0.388786
-0.089525
-1.843479
-0.264462
0.572859
1.335031
1.299926
1.330574
1.488681
1.222314
-0.604886
-1.548717
0.705100
0.853210
0.982398
0.980896
1.294387
-0.092783
0.266511
1.055631
0.311680
0.959295
0.839369
0.535739
0.395456
1.838095
1.797006
0.858379
0.660701
0.794437
0.341123
-0.309175
-0.621818
-0.297819
1.572441
1.783094
2.106629
1.056520
0.639346
0.260326
-0.585711
1.096248
0.252201
-0.260882
-1.904819
-1.005606
-0.797787
-0.657518
-0.598153
-0.522173
1.138975
0.896024
-0.638346
-0.803040
-0.473405
0.018189
0.146599
0.039052
-2.187979
-0.263636
-0.094548
-0.277928
-1.300435
-0.357281
-0.274080
-0.519634
-0.559314
0.543209
0.546625
0.602691
-0.192790
-1.259039
-1.167769
-1.522591
-1.517257
0.144110
0.547983
0.489174
-0.779887
-0.706823
-0.601378
-0.901583
-0.825387
0.609256
0.624662
0.433531
0.430735
-0.888111
-0.884238
-0.975721
-1.341774
0.589891
0.615936
0.404772
0.473508
-0.074894
-0.038351
-0.162504
0.007001
0.502098
0.223321
0.103560
0.678578
2.067890
1.788682
0.498804
0.132672
0.609890
0.316830
-0.042063
-0.066164
0.561219
0.663081
-0.565317
-0.726831
0.070260
-0.064516
0.252305
0.293072
-0.504264
-0.193453
-2.541400
-2.368279
0.530862
0.519427
0.570015
0.500687
-1.180427
-1.273668
0.541053
1.298247
-0.697135
-0.707113
0.331843
0.106644
1.025610
1.011105
0.367320
0.289516
-2.238591
-1.086146
0.545077
0.597901
0.558167
0.348353
-0.308995
-1.054617
0.435704
0.073203
-0.699052
0.254722
0.820389
0.684621
0.596902
0.747557
0.854598
-1.101584
-2.071487
0.555387
0.010798
-0.088576
-0.120413
-0.310774
0.527846
1.552501
1.402843
-0.654732
-1.851272
-1.300342
1.207634
0.628848
0.321635
0.311400
0.493911
-2.271790
-1.124856
1.640828
-0.053798
0.068071
-0.164278
0.215209
0.697656
1.366370
1.459866
0.941346
-1.265987
-0.990239
0.751987
0.391069
0.585136
0.464536
1.086471
0.856880
1.466963
0.585326
0.522717
0.504972
0.336103
0.940502
0.482519
-0.296517
0.052219
0.973462
-0.045344
-0.372383
-0.107836
-0.381432
0.194825
0.051701
0.384190
2.195287
-1.476534
-1.023962
-0.049850
0.219285
0.247098
0.216235
0.021626
-0.585067
2.673520
-0.909278
-1.312996
-0.639547
-0.130250
0.467971
0.530332
0.113914
0.251365
-0.646241
-0.743513
-1.897668
-0.373386
0.156979
0.579497
0.201343
0.384842
0.416797
0.056533
0.422775
0.828930
0.583785
-0.312189
-0.687693
-1.242872
-1.665718
-0.727408
0.469402
1.001533
0.713863
-0.811541
-1.113899
-0.015330
1.804483
0.453265
-0.596743
0.017655
0.557856
1.160753
0.586677
-0.773693
0.098747
-1.633804
-1.902966
0.528112
0.408132
0.754604
-0.591789
-2.053051
0.591650
1.610770
1.249680
0.101966
0.401481
1.190270
1.390755
0.688435
-0.306260
0.494586
0.578270
-0.681420
-0.716568
0.523360
0.784930
1.124845
0.147324
0.660257
1.301126
-2.294147
-2.143658
-0.251957
0.437867
0.039542
0.533641
-1.799665
-1.098595
1.264054
1.012170
-0.374130
-1.160160
-0.416372
1.397412
0.153015
-0.143430
0.845194
-0.305779
-0.616244
-0.866130
-0.428138
-0.972007
-0.558265
-0.784512
0.738792
1.105218
-0.016433
-0.424658
-0.656886
-0.642822
-0.145833
-0.175237
0.151437
0.195830
-0.004472
0.108137
0.929657
0.706347
0.730345
0.713107
0.214754
0.222286
-0.128739
0.134974
0.316497
0.517443
2.699769
2.373157
-0.583447
-0.594265
-0.128979
-0.355618
0.139468
0.053263
-1.658298
-1.413940
-1.320012
-1.326387
0.046269
-0.073500
0.378625
0.258910
-0.134599
0.305764
-0.661175
-0.665483
0.084817
-0.178389
0.361791
0.514113
-0.779877
-0.161755
-0.940455
-1.283030
0.170818
-0.095800
0.660860
0.395802
-0.366348
-0.070716
0.416663
0.595497
-0.477810
-0.136880
0.401888
0.608922
0.535560
-1.430678
-0.202574
0.740393
0.073214
0.032357
0.174032
0.281206
0.669370
1.217813
1.706827
2.153927
-0.667203
-0.640342
0.422411
0.907836
-0.171316
-0.709543
-0.574221
0.003394
-2.449059
-1.089077
0.464156
1.043086
0.562817
-0.635548
-0.805787
0.174712
1.389172
0.280282
-0.600348
0.257716
-0.057313
0.818075
0.348553
-0.895640
-0.031683
-1.687193
-1.955417
0.317482
0.302368
0.789533
-0.142919
-0.403376
0.406094
1.012028
0.845054
-0.657638
-0.170188
0.087834
0.242764
0.075364
-0.405524
0.508662
0.470873
-1.051999
-1.790073
-1.774602
-1.861527
-1.618538
-1.321574
0.360790
1.004846
1.374655
-0.419410
-0.465223
-0.363295
-0.441328
-0.093448
-1.736813
-0.184889
0.618033
1.433396
1.489434
1.452933
1.497427
1.260592
-0.619435
-1.582069
0.660472
0.790484
0.923512
0.930243
1.305077
-0.132878
0.471148
1.339749
0.339216
0.961603
0.843058
0.644933
0.518916
1.855544
2.043417
1.136643
0.574134
0.798104
0.108746
-0.584939
-0.585255
-0.187008
1.428060
1.497932
2.088895
1.109304
0.448631
-0.017326
-0.628674
1.035666
0.657030
0.254878
-1.837985
-0.932919
-0.366530
-0.213042
-0.560846
-0.489067
1.095485
0.869605
-0.596596
-0.764712
-0.308580
-0.014147
0.065795
0.090759
-1.738293
-0.183001
0.017298
-0.116844
-1.027907
-0.579505
-0.554799
-0.502426
-0.630492
0.308943
0.447888
0.816728
-0.083102
-1.754020
-1.625018
-1.402367
-1.105091
0.083703
0.539976
0.574362
-0.836019
-1.194826
-1.108097
-0.949019
-0.825387
0.550062
0.777563
0.739835
0.430735
-1.243541
-1.249585
-1.036970
-1.341774
0.719194
0.808929
0.517272
0.473508
-0.035986
-0.132073
-0.402485
0.108551
0.808059
0.572437
0.234825
0.164694
1.652934
1.664832
1.775983
-0.215608
0.477792
0.470084
0.435582
0.451624
0.170596
0.115701
0.466844
0.742870
-0.657760
-0.727936
-0.551314
0.517255
0.526626
0.595691
0.542501
0.730846
-2.350005
-2.186870
-1.097009
-0.383831
0.416518
0.030072
-0.480958
-1.033706
1.526827
1.588703
1.041366
0.098408
1.043440
-1.070121
-2.122468
-2.010997
0.296424
0.312899
-0.082807
-0.134614
-0.656859
0.616765
0.426736
0.331976
1.054978
1.340656
0.947911
0.725455
0.209087
0.310961
-0.045456
0.066651
-0.021749
0.066456
2.437463
2.274533
-0.750314
-0.610949
0.149717
-0.131585
0.210213
0.317853
-1.236159
-1.291035
-1.552622
-1.506140
0.078679
-0.229831
0.576751
0.433079
-0.280136
0.233018
-0.681864
-0.724129
-0.077803
-0.225610
0.408850
0.635939
-0.767320
-0.443020
-0.971519
-1.068110
0.500110
-0.083283
0.842692
0.586988
-0.266674
-0.243440
0.243746
0.575529
-0.504489
-0.164170
0.277974
0.460825
0.451972
-1.275371
-0.024602
0.783184
0.072035
0.046711
0.323958
0.353159
0.659390
1.118714
1.518304
2.194133
-0.644104
-0.620261
0.321121
0.651530
-0.180325
-0.667995
-0.675464
-0.341871
-2.412593
-1.114078
0.429783
0.882983
0.527402
-0.679256
-0.866850
0.179821
1.414539
0.292152
-0.598284
0.305151
0.009787
0.840417
0.371549
-0.985008
-0.074163
-1.706538
-2.000361
0.345477
0.337313
0.718124
-0.187946
-0.472614
0.323784
1.069175
0.900701
-0.677825
-0.355431
0.051917
0.255911
0.027185
-0.427032
0.472302
0.542236
-1.009608
-1.808006
-1.799550
-1.790670
-1.512512
-1.316740
0.440513
1.072971
1.382287
-0.356998
-0.414166
-0.317976
-0.372269
-0.117031
-1.789368
-0.165428
0.663800
1.375087
1.430091
1.485275
1.554327
1.310323
-0.452287
-1.431561
0.724627
1.073640
1.028820
0.769263
1.209098
-0.172523
0.500824
1.445889
0.378372
0.909689
0.718093
0.465048
0.388962
1.902585
2.238237
1.360067
0.695562
0.817048
0.424316
-0.156540
-0.750334
-0.314846
1.497371
1.672675
1.976080
1.034160
0.522636
0.064025
-0.630299
1.090577
0.571694
0.136003
-1.899708
-1.008509
-0.606115
-0.447318
-0.491475
-0.428459
0.826324
0.650755
-0.347011
-0.516977
-1.073473
-0.027286
0.220493
0.059642
-2.038525
-0.282346
-0.001458
-0.130158
-1.263775
-0.307811
-0.261065
-0.548759
-1.255306
0.212300
0.325962
0.638601
-0.332965
-1.543268
-1.350092
-1.294946
-1.334087
0.056840
0.427537
0.431198
-0.846867
-0.828777
-0.763427
-0.958462
-0.825387
0.297744
0.411983
0.545445
0.430735
-0.924653
-0.886058
-0.879414
-1.341774
0.240110
0.290272
0.394966
0.473508
0.104763
0.076872
-0.375053
0.175769
0.442438
0.090530
-0.085056
0.221007
1.010567
1.807258
1.285452
0.011818
0.163106
0.505054
0.540103
-0.731699
-0.389368
0.840751
0.544075
0.235702
0.400144
-0.398552
-0.228216
-1.405032
-0.966993
0.836211
0.652299
0.292572
0.357158
-1.337141
-1.369709
-0.311961
0.101251
0.436933
0.369181
0.472737
0.382447
0.706887
0.953378
-1.754005
-1.089920
0.623364
0.861214
0.391188
0.268842
-0.622225
-1.546334
1.216927
0.455859
-0.508942
0.129845
0.794400
0.415859
0.798123
0.672133
0.543205
-0.798036
-1.815785
-0.205581
0.238649
0.108781
0.647764
0.243363
-0.269527
0.902081
-0.054183
-2.218579
0.262764
0.334750
0.223715
0.491159
-1.873532
-2.134079
1.097367
2.434845
0.300125
0.453088
0.206538
0.411257
2.323067
0.697429
-0.833527
-0.379259
0.083699
0.464296
0.329970
-0.097357
0.045543
1.082306
1.931151
1.083328
0.049658
-0.039841
0.520124
0.432955
0.667619
0.894895
0.178913
-0.379453
0.140112
0.152073
0.182969
0.530268
-0.688639
0.025879
0.665110
-0.095190
-0.172222
-0.018688
0.159730
2.739178
-1.548621
-1.261757
-0.327877
-0.067278
0.073674
0.071746
0.027151
-0.342390
2.549783
-0.992506
-1.631266
-0.712035
-0.224338
0.370937
0.439290
0.044732
0.359372
-0.408000
-0.551824
-1.838905
-0.343581
0.084233
0.507970
0.218809
0.541320
0.428771
0.055310
0.443119
0.641818
0.580318
-0.279668
-0.651005
-1.028163
-1.463697
-0.636316
0.472814
1.438094
0.856256
-0.801223
-1.145645
-0.048447
1.772810
0.470945
-0.581466
0.018788
0.529494
1.146882
0.568033
-0.791589
0.177900
-1.602869
-1.863810
0.447123
0.411917
0.776190
-0.282321
-1.247083
0.801445
1.610991
1.295648
0.118589
0.370652
1.343128
1.653360
0.728907
-0.274370
0.575187
0.461220
-0.759986
-0.702756
0.498452
0.912564
0.753150
0.031411
0.922085
1.436451
-2.347864
-2.261815
-0.153791
0.017470
-0.236038
0.474879
-1.403879
-0.583344
1.831948
1.366096
-0.430439
-0.593311
-0.162003
0.562089
-0.880823
-0.285082
0.791675
-0.039020
-0.461379
-0.944399
-0.501067
-0.565080
0.252355
-0.842932
0.797337
1.215562
-0.607631
-0.537949
0.746515
0.530099
2.105694
1.088388
0.187367
0.198437
0.186027
0.181833
0.090030
-0.061345
-0.028957
-0.028141
-0.405736
-0.371093
-0.460207
-0.465191
-0.046704
0.122106
0.145251
0.148931
-2.095560
-2.001348
-2.158309
-2.131876
-0.248232
0.568517
0.396414
0.364821
-0.662033
-0.791697
-0.762507
-0.711726
-0.293982
-0.019294
0.406309
0.499555
1.639580
1.555671
1.604880
1.647538
-0.060911
-0.395285
0.063237
0.399738
0.808458
0.946040
1.197407
1.062108
0.119065
-0.154118
0.648462
0.422456
0.616657
-0.106087
0.335470
0.751845
-1.812230
-1.408125
0.980071
0.662083
0.380824
-1.158254
-2.103550
0.013288
1.510440
1.744426
0.472567
0.615145
0.593829
1.436852
1.460031
-0.141879
-0.173191
0.186605
1.045593
1.904518
1.401974
0.631733
0.654370
0.592611
-0.294213
-0.327076
-0.504580
-0.816570
-0.521702
1.030675
-0.296455
-0.810214
0.105712
1.649157
0.423032
0.146133
0.341010
1.077463
-1.893773
-1.959384
-1.309184
0.610982
1.423986
0.856101
0.494554
0.737932
1.091301
0.527071
0.618527
0.211401
-0.198523
-0.799107
-0.789410
-1.219249
0.159343
0.237809
-0.260871
-1.065907
-0.075166
-0.071557
-0.243643
0.260341
-0.662922
-0.605851
0.760196
-0.425785
0.292751
0.062521
-0.556948
0.798966
-2.482337
-2.283358
0.386313
0.335840
0.383054
0.293508
0.239137
-0.206671
0.967437
0.351906
0.051880
-0.858289
-0.191841
-0.478684
-0.576815
0.086522
-0.034075
0.097118
0.201267
-2.275469
-2.022877
-2.665413
-2.460752
0.178270
0.616822
0.583757
0.239548
0.939628
-0.719785
0.548075
1.668341
-0.537391
-0.180725
0.549102
0.353247
0.487428
0.999364
0.790724
0.513279
-2.241987
-1.579855
0.298773
0.154506
0.611385
0.544705
0.672432
0.656915
1.092111
0.414760
0.217407
-0.233119
-0.431649
-0.551801
-0.553513
0.120392
0.129063
0.229554
0.254248
-2.208441
-1.950237
-2.693958
-2.531626
0.038077
0.509415
0.390483
0.079926
1.724649
-0.449644
0.759410
1.717838
0.646297
0.288650
0.308833
0.302145
-0.061168
0.398989
0.436946
0.346355
0.047272
0.444253
0.316465
-0.211861
0.235042
-1.354168
-0.279682
0.835718
0.365663
0.597403
0.784761
-0.342985
-0.838012
1.190194
1.622568
-0.201654
-0.198214
1.229761
1.129343
0.678323
0.674201
0.123027
-0.244611
-2.491600
-2.216375
-0.006213
-0.158178
0.373226
0.311655
-1.212487
-1.309116
0.724275
1.472305
0.609771
0.661349
0.785795
0.756637
1.036324
0.901812
0.323873
0.256517
0.188410
0.053989
-0.056527
-0.082743
-0.432959
-0.369756
-0.316524
-0.330356
0.115998
0.232982
0.190551
0.193588
-1.887613
-1.784772
-2.159807
-2.159137
0.020751
0.709544
0.315652
0.274199
-0.760579
-0.861014
-0.731996
-0.685820
-0.209302
0.058451
0.395036
0.482673
1.644290
1.555286
1.589265
1.624592
-0.171967
-0.493373
0.014420
0.328124
0.760658
0.912224
1.148945
1.015974
0.062048
-0.203526
0.623780
0.395522
0.693998
-0.036524
0.407214
0.810937
-1.683356
-1.296932
1.015402
0.980265
0.618553
-1.123321
-2.031040
-0.695986
1.004861
1.433050
0.379059
0.555053
0.536416
1.293790
1.448623
-0.135209
-0.337275
-0.051399
1.029112
1.739079
0.898458
0.623807
0.604930
0.388559
-0.872921
-0.823931
-0.491866
-0.750331
-0.381767
0.766491
-0.663377
-1.130877
0.590759
1.949838
0.407091
-0.092191
0.232093
1.217680
-1.804009
-2.095722
-1.499942
0.269563
1.081731
0.949431
0.901218
0.523148
1.218211
0.708308
1.101999
0.599349
0.002386
-0.712314
-0.509766
-1.093888
0.032483
0.327507
-0.230554
-1.595975
-0.513490
-0.048410
-0.374275
-0.955995
0.796170
0.977058
0.742754
-0.811831
-0.238562
-0.322731
-0.387618
-1.140438
-0.842270
-0.465607
-0.698291
-1.428407
-2.139652
-2.049149
0.100606
-1.000000
-0.260385
-0.527176
-0.196365
0.000000
0.166545
0.226464
0.169616
0.168497
0.123636
0.079106
0.048839
0.000000
-0.587486
-0.548947
-0.367029
-0.549919
0.397482
0.376807
0.687928
0.183711
-2.309224
-2.240378
-1.898620
-2.386830
0.033821
0.388559
0.621566
0.361029
-0.372292
-0.348663
-0.915466
-0.332562
0.465161
0.330197
0.033489
0.507375
1.447417
1.405163
1.357729
-0.138031
0.048520
0.057291
0.050271
0.279292
0.663567
0.749821
0.831876
0.181970
0.132636
0.103935
0.210659
-0.363803
-0.086293
0.082031
0.801640
0.580985
0.693543
1.032165
1.019846
-2.086844
-2.068591
-1.975127
-0.257415
0.199834
0.529154
0.512213
0.014980
-0.229275
-0.220755
-0.175049
0.438206
0.240516
0.201989
0.199284
0.010062
0.103828
0.101539
-0.189617
-0.253856
0.291629
0.369776
0.528109
-0.546048
-1.821138
-1.813119
-1.675814
-0.840047
0.726178
0.427039
-0.202824
-1.057224
-0.547951
1.551735
0.437887
0.493648
-0.199534
-0.033851
0.647373
0.974877
1.125730
0.495613
0.020688
0.076498
-0.402407
-1.020288
0.737757
0.996114
0.223974
0.158502
-0.351053
0.015692
0.705682
-0.574622
-2.041333
-1.929852
-1.159686
-0.895927
-1.092789
0.286670
-0.037821
0.985746
-0.495495
-0.831338
-0.049536
0.425049
1.253441
0.466841
-0.832161
-1.271360
-1.249978
-1.502857
-0.902935
-1.086386
0.602546
0.292303
1.499181
0.646008
0.767078
1.253632
1.159652
1.288951
0.627868
0.309426
0.371099
0.724801
1.135955
0.905635
-0.838995
-1.179892
-0.894192
0.371949
0.871970
0.782690
0.131307
-0.149710
1.908160
-0.362684
-0.772828
0.624984
0.617951
0.915505
-0.503500
-1.108815
0.004350
0.185067
0.492944
-0.362277
-0.459717
-0.205456
0.540084
0.840615
0.282506
-0.737180
-1.354913
-1.597192
-1.939923
-1.622820
-1.174414
0.082335
0.510610
1.672749
-0.066495
-0.681438
-0.913625
-0.460452
0.155156
-1.406709
0.102569
0.466253
1.613782
1.881052
1.660523
1.471064
1.207685
-0.278154
-1.604392
0.540268
0.974017
1.065372
1.071811
1.236256
-0.209179
-0.043545
0.056406
0.003800
0.644669
0.640844
0.001163
-0.287881
1.506384
1.899778
0.840181
0.299021
0.664011
0.486354
-2.029444
-2.426914
-1.326884
1.029568
1.108635
0.629150
0.497764
0.347839
1.495711
1.300337
1.102709
0.473329
0.604035
0.088113
0.652787
0.497781
0.569498
0.335749
0.179963
0.149966
-0.184800
0.036594
-0.158981
-0.030953
0.774272
-0.382244
-0.527688
-0.452668
0.529238
0.513869
0.386630
0.689046
-0.523179
-2.093007
-2.024162
-1.944984
-1.140584
0.089790
0.332944
0.358631
-0.535554
-0.674608
-0.677659
-0.930298
0.150367
0.189848
0.095386
0.179813
0.010316
0.309286
1.353803
1.397932
-0.704613
-0.712113
-0.071861
-0.102292
0.223704
0.496941
1.378811
0.800817
-2.505509
-2.355044
0.480460
0.028027
0.474610
0.542154
-0.079972
-0.079796
1.514291
1.564206
0.064627
0.153252
-0.118278
0.048154
0.494467
0.532846
0.555759
0.464682
-0.018766
-0.001946
-0.630267
-1.056401
0.526231
0.620860
0.377591
0.444434
-0.494834
-0.087202
0.925128
-0.423506
-2.181409
-2.232307
-1.400578
-0.967969
-1.086148
0.206992
-0.284793
0.940976
-0.430543
-0.889944
-0.091200
0.388384
1.281116
0.430425
-0.780645
-1.275674
-1.266243
-1.443870
-0.808028
-1.118790
0.402491
0.241464
1.492424
0.696130
0.791042
1.353835
1.282708
1.509404
0.860864
0.584747
0.479804
0.828009
1.216539
0.835199
-0.780104
-1.054936
-0.877736
0.350249
0.893280
0.787280
0.107831
-0.184179
1.856304
-0.350346
-0.698308
0.662462
0.643218
0.882248
-0.436886
-1.093800
0.010500
0.149239
0.499452
-0.367190
-0.484998
-0.204726
0.377232
0.742186
0.283084
-0.853355
-1.544413
-1.716695
-1.976643
-1.585686
-1.236148
0.032262
0.594882
1.711274
0.075559
-0.541901
-0.860088
-0.358459
0.307920
-1.294085
-0.008665
0.400603
1.603536
1.712375
1.406643
1.408200
1.207960
-0.423786
-1.727693
0.636290
0.997756
1.149630
1.083733
1.197185
-0.375324
-0.118723
0.177348
-0.048577
0.640413
0.598665
0.045017
-0.192537
1.776790
2.117483
1.110427
0.641142
0.906936
0.671936
-2.229626
-2.648779
-1.744052
0.631516
0.831727
0.312955
0.376370
0.281051
1.497374
1.260748
1.674361
1.149521
0.773806
0.255071
0.378249
0.149252
0.380516
0.069934
-0.004521
0.179333
-0.245348
0.131918
-0.068351
-0.106307
1.001170
-0.046164
-0.172149
-0.391747
0.550959
0.938368
0.779274
0.684569
-0.613802
-2.074819
-2.076570
-2.041194
-1.597321
0.204362
0.500307
0.497364
-0.358211
-1.027305
-0.992236
-0.848019
-0.162330
0.377787
0.224749
0.139027
-0.111022
1.394871
0.588161
0.617223
0.407700
0.271694
-0.561486
-0.636670
0.330134
0.850859
0.608089
-0.050396
-0.946576
0.240465
-1.425505
-1.461074
0.239783
1.441914
0.139073
-0.812518
-0.639442
0.136110
1.533022
-0.298493
-1.640580
-0.547624
-1.622955
-0.138677
0.297244
-0.564262
0.294888
-0.830421
-1.378485
0.506114
1.187370
0.717831
-1.240434
-1.857757
0.860002
1.978579
0.911762
-1.046730
-0.200546
-0.806152
-0.066515
1.623805
-0.425115
0.678446
1.500961
1.491363
1.290430
0.784286
0.762570
0.582120
1.091469
0.473110
0.483860
0.158914
0.726664
-0.661359
-0.160871
0.276720
0.275099
-1.307110
-1.108577
-0.457765
0.034031
0.716161
0.844351
0.107083
0.009956
1.021124
-0.584371
-0.380103
0.003493
-0.543133
-0.181647
-0.941962
-1.075407
-0.061657
0.807097
0.442281
0.256149
-1.707282
-0.887547
-1.731515
-2.257624
-0.555337
0.050728
0.339104
0.317237
1.350305
2.412308
2.067878
1.237180
-0.625322
-0.010187
0.109857
0.095281
0.340948
-0.045648
0.418013
0.483791
0.216017
0.325915
-0.627508
-0.233142
0.098156
-0.647053
0.267629
-0.662813
-1.081256
0.018211
1.276547
0.665054
0.298094
-2.013661
-1.221128
-1.657751
-2.255613
-1.175858
-0.418986
0.289143
0.298021
1.441090
2.487905
2.218278
1.394182
-0.733118
-0.265309
0.441772
0.365835
0.124515
-0.451422
0.340600
0.897595
0.565904
-0.129939
-0.100954
-0.016140
0.646296
0.427831
0.803547
0.917676
0.755190
0.874184
0.994373
0.961597
0.407678
0.217752
-0.521509
0.401348
0.854710
0.688463
1.103365
1.215532
-0.145301
-0.404364
0.141890
-0.118344
-0.041863
-0.601146
-1.145713
-1.122422
-2.124098
-1.470106
0.107253
0.191619
0.429008
-0.647799
-1.271756
-2.255813
-0.721016
0.719512
-0.129504
-0.004404
0.263591
1.543985
2.180578
1.321177
1.050214
-0.136516
-0.105433
0.176968
-0.297418
-0.830106
-0.218594
-0.058305
0.501882
-0.044452
-0.781074
-0.641356
-1.798030
-0.899788
0.358058
0.816365
0.809619
-0.348693
-0.750681
-1.729901
-0.378582
0.470610
-0.443466
-0.180623
0.170128
2.389166
2.231401
1.667369
1.713609
-0.176929
0.315284
0.381958
0.107164
-0.288104
-0.570146
-0.361831
0.351430
0.967256
1.503899
1.454482
0.725483
0.777643
0.144183
0.216575
0.941475
2.322025
1.148994
-0.194427
0.730925
-1.191765
-0.776829
-1.204111
-2.105200
-0.777339
-1.733765
-0.100667
-0.073341
-0.325044
-0.940174
-0.048922
-0.104605
-0.773739
-0.923388
-1.215660
-0.269405
-0.070038
-0.658244
-0.121758
-0.051742
-0.120942
0.105095
-2.311559
-1.389758
-1.176400
-0.128423
0.316270
0.373887
-0.325313
-0.961711
1.194430
-1.669463
-1.528376
0.478639
1.194345
0.750770
-0.693020
-2.074549
0.432887
1.135118
1.278281
0.018497
0.365800
-0.532854
0.241693
0.766452
0.387991
0.612503
0.723579
0.231666
0.151771
-0.963604
-0.986783
-0.793806
-0.779477
-0.329417
0.582425
0.339161
0.148358
0.391750
0.656288
1.149513
-2.413433
-1.667227
0.875972
1.873994
0.620007
-0.656941
-1.612949
0.392431
1.022589
1.149939
-0.058892
0.293481
-0.586967
0.568355
1.369525
0.280462
0.436550
0.760385
0.602310
0.105203
-1.057247
-1.050283
-0.701416
-0.732563
-0.252227
0.636885
0.205736
0.128506
0.447968
0.747298
1.133975
-2.413115
-1.659670
0.905564
1.825045
0.618647
-0.632126
-1.553152
0.512451
1.052866
1.151923
-0.047900
0.505981
-0.550949
0.562864
1.343099
0.286844
0.440045
0.747969
0.606027
0.106586
-1.015489
-0.993743
-0.753920
-0.742705
-0.267944
0.610985
0.154069
0.093622
0.379135
0.637935
1.069264
-2.422059
-1.636809
0.857520
1.961992
0.667507
-0.695095
-1.657091
0.378880
1.035920
1.157135
-0.024578
0.614498
-0.505824
0.624495
1.410966
0.291941
0.442840
0.770337
0.667300
0.081754
-1.112904
-1.173398
-0.672998
-0.751165
-0.287261
0.688792
0.007711
0.047238
0.555921
1.015408
1.076202
-2.398447
-1.836052
0.995521
1.668883
0.676788
-0.470383
-1.250476
0.768347
1.272510
1.329348
-0.056687
0.877328
-0.397533
0.664247
1.164205
0.328538
0.465933
0.776596
0.617854
0.072863
-0.872938
-1.026131
-1.072815
-0.778736
-0.352263
0.779370
0.459828
0.141421
0.425220
0.793404
0.994388
-2.410579
-1.936106
1.002369
1.894528
0.745622
-0.486345
-1.469201
0.303101
1.136710
1.314219
-0.140635
0.803414
-0.395973
0.568280
1.125597
0.314721
0.449056
0.732501
0.539658
0.006729
-0.942944
-1.039968
-1.005505
-0.769413
-0.341784
0.794772
0.280982
0.071175
0.441432
0.845425
1.105617
-2.351920
-1.961905
1.028727
1.539154
0.670798
-0.450871
-1.397704
0.217773
1.148968
1.341588
-0.134891
0.512992
-0.484667
0.544869
1.098140
0.322674
0.443746
0.653048
0.400972
0.096832
-0.821361
-0.973967
-1.013163
-0.764797
-0.356501
0.752493
0.301587
0.056977
0.379629
0.747920
1.392708
-2.251088
-1.898326
0.973494
2.012386
0.792383
-0.536128
-1.540425
0.413517
1.220543
1.360815
-0.115808
0.993196
-0.335449
0.588580
0.653298
0.197297
0.238856
0.636576
0.334676
0.082854
-0.217982
-1.221360
-0.028339
-0.488372
-0.664482
0.455709
-0.064148
0.048475
0.212256
-1.055080
-0.973577
-2.169886
-2.421897
0.240497
-0.228544
-0.052251
-0.049464
-0.192725
-1.935705
-0.828645
1.349686
0.564951
-0.122422
0.105210
0.620319
0.420270
1.971575
1.777624
0.839862
0.651026
-0.142885
-0.110435
-0.947784
-0.830752
0.655183
0.823370
0.798453
0.104012
0.870773
1.476304
1.804111
0.208178
0.620346
0.340487
-1.379016
0.682598
1.248864
0.915926
0.338729
-1.886218
-2.016648
-0.015285
0.844745
-0.009992
0.769324
0.294056
-0.428906
1.754437
-0.305906
-0.758856
0.283206
0.793526
-0.201737
0.540726
0.681310
0.475553
1.930333
0.459830
-0.252336
0.805187
-0.302508
0.176333
0.558549
0.687801
1.033706
-1.728034
-2.529480
-0.393328
0.997041
0.802657
0.595785
-0.108059
0.467063
2.103668
1.493198
-0.010994
0.234352
0.575005
0.812163
1.482601
-0.883014
0.230582
-0.136006
-1.809920
1.614228
0.584248
-0.079998
0.758663
-0.425833
0.694765
1.886262
1.872268
0.043992
0.405719
0.652732
-1.155643
-0.299799
-0.246259
-0.388373
-0.454800
0.084919
-0.523652
0.632131
-0.577400
-0.904471
-1.504450
-0.006296
0.934003
-0.797336
-2.028487
-0.696665
-0.005181
-0.585411
-0.723120
-1.384698
-1.653920
-1.017284
-1.433132
-1.248512
-0.079231
-0.642760
-0.316371
-0.516001
1.325285
1.397430
0.170881
0.127065
0.183574
0.186051
0.187997
0.135588
0.133850
0.136632
-0.547421
-0.603550
-0.540755
-0.552455
-0.242284
-0.436791
-0.553776
-0.523934
-0.932759
-1.311671
-1.365710
-1.755806
-1.974587
-1.930908
-1.573472
-1.441825
1.223646
1.257155
1.361555
0.558358
-0.578619
0.889243
1.632451
1.676503
0.609664
0.763905
0.463366
0.982096
1.235469
0.702088
0.269855
0.419967
0.974118
0.899942
0.721227
0.756743
0.798868
0.817500
1.398789
1.258145
0.158432
0.222965
0.898527
1.004145
-0.048970
-0.637009
-0.702060
0.304521
0.495517
0.354110
0.116135
-0.352822
-1.678751
-2.246501
-0.912805
-0.163784
0.037352
0.286274
0.566700
-1.398571
-0.423942
1.766966
1.046744
-1.349397
-1.139762
0.592651
0.784100
1.903800
2.060743
0.949034
0.920874
1.037290
1.085057
-0.283111
-0.843839
0.072438
0.187205
-0.101034
-0.459168
-1.034654
-0.039855
-0.733139
-1.119865
0.404422
-0.361997
-0.702844
0.013459
1.327372
-0.001629
0.530807
1.039394
1.325917
1.613365
0.436557
-0.315157
0.211103
0.840323
2.125445
1.655100
0.790632
1.083521
-0.142766
0.000825
-0.005916
-0.217142
-0.818430
-1.191552
-0.884212
-0.222120
-1.566048
-0.522964
-1.030557
-0.818402
-0.098956
-1.231830
-0.784115
0.063762
0.592292
-1.040010
0.482092
1.095725
0.604072
1.067911
0.489891
-0.291339
-0.334028
0.615960
2.430714
2.147898
0.774019
0.942071
0.356751
-0.188458
0.184482
-0.025298
-0.575372
-0.592785
-0.088314
-0.017439
-0.210156
-0.279928
-0.109230
0.237693
0.656083
0.575822
1.285627
1.346600
0.029107
0.009613
-0.274569
-0.040373
0.725489
0.644527
0.828972
0.987716
-0.158747
-0.342400
-0.063252
-0.229985
-0.130276
-0.631074
-1.082349
-1.157027
-2.184612
-1.406437
-0.041186
-0.120800
0.171312
-1.262210
-1.846424
-2.663359
-1.057903
0.747466
-0.012445
-0.106894
0.279558
1.465568
1.711075
0.184225
0.432441
-0.192214
0.016554
0.456109
-0.049821
-0.479746
0.001670
0.432211
0.842995
-0.060162
-0.776470
-0.637517
-2.029577
-0.825693
0.538467
1.063172
0.929259
-1.160772
-1.693255
-2.157027
-0.780306
0.627519
-0.250689
-0.097520
0.382006
2.150522
2.046331
1.036575
0.874294
-0.264003
0.198119
0.676573
0.767498
0.351986
0.250163
0.668719
0.944528
0.979661
1.044310
1.149854
0.819928
1.107256
0.784806
0.793902
1.222648
2.291918
1.708580
1.040987
1.021866
-1.190907
-0.507696
-0.123590
-0.690841
-0.144524
-1.671943
-0.075626
-0.099472
-0.290033
-1.134837
-0.146405
-0.228753
-0.891945
-0.704780
-1.072892
-0.282488
-0.094023
-0.882460
-0.134187
-0.065250
-0.133411
0.156906
-2.357588
-1.403661
-1.182967
-0.131135
0.066818
0.291818
-0.248980
-0.989428
0.937876
-1.748705
-1.645867
0.532603
0.772118
0.720527
-0.640239
-1.948155
0.278059
1.235721
1.459408
-0.024615
0.185365
-0.529050
0.360539
0.615931
0.374035
0.587049
0.768566
0.200510
0.130681
-0.815801
-0.922604
-0.924043
-0.793960
-0.394417
0.676600
0.010466
0.031616
0.389889
0.759224
1.164781
-2.413184
-1.962687
1.001525
1.867432
0.691628
-0.493637
-1.452895
0.121980
1.072617
1.295064
-0.153689
0.376301
-0.520478
0.545441
1.098119
0.284166
0.424710
0.754574
0.510363
0.056232
-0.939739
-1.032917
-0.951151
-0.778871
-0.345232
0.746944
-0.144377
0.006634
0.446758
0.840302
0.774875
-2.500368
-1.955194
1.021838
1.642276
0.641694
-0.473040
-1.374471
0.062907
1.094025
1.345289
-0.138629
0.330064
-0.541956
0.543472
1.053742
0.282142
0.419322
0.744005
0.510592
0.074311
-0.883980
-0.957027
-1.018546
-0.797859
-0.371429
0.717358
0.675363
0.232252
0.358376
0.694657
1.501581
-2.204174
-1.907988
0.952641
2.509557
0.858786
-0.563690
-1.529308
0.830397
1.296814
1.340960
-0.107652
0.885419
-0.357800
0.620806
1.157893
0.360482
0.492327
0.719696
0.490851
0.102070
-0.807403
-0.908746
-0.969930
-0.789622
-0.356216
0.633131
-0.044693
0.121997
0.399012
0.646825
0.994152
-2.383259
-1.850365
0.866777
1.337744
0.618974
-0.594970
-1.661832
0.351598
1.158223
1.295419
-0.101212
0.375414
-0.519995
0.572654
1.186997
0.304162
0.435932
0.753744
0.526461
0.058845
-0.905049
-0.983202
-0.891842
-0.802023
-0.375874
0.739475
0.399288
0.092650
0.370554
0.673861
1.077255
-2.349048
-1.862603
1.021435
1.988282
0.721399
-0.551894
-1.505239
0.452180
1.130860
1.269967
-0.114256
0.516310
-0.465521
0.580668
1.183727
0.283191
0.443019
0.752652
0.579211
0.037566
-0.949215
-1.016561
-0.847264
-0.787006
-0.346944
0.768024
0.250002
0.053439
0.422800
0.772721
1.174976
-2.336394
-1.889101
0.983121
1.632089
0.643269
-0.531022
-1.507600
0.266689
1.163127
1.306101
-0.107869
0.672590
-0.450358
0.569167
1.147628
0.314589
0.455301
0.676688
0.448971
0.083197
-0.877344
-0.950246
-0.938027
-0.776114
-0.332649
0.713848
0.002795
-0.058829
0.343601
0.685580
1.260555
-2.327623
-1.859873
0.941039
1.978055
0.754115
-0.596826
-1.589857
0.593174
1.226060
1.312736
-0.076188
0.824393
-0.403367
0.633544
0.722574
0.132690
0.173275
0.648425
0.264233
-0.005900
-0.288442
-1.221241
-0.154268
-0.563278
-0.639202
0.380193
-0.102410
-0.015116
0.192641
-0.948538
-0.994536
-2.222737
-2.455488
0.171246
-0.451097
-0.283158
-0.088661
-0.200459
-1.837003
-0.782054
1.364217
0.657555
-0.343516
-0.129572
0.848355
0.681157
1.938583
1.793293
0.797961
0.759764
0.081316
0.059797
-0.850268
-0.705651
0.756820
0.779718
0.632204
0.271250
0.966037
1.528551
1.714710
0.015104
0.459129
0.080318
-1.448527
0.593177
1.029715
0.531443
-0.199756
-2.068618
-2.001578
0.203956
1.098865
0.135207
0.581234
-0.277788
-0.977786
1.766534
-0.606533
-1.068675
0.159946
0.702765
-0.250898
0.374120
0.366402
0.245054
2.063694
0.529824
-0.294233
0.447488
-0.287103
0.276535
0.493440
0.356237
0.989236
-1.884192
-2.548106
-0.318530
0.919370
0.879087
0.479136
-0.922521
0.370558
2.257591
1.670343
-0.209861
0.250869
0.724221
0.524036
0.424864
-1.191149
0.308084
0.167869
-1.643002
1.504422
0.429089
-0.456576
0.241036
-0.007843
0.688373
1.695714
0.354666
-1.738479
0.421934
0.526843
-0.836506
0.579049
-0.398994
-0.463714
-0.473908
0.111684
-0.557804
0.541878
-0.256150
-0.362216
-1.469202
-0.306938
1.146517
0.293924
-1.997343
-0.952441
-0.228411
-0.649476
-0.894357
-1.390604
-2.131842
-1.552767
-1.513150
-1.491313
-0.327584
-0.891687
-0.269018
-0.250289
-1.242965
-1.172135
0.070729
-0.010500
0.197502
0.197525
0.069957
0.017600
0.038918
0.035879
-0.781929
-0.816430
-0.585799
-0.619086
-0.312577
-0.496496
-0.504821
-0.576483
-1.367172
-1.478968
-1.404639
-1.804485
-1.978717
-1.866980
-1.611097
-1.529723
1.053867
1.272283
1.398834
0.512127
-0.643652
1.095237
1.651858
1.735453
0.653328
0.702564
0.479836
1.070061
1.354599
0.625539
0.288480
0.477210
0.949762
0.762068
0.639291
0.742471
1.017946
1.189484
1.361155
1.289161
0.338555
0.396661
0.592404
0.933744
0.582428
0.009355
-0.116865
0.263810
0.262249
-0.508897
-0.020965
0.045889
-0.276893
0.560242
0.239244
0.142634
-0.521656
-1.797775
-1.175854
-1.154426
-1.653794
-0.130790
0.145996
0.411538
-0.845976
-0.536836
-2.015000
-2.020338
0.620218
-1.421137
-0.128726
0.163207
0.466661
1.353959
1.291466
1.100549
-0.051563
-1.066199
-0.761611
-0.921638
-1.429775
0.421806
0.458251
0.573539
-0.689285
0.147244
-1.570331
-1.719932
1.436466
-0.935345
0.180304
0.546059
2.057402
1.927438
2.286529
2.153744
1.026279
1.618491
1.033667
0.632522
0.012642
0.802078
0.995662
0.877578
0.784411
0.730156
0.161180
0.007033
1.208092
0.139104
0.637142
0.821141
-1.049053
0.734535
0.432627
0.232976
0.270363
-0.453668
-0.429715
0.082020
0.698658
-0.937514
0.541876
1.099375
1.653558
1.838435
0.402449
-0.322101
0.315085
0.899010
2.018434
1.562825
0.807163
1.112356
-0.117232
-0.032958
0.078994
-0.208463
-0.734349
-1.099921
-0.793093
-0.236446
-1.445811
-0.411746
-0.988700
-0.866237
0.051539
-1.103659
-0.833429
0.003466
0.525591
-1.058057
0.496804
1.139001
0.487473
0.977329
0.499843
-0.271341
-0.265906
0.723577
2.450850
2.116971
1.711803
1.685606
0.300575
-0.349227
0.323680
0.006159
-0.999151
-1.209344
-0.967548
0.102883
0.192075
0.034624
0.095893
0.125507
-0.075981
-1.038798
0.018049
-0.641852
-0.558223
1.098159
-0.107776
0.086215
0.148674
-0.272691
0.113029
-1.287845
-2.474259
-0.453627
0.074291
0.474265
0.710725
0.381120
-1.434088
-0.541680
1.341948
-0.036768
0.226563
0.169220
-0.319711
-0.113811
-1.339524
-1.685783
0.413316
0.389077
0.517045
0.529535
0.617634
-1.455240
-0.328038
1.606050
0.053758
-0.108968
0.221172
0.707967
1.094273
-1.963129
-1.131743
-0.054584
-0.083999
0.208947
0.513252
0.134323
0.059133
1.552212
2.029253
1.342627
-0.102314
0.074710
0.241001
0.915891
-0.927692
-0.017607
0.244344
-0.247707
0.014990
0.131541
0.206047
0.447536
-2.315318
-1.169861
-0.776868
0.293079
0.367141
0.599671
0.031576
-0.872767
1.129545
-1.507833
-1.662935
0.589543
0.916554
0.762575
-0.523060
-1.902426
0.526342
1.352233
1.463882
-0.067133
0.364516
-0.414954
0.285892
0.571336
0.436181
0.654268
0.749195
0.184688
0.174053
-0.805305
-0.926551
-0.949437
-0.771705
-0.337610
0.670502
0.108436
0.081265
0.413028
0.686203
1.179631
-2.368185
-1.839906
0.953874
1.770397
0.639020
-0.568403
-1.533303
0.342788
1.109929
1.258524
-0.135165
0.292448
-0.539371
0.570501
1.192153
0.277481
0.419201
0.755663
0.523226
0.110760
-0.924558
-1.010798
-0.848953
-0.746327
-0.300728
0.708356
0.134240
0.111928
0.456051
0.783549
1.195003
-2.368894
-1.862065
0.993063
1.770759
0.677157
-0.507866
-1.461045
0.501757
1.180637
1.297604
-0.119539
0.510451
-0.496939
0.571891
1.153949
0.306461
0.444117
0.737280
0.524410
0.079211
-0.918201
-0.948199
-0.909891
-0.760425
-0.321289
0.686702
0.032183
0.072985
0.395026
0.651050
1.208906
-2.314732
-1.814082
0.923697
1.664343
0.632731
-0.627266
-1.600100
0.607088
1.213050
1.295004
-0.091885
0.649971
-0.463358
0.641210
1.245577
0.320837
0.456096
0.709635
0.497194
0.043901
-0.932610
-0.936590
-0.777617
-0.764034
-0.325196
0.630215
0.144064
0.144601
0.405616
0.790533
1.244210
-2.359637
-1.871590
0.949591
1.769186
0.690592
-0.539979
-1.507435
0.350861
1.134788
1.297631
-0.074781
0.742631
-0.454417
0.577245
1.195969
0.339472
0.463284
0.638359
0.444252
0.051878
-0.959837
-0.990407
-0.800455
-0.797752
-0.372101
0.720752
0.168073
0.096304
0.467300
0.789175
1.166394
-2.346290
-1.935439
1.008401
2.101631
0.767513
-0.480140
-1.445055
-0.007455
1.023530
1.269724
-0.132028
0.590234
-0.477732
0.534547
1.198836
0.293784
0.432646
0.753982
0.605927
0.085286
-0.931272
-1.099593
-0.947542
-0.770165
-0.339492
0.728431
0.112226
0.063674
0.478355
0.892155
1.223840
-2.354327
-1.954634
0.980198
2.077541
0.793143
-0.440107
-1.323784
0.286260
1.099199
1.291761
-0.109963
0.558295
-0.515393
0.513739
1.113888
0.293146
0.431884
0.688663
0.460805
0.052731
-0.904238
-1.028295
-1.035002
-0.781737
-0.348200
0.719747
0.187991
0.032148
0.407624
0.705562
0.918158
-2.368839
-1.875227
0.967066
1.757564
0.698086
-0.541757
-1.448422
0.649660
1.206638
1.315684
-0.105177
0.553034
-0.477473
0.543040
0.590981
1.098838
0.540404
0.519074
0.230085
0.676011
-1.662848
-0.963155
-0.625025
1.170423
1.276990
0.562328
0.299764
-0.074014
0.235979
0.033267
-0.506512
0.224575
0.059249
0.054251
-0.416725
-0.428558
-0.599507
-0.156753
1.684313
-0.569163
-0.021151
0.282998
-1.632626
-1.386689
-2.272665
-2.442439
-0.469018
-1.609914
-0.372597
0.118402
1.472597
1.433197
1.802410
1.752039
0.843050
1.736538
1.012853
0.511014
0.357331
0.287158
0.519840
0.316385
-0.287771
0.417434
0.084574
-0.097842
0.587715
0.630411
0.889561
0.981798
1.160433
1.300003
1.397153
1.093498
0.525392
0.636379
0.682925
0.738848
0.198222
-0.232151
-0.163005
-0.378229
-0.390945
-0.250051
-0.338258
-0.274704
-0.092212
0.598181
0.687128
0.589539
0.544385
-0.013406
-0.003882
-0.179833
0.124848
0.833289
0.732932
0.772724
0.871761
-0.039771
-0.193666
0.077423
-0.197561
-0.170352
-0.701697
-0.990595
-0.854624
-2.093855
-1.129950
0.244250
0.165944
0.460931
-1.216642
-1.608246
-2.522163
-1.054138
0.886661
0.293196
0.241322
0.385065
1.423542
1.782678
0.272464
0.446990
-0.172808
-0.018225
0.229005
-0.187505
-0.515778
-0.060811
0.315664
0.804361
0.154160
-0.510089
-0.463856
-1.890492
-0.666723
0.729479
1.113679
1.032469
-1.195938
-1.851296
-2.141979
-0.716794
0.604095
-0.138963
0.404808
0.617788
2.001859
2.037396
1.284612
1.019495
-0.430940
0.165111
0.572410
0.491069
0.554155
0.402363
0.511087
0.878144
1.165345
1.255877
0.919119
0.699190
1.058097
0.783286
0.821896
1.142480
2.313972
1.487089
0.715015
0.992745
-1.200474
-0.511337
0.032721
-0.493822
-0.267381
-1.699521
0.114351
-0.029521
-0.325563
-1.007822
-0.073444
-0.246372
-0.898081
-0.750767
-1.093892
-0.279878
-0.093446
-0.696254
-0.011752
-0.063872
-0.132685
0.151638
-2.323351
-1.399895
-1.197829
-0.120585
0.362043
0.390912
-0.258075
-0.993392
1.185705
-1.648502
-1.634703
0.544149
1.089252
0.777296
-0.635865
-1.959181
0.349126
1.207610
1.404444
-0.032380
0.270383
-0.507765
0.313667
0.628084
0.411017
0.633188
0.761005
0.193564
0.149574
-0.854114
-0.976076
-0.896271
-0.795538
-0.385345
0.675519
0.286916
0.141025
0.443870
0.783039
1.245833
-2.353773
-1.910756
1.019753
1.958138
0.690269
-0.467923
-1.428595
0.105765
1.034113
1.257145
-0.159280
0.529333
-0.487613
0.518850
1.129426
0.346179
0.494781
0.756819
0.515830
0.086112
-0.966672
-1.079241
-0.920609
-0.756115
-0.311231
0.744550
0.424237
0.174684
0.471994
0.854939
1.032387
-2.435418
-1.927478
1.033899
2.073223
0.737022
-0.425006
-1.346545
0.377429
1.121044
1.280421
-0.144054
0.239932
-0.566854
0.511247
1.087365
0.308163
0.454986
0.740037
0.516203
0.109525
-0.906993
-1.009797
-0.985540
-0.769171
-0.331429
0.715125
0.094608
0.093575
0.439084
0.716503
1.237757
-2.333873
-1.903311
0.966113
1.607779
0.622069
-0.542919
-1.499301
0.486201
1.150415
1.281200
-0.110217
0.792415
-0.411446
0.586335
1.184651
0.311394
0.454402
0.731021
0.532619
0.044918
-0.927212
-0.971237
-0.941694
-0.762029
-0.326810
0.691294
0.189438
0.069405
0.349206
0.625894
1.147992
-2.281274
-1.825029
0.943345
1.701009
0.664268
-0.551879
-1.508378
0.221107
1.007658
1.235830
-0.026939
0.545462
-0.539541
0.530841
1.229824
0.376263
0.504337
0.722768
0.533092
0.065063
-0.969557
-1.044701
-0.929580
-0.771917
-0.317515
0.727788
0.291084
0.095830
0.442169
0.790717
1.208802
-2.381324
-1.868578
1.013502
1.918345
0.655123
-0.565084
-1.492869
0.413161
1.094842
1.235667
-0.128349
0.704975
-0.426721
0.538191
1.228810
0.304566
0.453910
0.737963
0.577378
0.045869
-1.007808
-1.066971
-0.824760
-0.751585
-0.300087
0.721397
0.236546
0.045446
0.436676
0.807393
0.976232
-2.410437
-1.860572
1.015073
1.731235
0.661060
-0.523599
-1.416884
0.629076
1.149845
1.228652
-0.114822
0.455074
-0.520467
0.523829
1.172121
0.305572
0.449606
0.700180
0.465008
0.058105
-0.939239
-1.003453
-0.870878
-0.748845
-0.304876
0.687719
0.057850
-0.012510
0.399006
0.699321
1.117711
-2.344581
-1.795631
0.931943
1.997365
0.762047
-0.589887
-1.535705
0.614273
1.171565
1.249834
-0.104793
0.626206
-0.452826
0.618862
0.784519
0.223057
0.267103
0.683009
0.341537
0.118060
-0.220919
-1.299948
-0.082601
-0.527374
-0.660895
0.431437
-0.182008
-0.053103
0.182345
-0.976338
-0.978722
-2.240316
-2.428510
0.192978
-0.521604
-0.349951
-0.049617
-0.108648
-1.805923
-0.755337
1.299156
0.534207
-0.245256
-0.094013
0.670495
0.643422
1.935318
1.762552
0.838698
0.766366
0.106135
0.077545
-0.838312
-0.825668
0.635074
0.809949
0.701681
0.112758
0.919464
1.513757
1.472865
0.010420
0.463161
0.232198
-1.017097
0.692128
1.184988
0.628510
-0.123447
-1.764205
-1.814006
0.349684
0.954245
-0.024697
0.432282
-0.463308
-0.973418
1.756063
-0.457594
-0.955404
0.196735
0.834050
0.035819
0.772664
0.785593
0.542457
1.834842
0.718588
0.119857
0.600312
-0.235743
0.307141
0.475134
0.408517
0.984848
-1.828334
-2.522624
-0.146775
0.892147
0.675091
0.623197
0.063655
0.383996
2.174980
1.244980
-0.817934
0.392376
0.644577
0.241799
0.372535
-0.722299
0.508478
0.146841
-1.731788
1.745843
0.611458
-0.220342
0.346648
-0.426213
0.592316
2.030406
1.779689
-0.859117
0.392489
0.372530
-1.610674
0.302323
-0.212028
-0.436606
-0.837281
-0.339421
-0.549101
0.516716
-0.199918
-0.456631
-1.533283
-0.181002
1.032075
-0.409564
-2.032144
-1.270785
-0.410284
-0.298854
-0.805456
-1.395128
-2.588917
-2.006420
-1.485164
-1.282151
-0.475779
-1.033004
-0.262860
-0.473321
0.991880
0.714045
0.045407
0.055398
0.074269
0.054077
0.102295
0.100551
0.008698
0.013478
-0.439258
-0.492358
-0.541255
-0.612764
-0.220264
-0.257416
-0.461438
-0.474977
-1.055238
-1.301617
-1.404784
-1.663234
-1.626470
-1.848271
-1.614031
-1.548326
1.052192
1.237646
1.424368
0.606826
-0.616455
0.976823
1.675344
1.698176
0.416782
0.541581
0.486219
1.008124
1.212900
0.642599
0.315915
0.430244
0.874020
0.834357
0.734792
0.848672
1.201908
1.212335
1.133951
1.100629
0.563308
0.772952
0.470149
0.936277
1.040154
1.096374
-0.820448
-0.548696
0.167247
0.104767
0.259792
0.541105
0.592415
2.502460
-2.277668
-1.880750
-0.871159
-0.296807
0.318053
-0.336549
-0.442589
-0.975583
1.631376
0.548190
-0.298230
0.523796
0.322965
-1.170062
-1.786860
0.101909
0.638024
1.541617
1.742337
0.890211
0.596579
0.895499
1.081798
-0.295971
0.381684
0.469911
-0.378630
-0.984282
-0.237356
-0.762128
-0.056766
-0.991266
-1.192737
0.176738
-0.641314
-0.716657
0.026338
1.141837
-0.270173
0.545759
1.023818
1.301411
1.642889
0.488109
-0.290008
0.157534
0.769499
2.054746
1.582686
0.831987
1.176987
-0.103240
-0.059374
0.093690
-0.055732
-0.785130
-1.051037
-0.793765
-0.204219
-1.466743
-0.316891
-1.002007
-0.761715
0.000057
-1.063666
-0.789608
0.097570
0.549947
-1.033577
0.512012
1.098261
0.673675
1.170879
0.511555
-0.267222
-0.304266
0.657565
2.412418
2.146610
0.777671
0.969050
0.367980
-0.177414
0.238338
-0.026408
-0.567225
-0.605676
-0.104760
-0.037602
-0.218914
-0.287393
-0.110241
0.263658
0.643390
0.567004
1.276886
1.342974
0.012326
-0.004416
-0.164360
0.086192
0.690726
0.690685
0.795077
0.745822
-0.258185
-0.335744
-0.078093
-0.237976
-0.078324
-0.832868
-1.263505
-0.925212
-2.036588
-1.275468
0.100870
0.300779
0.540776
-1.294337
-1.864224
-2.728752
-0.985962
0.951777
0.154213
0.013065
0.298516
1.457688
1.945001
0.425588
0.419143
-0.211522
-0.089152
0.109109
-0.197186
-0.478441
-0.010059
0.264557
0.715480
-0.179349
-0.844637
-0.394471
-1.896296
-0.843015
0.517517
0.880427
0.853798
-1.208069
-1.756494
-2.722704
-1.069768
0.729541
-0.022101
0.399847
0.706402
2.085215
2.035291
0.902203
0.729099
-0.391387
0.270993
1.010654
0.905488
0.337190
-0.034586
0.369658
0.874803
0.996647
0.825127
0.738837
0.759638
0.885327
0.454693
0.493954
1.044498
2.467785
1.731478
0.975654
1.240307
-1.056598
-0.335887
0.468240
-0.115147
-0.262139
-1.692645
0.001970
-0.111034
-0.328245
-1.010750
-0.106476
-0.210599
-0.884602
-0.514378
-0.970909
-0.282869
-0.096334
-0.804348
-0.084438
-0.064228
-0.139604
0.160559
-2.309062
-1.407348
-1.183016
-0.107334
0.360929
0.382520
-0.244202
-0.997863
1.056056
-1.697546
-1.665822
0.590969
1.158177
0.752383
-0.567590
-1.919048
0.402951
1.205053
1.370842
-0.063846
0.295973
-0.503157
0.240036
0.578093
0.398558
0.620347
0.725630
0.172965
0.143299
-0.896928
-0.994947
-0.921208
-0.789632
-0.366681
0.646849
0.245803
0.100533
0.411288
0.698828
1.213315
-2.336735
-1.803976
0.970712
2.073417
0.701418
-0.526576
-1.505285
0.413504
1.075825
1.201240
-0.140129
0.413190
-0.517918
0.541377
1.218470
0.289749
0.441023
0.744939
0.527817
0.104056
-0.985781
-1.061058
-0.822768
-0.798611
-0.343056
0.705658
0.236798
0.130523
0.476365
0.806714
1.049169
-2.420509
-1.828132
1.010598
1.861578
0.639038
-0.515182
-1.432856
0.335762
1.082614
1.226866
-0.124435
0.549386
-0.487883
0.539427
1.183695
0.317762
0.465052
0.728507
0.529079
0.106405
-0.944476
-0.997259
-0.881562
-0.778474
-0.328827
0.679515
0.324158
0.139436
0.399775
0.678993
1.191542
-2.304835
-1.767405
0.954470
2.062039
0.696198
-0.599581
-1.561145
0.364253
1.091819
1.216913
-0.096546
0.570752
-0.469420
0.605212
1.269135
0.318781
0.462473
0.740031
0.570438
0.058605
-0.987741
-1.010122
-0.728925
-0.788544
-0.345650
0.662916
0.140788
0.108318
0.455126
0.864411
1.179948
-2.359891
-1.860045
0.996995
1.576096
0.598054
-0.533295
-1.441886
0.219160
1.114417
1.277668
-0.079362
0.820161
-0.421010
0.567223
1.126812
0.324273
0.465613
0.712550
0.526500
0.091462
-0.889507
-1.000705
-0.861771
-0.771521
-0.349479
0.742969
0.271687
0.060239
0.410495
0.748807
1.291994
-2.292325
-1.899753
1.010973
1.959533
0.738961
-0.509116
-1.433628
0.263720
1.045689
1.233534
-0.103014
0.788591
-0.428288
0.554321
1.156440
0.249479
0.404286
0.728192
0.497615
0.039553
-0.941013
-1.030394
-0.857781
-0.757295
-0.311821
0.734067
0.056964
0.010417
0.439930
0.857979
1.184032
-2.398886
-1.936973
1.055541
1.916134
0.714734
-0.478201
-1.415269
0.415501
1.177173
1.310076
-0.106795
0.741404
-0.425735
0.543300
1.120260
0.292112
0.436660
0.716904
0.506325
0.068221
-0.886365
-0.975773
-0.939943
-0.778817
-0.341893
0.717008
0.104163
0.017410
0.406426
0.717998
1.246928
-2.359996
-1.893280
0.957019
2.242733
0.821161
-0.569072
-1.540783
0.402801
1.147080
1.283030
-0.132203
0.801536
-0.377978
0.612044
0.707252
0.236585
0.283139
0.662625
0.397256
0.127786
-0.171565
-1.095493
-0.028630
-0.532335
-0.740393
0.364504
-0.181954
-0.089294
0.150860
-1.070906
-0.936443
-2.160365
-2.438940
0.074530
-0.523965
-0.349838
-0.086724
-0.156555
-1.887940
-0.806603
1.384922
0.603467
-0.301529
-0.116056
0.870426
0.903942
2.048211
1.887773
0.837306
0.749958
0.119119
0.114172
-0.808319
-0.727105
0.714424
0.934161
0.892588
0.273657
0.951784
1.447986
1.497292
-0.066510
0.514922
0.260549
-1.341578
0.501075
1.009209
0.615471
-0.028864
-2.059401
-2.031768
0.180921
0.941690
0.015339
0.511267
-0.413822
-1.305296
1.555514
-0.447304
-0.930439
0.136341
0.732440
0.000279
0.591595
0.423682
0.191490
1.860622
0.525245
-0.140031
0.370830
-0.260059
0.151154
0.383664
0.687196
1.000902
-1.683849
-2.024104
0.612127
1.036350
0.902320
0.805959
0.182873
0.310578
2.181668
1.544544
-0.387458
0.929503
1.064448
0.688454
1.317378
-0.725338
0.545332
0.089088
-2.093659
1.522670
0.511566
-0.249250
0.440343
-0.011641
0.761247
1.804188
0.404463
-1.589717
0.401259
1.087726
-0.246861
-0.129208
-0.350532
-0.374050
-0.235609
0.323922
-0.557804
0.886764
-0.148248
-0.665074
-1.469202
0.111173
1.524881
-0.083835
-1.997343
-0.789216
-0.232864
-0.788517
-0.894357
-1.390604
-2.199692
-1.623745
-1.513150
-1.481306
-0.231146
-0.374289
0.064160
-0.232131
-0.201933
-0.291051
0.115568
0.079029
0.248882
0.251404
0.285822
0.225733
-0.001746
-0.002260
-0.633247
-0.672947
-0.635937
-0.680336
-0.332567
-0.484523
-0.546547
-0.609476
-1.314276
-1.476982
-1.407191
-1.764897
-1.933890
-1.920110
-1.618455
-1.543391
1.070499
1.296477
1.318826
0.542685
-0.551586
0.921447
1.669273
1.693037
0.566622
0.734639
0.504067
1.067553
1.376101
0.754311
0.368448
0.508752
1.016184
0.937842
0.727426
0.908601
1.278951
1.298892
1.342574
1.329201
0.482776
0.341798
0.547259
0.965738
0.612552
0.234704
0.095337
0.167978
0.227412
-0.358813
-0.020454
-0.014363
-0.317960
0.387372
0.150260
0.129006
-0.513738
-1.882846
-1.151909
-1.056808
-1.562607
-0.113770
0.177727
0.426393
-0.944455
-0.366633
-1.891140
-2.101851
0.490462
-1.379709
-0.208917
0.008358
0.314310
1.048077
1.109436
1.060759
-0.047277
-1.129961
-0.812283
-0.910771
-1.312275
0.503867
0.498686
0.595062
-1.094138
-0.153556
-1.575920
-1.765158
1.375235
-1.024451
0.149532
0.537192
1.783575
1.683019
2.199606
2.086262
1.049551
1.703278
1.100021
0.646302
0.174475
1.069274
0.995893
0.865781
0.762403
0.706866
0.069904
-0.060703
1.346075
0.158614
0.645224
0.818390
-0.889859
0.781374
0.427850
0.250164
-0.114162
-0.636925
-0.347463
0.083014
0.389926
-1.205090
0.548652
1.116173
1.659119
1.862866
0.371405
-0.349000
0.262070
1.004995
2.083587
1.551943
0.785532
1.110871
-0.202152
-0.043373
-0.100670
-0.395861
-0.841147
-1.160991
-0.979201
-0.282195
-1.512069
-0.543981
-1.068519
-0.836115
-0.092395
-1.173836
-0.814715
0.045153
0.543430
-1.100269
0.485239
1.113972
0.667496
1.107105
0.468719
-0.311705
-0.368482
0.620192
2.433882
2.110129
1.560676
1.510647
0.305033
-0.292882
0.350319
0.007178
-0.925376
-1.135209
-0.954264
0.160962
0.231444
-0.555743
-0.594709
0.077088
0.074536
0.061795
0.208443
-0.687950
-0.756004
0.337830
0.134087
0.215974
-0.032098
-1.126002
0.245429
-1.141426
-2.616272
-0.813604
-0.008179
0.168904
0.234587
0.691105
-1.410004
-0.487478
2.122828
0.253931
0.246258
0.649987
0.864411
0.085571
-1.287123
-1.516191
0.691341
0.293365
0.555713
0.362792
0.119967
-1.511280
-0.345656
1.769813
0.300675
-0.196985
0.127718
0.590556
1.165321
-2.131039
-1.466179
-0.273163
-0.338590
0.226259
0.586673
0.663748
0.324738
1.608145
2.149415
1.572949
-0.149915
-0.009204
0.215475
0.491282
-1.087106
-0.004600
0.229765
-0.145927
0.077346
0.115590
0.171085
0.403026
-2.428265
-1.202860
-0.751659
0.275469
0.349961
0.603637
-0.016429
-0.862112
1.201460
-1.491049
-1.618721
0.547021
1.110028
0.832556
-0.640747
-1.993338
0.459618
1.306008
1.437881
-0.028932
0.306289
-0.439655
0.369758
0.677155
0.416909
0.646489
0.771253
0.200145
0.203686
-0.785118
-0.924087
-0.856901
-0.773730
-0.339745
0.684324
0.177518
0.090128
0.417309
0.756487
1.103601
-2.411304
-1.872272
1.007379
2.045980
0.708995
-0.522627
-1.480168
0.436993
1.114127
1.235280
-0.150511
0.406621
-0.510551
0.558676
1.161727
0.274878
0.427337
0.759095
0.515455
0.104801
-0.941965
-1.037751
-0.878689
-0.753658
-0.307831
0.737779
0.321831
0.155447
0.461245
0.817107
1.211884
-2.369648
-1.894583
1.025697
1.855921
0.679008
-0.487880
-1.396308
0.451499
1.172062
1.291006
-0.130209
0.302297
-0.552161
0.545051
1.119209
0.289247
0.437688
0.740233
0.516187
0.102828
-0.905568
-0.971767
-0.941104
-0.760698
-0.321514
0.711431
0.399047
0.151090
0.374126
0.679369
1.244373
-2.333176
-1.849425
0.959463
1.889566
0.685192
-0.586112
-1.540696
0.404172
1.145686
1.277614
-0.103753
0.590355
-0.461780
0.622490
1.215423
0.294540
0.445692
0.724094
0.513340
0.023208
-0.927631
-0.917822
-0.877782
-0.768808
-0.329631
0.730300
0.335610
0.103569
0.347078
0.637510
1.110237
-2.379893
-1.824140
0.954981
1.969049
0.693135
-0.624782
-1.607095
0.211233
1.064367
1.251620
-0.046871
0.775024
-0.455367
0.578382
1.205663
0.306182
0.464461
0.703547
0.470497
0.047996
-0.954668
-0.946820
-0.738874
-0.776998
-0.332494
0.703634
0.318135
0.109978
0.420264
0.731988
1.172947
-2.388961
-1.824913
0.986447
2.194060
0.769149
-0.580751
-1.554239
0.420313
1.096126
1.228542
-0.130846
0.731934
-0.427925
0.577013
1.241393
0.263463
0.431991
0.755962
0.574450
0.020112
-0.998994
-1.062483
-0.867134
-0.743922
-0.297441
0.718817
0.037450
-0.009356
0.439128
0.762145
1.213215
-2.315078
-1.820738
1.005641
1.790043
0.670972
-0.555195
-1.481993
0.318439
1.112137
1.251999
-0.108436
0.492928
-0.511428
0.562799
1.226367
0.297584
0.453316
0.754246
0.564706
0.034992
-0.944620
-0.966873
-0.865571
-0.729520
-0.287178
0.620201
0.454700
0.169969
0.384186
0.651541
1.298189
-2.278632
-1.789776
0.958621
1.906836
0.703646
-0.635094
-1.623868
0.399838
1.159462
1.273412
-0.077546
0.858856
-0.407763
0.633942
0.730728
0.341411
0.329965
0.468124
0.186302
0.478259
-1.780593
-1.130265
-0.759209
0.535098
1.026741
0.406063
0.262991
0.086734
0.309315
0.074865
-0.613867
0.058399
0.075828
0.184985
-0.149507
-0.331204
-0.670506
-0.242127
1.762319
-0.629704
-0.022921
0.370380
-1.542159
-1.485256
-2.232496
-2.404416
-0.499180
-1.634383
-0.369703
0.136871
1.506813
1.408190
1.736821
1.783240
1.166506
1.441054
0.874003
0.515479
0.491763
0.327132
0.575139
0.358486
-0.401406
0.528348
0.102489
-0.119708
0.551110
0.648589
0.872936
0.946917
1.100294
1.157941
1.330594
1.084085
0.481248
0.676124
0.735739
0.883049
0.397249
-0.227194
-0.163481
0.015626
0.010507
-0.250051
-0.338258
0.123262
0.306359
0.598181
0.687128
0.512313
0.464009
-0.013406
-0.003882
-0.079809
0.223642
0.843840
0.757404
0.837561
0.975496
0.019210
-0.124521
0.107715
-0.226677
-0.179632
-0.694654
-0.972406
-0.954702
-2.169497
-1.340370
0.063338
0.292268
0.504529
-1.350041
-1.960563
-2.397644
-0.701148
0.809411
0.049737
0.298654
0.421504
1.380064
1.862752
0.631541
0.543210
-0.220768
-0.034850
0.374764
-0.080713
-0.443933
0.085785
0.439976
0.860884
-0.139139
-0.867276
-0.360229
-1.831580
-0.789107
0.616347
0.704783
0.722169
-0.942329
-1.564382
-2.624596
-1.037713
0.858040
0.006124
0.079760
0.410974
2.082387
1.913700
0.974218
0.985940
-0.404766
-0.153458
0.111112
0.409270
0.378236
-0.050860
0.230946
0.926588
1.011088
1.296854
1.226347
0.648375
0.899896
0.323274
0.316867
1.050024
2.553926
1.966005
0.946660
0.985471
-1.101778
-0.528708
-0.536502
-0.938830
-0.394587
-1.688905
-0.089669
-0.193768
-0.284101
-0.961975
-0.071824
-0.219230
-0.919003
-1.030652
-1.247986
-0.280520
-0.104605
-0.869480
-0.126171
-0.063395
-0.130433
0.155262
-2.290291
-1.400471
-1.181211
-0.095925
0.164896
0.310056
-0.262345
-0.989167
0.818309
-1.798240
-1.630358
0.575490
1.068717
0.732434
-0.609732
-1.958996
0.145801
1.127706
1.371601
-0.057374
0.241741
-0.522086
0.267550
0.622448
0.331193
0.555692
0.727522
0.178384
0.153696
-0.880024
-0.954809
-0.881729
-0.788802
-0.364199
0.635532
0.176250
0.083302
0.394861
0.662731
1.096516
-2.433155
-1.812620
0.961871
1.986355
0.653517
-0.608924
-1.553186
0.113182
1.036090
1.225174
-0.133173
0.189542
-0.570264
0.559811
1.245828
0.250285
0.404337
0.745686
0.526792
0.101738
-0.980875
-1.029166
-0.785869
-0.758457
-0.301207
0.689629
0.193730
0.074260
0.412113
0.763289
0.959685
-2.491090
-1.816049
0.998081
1.752172
0.629691
-0.556525
-1.485733
0.114419
1.048131
1.236125
-0.124652
0.181278
-0.584994
0.556261
1.213696
0.258566
0.409074
0.727953
0.528332
0.121030
-0.923458
-0.962343
-0.842352
-0.765675
-0.314539
0.672257
0.375566
0.164487
0.381957
0.644391
1.335883
-2.294818
-1.785792
0.942049
2.089315
0.706423
-0.650291
-1.609734
0.279311
1.098874
1.244951
-0.090760
0.734267
-0.419886
0.616311
1.297159
0.291534
0.444827
0.680095
0.454648
0.060226
-0.959271
-0.955823
-0.727093
-0.772510
-0.320243
0.653092
0.144187
0.092417
0.405747
0.739636
1.181711
-2.344157
-1.788547
0.931837
1.630594
0.644075
-0.570119
-1.549662
0.291453
1.095025
1.253543
-0.088583
0.583783
-0.486321
0.555225
1.217120
0.247118
0.401165
0.725705
0.519719
0.042049
-0.984162
-1.029316
-0.819180
-0.800246
-0.352504
0.757979
0.113901
0.000307
0.455666
0.780716
1.260762
-2.309866
-1.872724
1.011838
2.020600
0.716203
-0.515499
-1.492768
0.137182
1.041328
1.226615
-0.118078
0.596451
-0.465437
0.511732
1.205081
0.282717
0.451870
0.767818
0.591200
0.032123
-1.009647
-1.091710
-0.860826
-0.764195
-0.298908
0.712460
0.201721
0.088115
0.501145
0.836968
1.134990
-2.353462
-1.887284
1.031282
1.748671
0.694483
-0.439899
-1.375475
0.342487
1.097196
1.249967
-0.130491
0.771337
-0.415351
0.509749
1.173514
0.300831
0.455707
0.754557
0.581579
0.027490
-0.976831
-1.049382
-0.972294
-0.796492
-0.336126
0.711071
0.389431
0.105135
0.441936
0.729375
0.953269
-2.423831
-1.839574
0.916936
1.847384
0.751686
-0.534457
-1.485607
0.105941
1.026255
1.246568
-0.128726
0.486701
-0.470358
0.603861
0.752555
0.191584
0.239899
0.697734
0.340299
0.021751
-0.304113
-1.271290
-0.099196
-0.542121
-0.685662
0.313028
-0.173921
-0.112032
0.123775
-0.965650
-0.950623
-2.241728
-2.428143
0.381751
-0.546970
-0.366937
-0.020423
-0.044340
-1.829284
-0.744118
1.322768
0.616755
-0.321511
-0.142658
0.673130
0.599108
1.974492
1.803587
0.889521
0.663783
0.005432
-0.023686
-1.147583
-0.854630
0.724596
0.825994
0.752353
0.242927
0.961503
1.412965
1.462376
0.040333
0.524533
0.340641
-1.198406
0.542674
1.017360
0.503028
-0.267824
-1.978988
-1.959224
0.002167
0.556765
-0.078637
0.395056
-0.358244
-0.898464
1.733891
-0.395494
-1.028262
0.029590
0.706397
-0.159540
0.368916
0.365140
0.117589
1.610997
0.472474
-0.152601
0.449336
-0.210415
0.098565
0.319587
0.534368
0.923092
-1.781624
-2.323108
0.340127
1.106760
0.864793
0.703448
-0.021867
0.265577
2.282936
1.613545
-0.493178
0.521228
0.753300
0.353489
0.574407
-1.043910
0.462731
-0.099907
-2.358056
1.630198
0.531063
-0.157519
0.629087
-0.070850
0.840668
1.972268
0.796886
-1.266325
0.544242
0.779586
-0.717770
0.260428
-0.296491
0.003304
0.101907
0.247872
-0.549101
0.477670
-0.735090
-1.018391
-1.533283
-0.610816
0.516843
-0.293254
-2.032144
-0.460844
0.472146
-0.331813
-0.805456
-1.395128
-2.613477
-2.030698
-1.485164
-1.424897
-0.359774
-1.260653
-0.717820
-0.381799
-0.211105
-0.070394
0.110445
0.030711
0.183349
0.171568
0.060940
0.028519
-0.007291
-0.009728
-0.709138
-0.745802
-0.593047
-0.635398
-0.425062
-0.591956
-0.569642
-0.626145
-1.384063
-1.583016
-1.493732
-1.855336
-1.991341
-1.990997
-1.646420
-1.618727
0.971995
1.306476
1.316853
0.531312
-0.621805
0.858253
1.587423
1.634810
0.570826
0.688779
0.429624
1.032570
1.376688
0.624270
0.264415
0.381158
0.773790
0.739433
0.704353
0.814746
1.111892
1.133074
1.270050
1.245062
0.541429
0.678645
0.358125
0.838137
1.045351
1.064826
-0.764231
-0.473206
0.183083
0.129462
0.248363
0.522692
0.576042
2.501977
-2.407848
-2.047848
-0.928517
-0.297449
0.497703
-0.227873
-0.469945
-0.976358
1.582896
0.436903
-0.397245
0.522971
0.428158
-1.064972
-1.684683
0.035946
0.728310
1.627437
1.791266
0.867792
0.518036
0.832559
1.075933
-0.431317
0.140801
0.335552
-0.499329
-1.075414
-0.081598
-0.588924
-0.185926
-1.009137
-1.130931
0.218253
-0.662455
-0.681640
0.028734
1.200022
-0.208702
0.581330
1.026866
1.316873
1.630578
0.411198
-0.339905
0.108297
0.756496
2.017921
1.580757
0.754418
1.013578
-0.203068
-0.072197
0.043055
-0.158354
-0.819408
-1.163906
-0.859488
-0.269255
-1.528843
-0.495633
-1.034255
-0.712425
0.002561
-1.160018
-0.758017
0.090451
0.624390
-0.970905
0.536278
1.075531
0.696129
1.162602
0.476682
-0.322395
-0.349227
0.652580
2.424002
2.167988
0.703983
0.900923
0.348822
-0.165280
0.257154
-0.030761
-0.571884
-0.600835
-0.096635
-0.019716
-0.224261
-0.287419
-0.109643
0.266529
0.645379
0.567004
1.275816
1.341014
0.015162
-0.004416
-0.218020
0.030642
0.682820
0.600333
0.748171
0.956322
-0.133136
-0.294650
0.017329
-0.223607
-0.121788
-0.868614
-1.342476
-1.176197
-2.248788
-1.337430
-0.007284
0.094199
0.376120
-1.320040
-1.890593
-2.518826
-0.770375
0.851896
0.001123
-0.157879
0.273104
1.415172
1.851431
0.619528
0.605128
-0.042256
0.108318
0.460336
-0.027324
-0.499925
0.009428
0.302586
0.748355
-0.141410
-0.868254
-0.603167
-2.072613
-0.838398
0.485314
0.728044
0.710019
-1.169833
-1.717773
-2.441244
-0.788600
0.662710
-0.171141
0.139389
0.480179
1.921467
1.703263
0.967764
0.957781
-0.341568
0.072221
0.647009
0.750576
0.371139
-0.013602
0.332957
0.916544
0.978772
0.883074
0.945289
0.812172
0.948742
0.563678
0.696872
1.141562
2.225512
1.688782
0.757068
0.730512
-1.119952
-0.270830
0.329744
-0.363378
-0.159452
-1.706424
-0.102609
-0.144776
-0.306471
-1.212532
-0.201265
-0.257748
-0.937038
-0.783827
-1.120096
-0.282027
-0.100310
-0.719110
-0.029926
-0.064567
-0.115611
0.161525
-2.302503
-1.408358
-1.160108
-0.089835
0.384076
0.391760
-0.288170
-0.970623
1.107824
-1.708714
-1.618105
0.555921
1.342049
0.804328
-0.673540
-2.010019
0.373892
1.173991
1.337024
-0.038219
0.329365
-0.494713
0.311798
0.690803
0.343246
0.577541
0.749757
0.193861
0.148633
-0.901714
-0.991334
-0.832342
-0.774662
-0.351785
0.660161
0.350710
0.143656
0.434787
0.766867
1.231393
-2.369370
-1.853895
1.025537
1.899507
0.642442
-0.509571
-1.455656
0.106804
1.002529
1.215431
-0.156839
0.363650
-0.527508
0.529075
1.188275
0.266641
0.429651
0.762462
0.520263
0.094278
-1.005494
-1.094703
-0.851212
-0.752427
-0.295918
0.729143
0.124808
0.079118
0.486069
0.839044
1.283003
-2.333409
-1.858024
1.036383
1.894232
0.665983
-0.463988
-1.375168
0.340346
1.093440
1.244736
-0.146161
0.281871
-0.553991
0.526101
1.153486
0.282960
0.442366
0.747670
0.521094
0.114894
-0.947863
-1.026829
-0.911404
-0.775180
-0.325663
0.699697
0.002418
0.053405
0.443714
0.706048
1.316313
-2.314442
-1.855239
0.973882
1.987788
0.681299
-0.563941
-1.514105
0.300965
1.069474
1.232513
-0.117558
0.548207
-0.458719
0.608629
1.245940
0.305898
0.458771
0.755953
0.554672
0.084776
-0.933846
-0.957345
-0.812114
-0.765196
-0.321193
0.694058
0.201475
0.070633
0.366532
0.674454
1.167255
-2.396831
-1.833419
0.957085
1.991371
0.692098
-0.583499
-1.601096
0.483831
1.089009
1.194570
-0.074039
0.630134
-0.481266
0.556795
1.238780
0.264122
0.429346
0.694685
0.438770
0.053117
-1.019156
-0.992488
-0.683591
-0.764663
-0.317682
0.683628
0.395655
0.160722
0.454729
0.716762
1.058221
-2.401342
-1.800183
0.968577
1.493571
0.601815
-0.562582
-1.504627
0.459094
1.045541
1.174952
-0.123288
0.565233
-0.470269
0.557824
1.313897
0.295292
0.442994
0.717434
0.529802
0.049962
-1.057477
-1.088702
-0.798813
-0.749890
-0.292622
0.737644
0.137326
0.001790
0.455434
0.775453
1.104646
-2.341112
-1.788312
1.022217
1.983605
0.691840
-0.532359
-1.502590
0.201111
1.061964
1.207063
-0.095095
0.388903
-0.522105
0.537605
1.234708
0.262965
0.418658
0.724048
0.515862
0.100341
-0.945387
-1.019339
-0.839948
-0.756370
-0.309574
0.648888
0.071904
0.000340
0.388715
0.699555
1.274569
-2.300610
-1.742914
0.976414
2.067072
0.690570
-0.639263
-1.585783
0.201675
1.036650
1.204817
-0.123636
0.685230
-0.430387
0.620085
0.792230
0.084464
0.132398
0.664779
0.193825
0.070080
-0.212506
-1.288028
-0.031816
-0.455125
-0.623607
0.413289
-0.158628
0.076700
0.340956
-0.944233
-0.922679
-2.110852
-2.401221
0.106177
-0.522827
-0.361597
-0.069259
-0.081802
-1.808779
-0.775128
1.302728
0.539254
-0.260420
-0.093642
0.674955
0.575533
1.919929
1.742466
0.817097
0.765153
-0.000207
-0.004128
-0.956673
-0.845644
0.659993
0.822775
0.803220
0.396944
1.051322
1.425956
1.460767
0.049229
0.457856
0.284784
-1.002179
0.476107
0.942955
0.589456
-0.048816
-1.930324
-1.931831
0.091007
0.895947
0.179073
0.443906
-0.495113
-1.238249
1.610133
-0.541022
-0.895757
0.288018
0.802943
0.064761
0.673654
0.499039
0.360645
1.726423
0.166952
-0.466021
0.147498
-0.732151
-0.238727
0.119723
0.417534
1.066408
-1.837774
-2.586885
-0.383554
1.238319
1.111945
0.780906
-0.132368
0.129180
2.168328
1.756241
-0.272844
0.073767
0.396670
0.509280
1.077877
-0.821095
0.307218
0.182690
-1.058332
1.713628
0.730086
-0.109508
0.754549
-0.538265
0.517261
1.830351
1.072737
-1.100579
0.379134
0.411905
-0.920881
0.190979
-0.446980
-0.102643
0.138750
0.418180
-0.557804
0.414259
-1.205851
-1.252618
-1.469202
-0.477650
1.561707
0.588973
-1.997343
-0.540537
-0.288951
-1.326518
-0.894357
-1.390604
-1.990467
-1.483683
-1.513150
-1.486655
-0.451252
-0.666245
0.053371
-0.271410
-1.068023
-0.894936
0.092551
0.010195
0.214904
0.211559
0.149812
0.097598
0.134046
0.123344
-0.743225
-0.762716
-0.597802
-0.616987
-0.301827
-0.513687
-0.590719
-0.639549
-1.421951
-1.655639
-1.482521
-1.843230
-1.860672
-1.787330
-1.582464
-1.606476
0.882558
1.328418
1.458546
0.588621
-0.648193
1.067024
1.603824
1.710704
0.608831
0.559551
0.368705
0.975018
1.412502
0.653245
0.214277
0.299012
0.783656
0.887722
0.699293
0.809896
1.123755
1.380150
1.305383
1.296716
0.621214
0.335986
0.499267
1.025378
0.693769
0.163936
0.033137
0.242656
0.178685
-0.593580
-0.062668
-0.040112
-0.446642
0.281630
0.131638
0.127618
-0.498436
-1.891615
-1.266764
-1.159014
-1.648336
-0.045066
0.147155
0.328449
-1.050088
-0.494215
-1.945321
-2.006092
0.613369
-1.717454
-0.316668
0.020538
0.268963
0.995207
1.053535
0.997916
-0.063939
-1.088934
-0.817993
-0.919538
-1.424436
0.406589
0.434371
0.539248
-1.305479
-0.369520
-1.670832
-1.810158
1.474102
-1.054772
0.094546
0.551340
2.160083
1.852993
2.204129
2.110322
1.217496
1.931715
1.093435
0.605751
0.214691
0.984586
0.881975
0.812669
0.820333
0.621531
0.103411
-0.026292
1.199636
0.178316
0.664349
0.781009
-0.990708
0.770829
0.385923
0.222632
-0.159004
-0.746399
-0.355146
0.087829
0.800709
-0.933381
0.588220
1.094258
1.755197
1.903442
0.409175
-0.352383
0.296176
0.909972
1.933087
1.477667
0.798053
1.119549
-0.201615
-0.115864
-0.021167
-0.340159
-0.793648
-1.160768
-0.788494
-0.311879
-1.645744
-0.545404
-1.023531
-0.761105
-0.027925
-1.152020
-0.794530
0.034555
0.593638
-1.029591
0.544833
1.066234
0.646657
1.085676
0.488031
-0.315362
-0.301993
0.618963
2.380870
2.054527
1.519607
1.539410
0.291277
-0.334082
0.268570
-0.078305
-0.965373
-1.220922
-0.873607
0.084974
0.166512
-0.454150
-0.418056
0.052209
-0.017156
-0.400172
0.154591
-0.695004
-0.792146
-0.072943
0.240371
0.338732
-0.010386
-0.846710
0.075308
-1.337955
-2.565720
-0.629053
0.022715
0.210709
0.331850
0.482482
-1.427272
-0.438275
1.825658
0.015904
0.107890
0.250439
0.256631
-0.122476
-1.482766
-1.689022
0.514588
0.276250
0.425107
0.370455
0.140471
-1.465799
-0.259325
1.422935
-0.186302
-0.042598
0.363142
0.803962
1.499519
-1.972818
-1.366616
-0.322069
-0.837606
0.387912
0.724911
0.521437
0.309662
1.396343
1.885442
1.304045
-0.115817
0.271695
0.357023
0.830400
-0.986657
0.077826
0.363312
-0.129211
0.107377
0.159653
0.217544
0.382266
-2.365153
-1.157212
-0.750345
0.283754
0.319747
0.596742
0.014129
-0.861183
1.279034
-1.443293
-1.632049
0.601667
1.053863
0.757165
-0.564734
-1.967459
0.323232
1.180154
1.365071
-0.074742
0.215617
-0.485123
0.240578
0.650752
0.427149
0.664341
0.727371
0.178436
0.193221
-0.887891
-0.988585
-0.854915
-0.762969
-0.306262
0.654238
0.217629
0.097852
0.439330
0.701723
1.160713
-2.392952
-1.773321
0.979332
2.143805
0.662795
-0.573188
-1.526678
0.237099
1.021742
1.181473
-0.138594
0.428216
-0.518260
0.536995
1.269404
0.280300
0.442573
0.747299
0.530865
0.103434
-1.032872
-1.070352
-0.762234
-0.746943
-0.279129
0.694271
0.107812
0.077617
0.478220
0.789399
1.240227
-2.344881
-1.764298
1.012478
2.079187
0.660091
-0.540253
-1.459853
0.356999
1.051555
1.182655
-0.128819
0.374974
-0.535368
0.532978
1.238944
0.280665
0.440081
0.733045
0.532451
0.141713
-0.955503
-1.007729
-0.816795
-0.768155
-0.306293
0.669659
0.261908
0.116260
0.407549
0.673008
1.177910
-2.337397
-1.730805
0.954985
2.074772
0.671871
-0.618433
-1.581056
0.310361
1.059441
1.196097
-0.097147
0.512365
-0.474305
0.600194
1.317458
0.269560
0.418462
0.704907
0.497623
0.068144
-1.040028
-1.080660
-0.746853
-0.789869
-0.332758
0.756018
0.486204
0.151828
0.479881
0.846625
1.073296
-2.389163
-1.815797
1.006351
2.076569
0.736772
-0.519887
-1.424666
0.089272
1.072725
1.272625
-0.095792
0.743573
-0.422786
0.609211
1.224471
0.293490
0.419279
0.731687
0.542130
0.097057
-0.885386
-0.985983
-0.889984
-0.781369
-0.350208
0.721084
0.221814
0.083476
0.414015
0.733073
1.261024
-2.311447
-1.848174
0.957480
2.051244
0.756872
-0.557228
-1.517126
0.332487
1.128044
1.292888
-0.073442
0.835916
-0.431325
0.567039
1.217318
0.284640
0.408143
0.703969
0.509484
0.057995
-0.934624
-1.008007
-0.827123
-0.782307
-0.335862
0.746768
0.170885
0.038454
0.425513
0.801231
1.054633
-2.326006
-1.829277
0.928597
1.994421
0.795924
-0.512397
-1.423666
0.457145
1.176153
1.338943
-0.067710
0.706991
-0.485313
0.553951
1.147979
0.315583
0.438154
0.723982
0.562051
0.067858
-0.885243
-0.953787
-0.886625
-0.782536
-0.349414
0.707055
0.209425
0.039182
0.372365
0.685552
1.175470
-2.322046
-1.839339
0.877209
1.234165
0.642047
-0.588801
-1.587286
0.264590
1.136330
1.328767
-0.070235
0.645548
-0.469912
0.554179
0.615540
0.892786
0.471775
0.426121
0.158541
0.365851
-1.791341
-1.090234
-0.766797
-0.242321
0.762257
0.408736
0.159659
0.002220
0.362184
0.101838
-0.686785
0.418017
0.229470
0.157623
-0.340450
-0.376445
-0.648825
-0.251433
1.657644
-0.707166
-0.113913
0.298117
-1.415418
-1.467816
-2.327740
-2.456138
-0.537103
-1.609254
-0.314844
0.178233
1.492642
1.450886
1.804747
1.816757
1.039490
1.445847
0.889086
0.519953
0.365963
0.241268
0.589156
0.325918
-0.574369
0.502910
0.093134
-0.151770
0.357737
0.559689
0.869401
0.953479
1.099583
0.996966
1.258945
0.935358
-0.144503
0.600013
0.635555
-1.939479
-1.601003
-0.233417
-0.163205
-0.431623
-0.444948
-0.250051
-0.338258
0.006700
0.188186
0.598181
0.687128
0.373637
0.320584
-0.013406
-0.003882
-0.378552
-0.079227
0.832071
0.775076
0.951087
0.948268
-0.078198
-0.287583
-0.069820
-0.192401
-0.148186
-0.624529
-0.973280
-0.715218
-1.861478
-1.249427
0.184375
0.322453
0.524811
-1.315618
-1.744763
-2.477339
-0.955174
0.837649
0.072919
0.116446
0.330473
1.434013
1.943273
0.373925
0.418887
-0.107417
0.040814
0.158533
-0.223938
-0.537239
-0.095375
0.198666
0.702649
0.158288
-0.538699
-0.200002
-1.633297
-0.603054
0.886806
0.948050
0.868780
-1.383196
-2.051159
-2.522586
-0.916914
0.974585
0.159566
0.268282
0.444320
1.948628
1.844519
0.908647
0.801472
-0.361286
-0.084415
0.132106
0.517270
0.406657
0.073012
0.258423
0.743622
1.087461
0.923752
0.800562
0.796484
1.093116
0.475146
0.362960
1.084632
2.290087
1.606153
0.763210
0.937088
-1.032119
-0.283595
0.013439
-0.669491
-0.180985
-1.502570
0.159381
-0.036233
-0.296365
-1.176195
-0.148396
-0.211386
-0.888619
-0.975108
-1.223440
-0.276777
-0.107280
-0.775850
-0.043529
-0.063992
-0.120544
0.158255
-2.369289
-1.397148
-1.164412
-0.122890
0.329916
0.388747
-0.291252
-0.977049
1.071350
-1.691387
-1.568408
0.473395
1.018262
0.781397
-0.720759
-2.036407
0.547392
1.295287
1.410875
0.014581
0.312461
-0.515718
0.373310
0.718195
0.417479
0.626104
0.758207
0.229652
0.143471
-0.847176
-0.922320
-0.852609
-0.796862
-0.385277
0.636571
0.207533
0.127442
0.402531
0.723630
1.227477
-2.387677
-1.873333
0.938252
1.813252
0.682534
-0.547347
-1.532884
0.343442
1.105958
1.273011
-0.105987
0.461693
-0.520456
0.580164
1.198676
0.331631
0.468175
0.755679
0.553500
0.100645
-0.937813
-1.022859
-0.874453
-0.764627
-0.319658
0.707155
0.165339
0.108424
0.433663
0.793134
1.316695
-2.314804
-1.847363
0.958062
1.540624
0.635713
-0.518316
-1.464607
0.367117
1.148369
1.306888
-0.092317
0.451414
-0.536057
0.572329
1.159853
0.312266
0.446085
0.736227
0.555263
0.118102
-0.884887
-0.956130
-0.938247
-0.780003
-0.341448
0.677202
0.046332
0.068348
0.376011
0.657826
1.207155
-2.316423
-1.807861
0.892200
1.807269
0.689946
-0.626352
-1.601355
0.204530
1.104132
1.312644
-0.058983
0.682393
-0.457675
0.646713
1.251164
0.336850
0.465612
0.718796
0.543690
0.091349
-0.864905
-0.910924
-0.881243
-0.772842
-0.337784
0.690005
0.282929
0.138035
0.366612
0.624109
1.183896
-2.314382
-1.762602
0.856426
1.451446
0.620985
-0.661355
-1.656940
0.305447
1.098690
1.283484
-0.022651
0.579812
-0.527340
0.583324
1.258819
0.325828
0.463312
0.664566
0.468858
0.083339
-0.940911
-0.943994
-0.740033
-0.770449
-0.338424
0.666107
0.177362
0.066539
0.388481
0.696121
1.234616
-2.300578
-1.751338
0.887659
1.554232
0.609620
-0.659624
-1.576126
0.721492
1.179470
1.259078
-0.099606
0.889675
-0.405697
0.600661
1.301530
0.277020
0.413768
0.639239
0.386736
0.051729
-0.975859
-0.990500
-0.681106
-0.744480
-0.317015
0.683220
0.355035
0.088185
0.396053
0.800032
1.405461
-2.265864
-1.775318
0.908267
1.611167
0.649713
-0.596306
-1.545901
0.159992
1.092422
1.282325
-0.069783
0.601572
-0.501632
0.578194
1.256213
0.280083
0.419003
0.719491
0.611854
0.066996
-0.937669
-0.962874
-0.882575
-0.771885
-0.327336
0.643459
0.104929
0.029081
0.369390
0.585265
0.969749
-2.338182
-1.734489
0.869185
1.761607
0.701438
-0.664374
-1.628562
0.517385
1.164603
1.293137
-0.013521
1.165608
-0.369851
0.657805
0.824936
0.246268
0.288990
0.648966
0.370606
0.023790
-0.340320
-1.400432
-0.049575
-0.507201
-0.665669
0.396399
-0.094281
0.042194
0.193608
-1.017410
-0.931338
-2.218285
-2.467540
0.227145
-0.517071
-0.345469
-0.078406
-0.172427
-1.816519
-0.758079
1.311513
0.528161
-0.391701
-0.198722
0.700205
0.723636
2.057738
1.847878
0.850362
0.487346
-0.016910
0.054839
-0.999454
-0.884253
0.595754
0.752130
0.726743
0.443064
1.059520
1.550273
1.613518
0.088178
0.615257
0.461576
-0.929759
0.753176
1.240842
0.702950
-0.013506
-1.806723
-1.731988
0.185327
0.836608
0.016954
0.611987
-0.199445
-1.137235
1.567365
-0.341910
-0.697725
0.246507
0.568932
0.030091
0.745646
0.640243
0.350239
1.887276
0.748666
0.089414
0.905475
0.083591
0.330844
0.550625
0.810843
0.818534
-1.936207
-2.179585
0.430537
1.408014
1.026346
0.441327
-0.615341
0.380900
2.180174
1.629083
-0.102300
0.443668
0.581181
0.663916
1.378708
-0.486060
0.519764
0.065041
-1.757374
1.445812
0.683296
-0.181897
0.386032
-0.215637
0.688807
1.779992
1.055611
-1.257623
0.335813
0.142056
-1.692958
0.493691
-0.266950
-0.583138
-0.580201
0.219301
-0.549101
-0.272161
-1.678336
-0.888876
-1.533283
0.043639
1.135866
-0.269629
-2.032144
-0.868873
-0.783372
-1.268310
-0.805456
-1.395128
-2.161926
-1.642719
-1.485164
-1.437724
-0.529973
-1.948615
-1.175375
-0.432167
-0.767245
-0.810829
0.113330
0.075470
0.245015
0.230984
0.167838
0.154779
0.129293
0.103726
-0.656017
-0.628711
-0.437099
-0.423410
-0.172419
-0.411882
-0.412913
-0.447090
-1.157397
-1.353341
-1.279320
-1.569648
-1.732311
-1.835548
-1.494800
-1.406457
1.170810
1.366588
1.385489
0.627570
-0.397584
1.002882
1.650161
1.693594
0.472073
0.584593
0.518043
1.115256
1.458461
0.789719
0.282769
0.418626
0.845975
0.787115
0.796487
0.838466
1.048221
1.184180
1.242571
1.236306
0.574934
0.657751
0.294838
0.773465
0.972257
1.073347
-0.727615
-0.480874
0.082914
0.138347
0.373398
0.621836
0.553335
2.503255
-2.386762
-1.997694
-0.919692
-0.293783
0.412688
-0.218479
-0.397751
-0.950320
1.637497
0.409116
-0.490676
0.529511
0.160313
-1.248677
-1.641186
0.164155
0.704098
1.666842
1.898513
0.908380
0.466541
0.769565
1.154262
-0.382506
0.261760
0.543296
-0.424625
-1.009400
-0.249754
-0.675887
-0.238875
-1.061015
-1.194321
0.212888
-0.706735
-0.737908
-0.037777
1.251057
-0.186580
0.557128
1.010024
1.259403
1.532766
0.389645
-0.321284
0.187374
0.845959
2.054099
1.563825
0.871671
1.201985
-0.090722
-0.028611
-0.032888
-0.330508
-0.718982
-1.123016
-0.835639
-0.393269
-1.557991
-0.553319
-1.074428
-0.763013
-0.037487
-1.262859
-0.819538
0.016055
0.646313
-0.985127
0.524129
1.083695
0.630997
1.057658
0.468108
-0.293331
-0.329906
0.662425
2.405073
2.077404
0.807664
0.933788
0.363954
-0.218824
0.230027
-0.089887
-0.571181
-0.608270
-0.106747
-0.036161
-0.219268
-0.291437
-0.121552
0.247869
0.656252
0.567004
1.278282
1.341736
0.014713
-0.004416
-0.179212
0.070376
0.698175
0.577001
0.687472
0.835655
-0.196144
-0.376074
-0.186047
-0.311596
-0.109276
-0.671572
-1.135465
-1.300405
-2.310192
-1.194627
0.169690
0.202666
0.473604
-1.264880
-1.822670
-2.859755
-1.099578
0.938202
0.171816
-0.074086
0.228163
1.541793
2.134348
0.548131
0.489493
-0.181289
-0.075175
0.251029
-0.117057
-0.540383
-0.140366
0.227608
0.744347
-0.050788
-0.716260
-0.738191
-2.190889
-0.636573
0.776910
0.885234
0.846905
-1.208359
-1.756008
-2.682106
-1.101615
0.762547
0.009582
0.080251
0.319681
2.059022
2.153603
1.117117
0.789238
-0.396881
0.105350
0.685844
0.824566
0.395906
0.190986
0.513436
0.861613
0.985821
1.031841
0.905758
0.623185
0.961567
0.619026
0.654702
1.140221
2.309746
1.618910
0.698803
0.801275
-1.147377
-0.430206
-0.312492
-0.795568
-0.253271
-1.924673
-0.162579
-0.193981
-0.381883
-1.271109
-0.252932
-0.223570
-0.895959
-0.576765
-1.002058
-0.283036
-0.102419
-0.836701
-0.079313
-0.064349
-0.113756
0.162585
-2.356058
-1.404466
-1.162676
-0.119124
0.322989
0.378102
-0.273760
-0.976985
0.979772
-1.722323
-1.589337
0.517340
1.271679
0.802532
-0.643928
-1.992396
0.529399
1.263836
1.390117
-0.011451
0.301854
-0.523247
0.278387
0.669024
0.391051
0.599860
0.725816
0.211186
0.135961
-0.889375
-0.943030
-0.878560
-0.772770
-0.348028
0.611751
0.286389
0.117006
0.360632
0.647646
1.220968
-2.355346
-1.744598
0.895446
1.957864
0.674479
-0.622897
-1.597580
0.437057
1.117692
1.248301
-0.090986
0.516047
-0.516602
0.580118
1.278657
0.329985
0.467110
0.744763
0.562420
0.085811
-0.987550
-1.013920
-0.780506
-0.763331
-0.306754
0.666638
0.165077
0.120288
0.434839
0.752943
1.271716
-2.332537
-1.760423
0.927447
1.823609
0.662959
-0.588323
-1.528450
0.280769
1.095098
1.270268
-0.076728
0.641569
-0.492523
0.577947
1.248381
0.315936
0.450855
0.730380
0.564950
0.091725
-0.942185
-0.949708
-0.837938
-0.774910
-0.323895
0.642540
0.271953
0.141190
0.364597
0.631651
1.302949
-2.298860
-1.731961
0.877672
1.729136
0.633102
-0.688050
-1.651859
0.285129
1.104140
1.276327
-0.052218
0.785271
-0.464431
0.631939
1.324905
0.325200
0.456418
0.717443
0.555811
0.072375
-0.951721
-1.017954
-0.871492
-0.797348
-0.348847
0.700080
0.054518
0.014092
0.380956
0.760195
1.311045
-2.326771
-1.784500
0.913512
1.732891
0.652903
-0.620199
-1.574239
0.529240
1.163949
1.294523
-0.038348
0.808760
-0.483198
0.572802
1.245536
0.335018
0.472873
0.729612
0.581339
0.089938
-0.962600
-1.008172
-0.810899
-0.803342
-0.352068
0.703319
0.390668
0.128575
0.429108
0.797238
1.116631
-2.414680
-1.859111
0.993768
1.631906
0.615256
-0.550541
-1.496585
0.526149
1.133024
1.249744
-0.097945
0.754756
-0.460789
0.532097
1.261152
0.312845
0.457983
0.778928
0.639181
0.026429
-1.031146
-1.088976
-0.831388
-0.757521
-0.314472
0.727243
0.339753
0.063060
0.415411
0.815379
1.176223
-2.287753
-1.812148
0.954508
1.719170
0.703652
-0.475452
-1.424875
0.277981
1.080582
1.256391
-0.122579
0.604864
-0.474917
0.522103
1.210322
0.300156
0.438002
0.752799
0.620088
0.068033
-0.953165
-1.002958
-0.917949
-0.801849
-0.342340
0.675335
0.303894
0.116551
0.428380
0.698276
1.183219
-2.320409
-1.800529
0.885055
1.821364
0.728273
-0.583492
-1.590069
0.478527
1.174088
1.277754
-0.033487
0.818095
-0.452357
0.599222
0.746097
0.221662
0.269132
0.669874
0.211213
0.037194
-0.275721
-1.403982
-0.019190
-0.420128
-0.589364
0.443228
-0.122575
-0.051079
0.093475
-1.152077
-0.994248
-2.220478
-2.389625
0.244932
-0.368820
-0.213199
-0.116641
-0.238651
-1.801273
-0.768161
1.293523
0.533904
-0.320376
-0.067262
0.807966
0.618746
1.996236
1.826385
0.766044
0.594497
0.010566
0.064121
-0.914242
-0.890167
0.691242
0.838366
0.706341
0.365867
1.006269
1.604033
1.825322
0.142020
0.673204
0.462201
-1.022716
0.542881
1.080422
0.746197
0.040609
-2.149501
-2.152014
-0.010587
1.020872
-0.052966
0.556611
-0.126499
-1.091980
1.589749
-0.404519
-0.866606
0.207735
0.781024
-0.307032
0.591065
0.693618
0.300876
1.883823
0.391312
-0.341935
0.411438
-0.476443
0.110689
0.397451
0.413465
0.758018
-1.904674
-2.251837
0.378947
1.382381
0.989057
0.520758
-0.361891
0.233714
2.054654
1.607169
0.072161
0.439591
0.664665
0.570126
0.996371
-0.641802
0.336371
-0.128617
-1.981496
1.600614
0.753763
0.120907
1.209063
-0.223334
0.549304
1.499841
0.594734
-0.672802
0.260300
0.735679
-0.242656
0.507969
-0.329537
-0.242078
0.666425
1.341306
-0.557804
0.520388
-1.186287
-1.396339
-1.469202
-0.234996
1.415604
0.189989
-1.997343
-0.789216
-0.199458
-0.840889
-0.894357
-1.390604
-2.268526
-1.721143
-1.513150
-1.281274
-0.444156
-1.083703
-0.261276
-0.504805
0.429209
0.652862
0.276861
0.200872
0.136329
0.129701
0.188279
0.143306
0.193937
0.198221
-0.530873
-0.577416
-0.594051
-0.608313
-0.195668
-0.419963
-0.491586
-0.502307
-1.211471
-1.482046
-1.436364
-1.875977
-2.069599
-1.849752
-1.628668
-1.552583
1.121005
1.338009
1.334483
0.529543
-0.545866
0.978064
1.677482
1.703488
0.498658
0.654310
0.409188
0.992291
1.368231
0.728680
0.391151
0.517600
0.879258
0.854439
0.721520
0.810034
0.971069
1.242252
1.320583
1.348734
0.627444
0.386235
0.567165
0.927459
0.574763
0.197392
0.081034
0.284636
0.278739
-0.437874
-0.024938
0.009907
-0.369333
0.265290
0.079031
0.097962
-0.380472
-1.785976
-1.169020
-1.083275
-1.583745
0.043771
0.190640
0.365778
-0.980716
-0.369883
-1.843447
-1.959779
0.690381
-1.412251
-0.244068
-0.015649
0.137962
1.013054
1.050641
0.982500
0.051583
-1.086184
-0.802012
-0.893326
-1.330806
0.598839
0.532949
0.557364
-1.077320
-0.030591
-1.499245
-1.678978
1.306227
-1.091292
0.154330
0.553142
1.181449
1.262416
2.233702
2.116698
0.984915
1.737142
1.163539
0.660145
0.070890
0.939157
1.039096
0.842890
0.552425
0.609529
0.130105
-0.000941
1.335711
0.150408
0.652738
0.842018
-0.929618
0.829142
0.359558
0.230659
-0.023256
-0.581350
-0.282912
0.116726
0.563382
-1.034430
0.549601
1.125772
1.211185
1.608640
0.396877
-0.353888
0.375636
0.976350
1.965894
1.468201
0.817351
1.138369
-0.188914
-0.113924
-0.001099
-0.213220
-0.815066
-1.144884
-0.881244
-0.231952
-1.477084
-0.408926
-1.067343
-0.737691
-0.026984
-1.171476
-0.777135
0.049206
0.695573
-0.933010
0.519876
1.135950
0.596918
1.129391
0.492261
-0.287362
-0.290554
0.695923
2.429466
2.109656
1.601610
1.575614
0.316764
-0.289176
0.330122
-0.011482
-0.987239
-1.232739
-0.958464
0.059895
0.145152
-0.297601
-0.253858
0.093868
-0.011629
-0.188252
0.313617
-0.617168
-0.695299
0.404695
0.261583
0.336884
0.165712
-0.466726
0.044244
-1.372419
-2.189133
0.205610
0.022693
0.545576
1.020787
0.955760
-1.368958
-0.448898
1.898305
0.234726
0.232957
0.427603
0.390575
0.126419
-0.964341
-1.192426
0.817214
0.293790
0.560753
0.265691
-0.051164
-1.411936
-0.302795
1.629189
0.197185
0.187227
0.440823
0.757964
1.317260
-1.868700
-1.085602
-0.179726
-1.128587
0.120694
0.509045
0.420939
0.223630
1.468163
1.975483
1.424591
-0.105419
0.133326
0.270559
0.969958
-0.924438
-0.020573
0.256070
-0.290495
0.063607
0.025241
0.086028
0.400274
-2.406828
-1.150385
-0.702004
0.278264
0.298277
0.572665
-0.033386
-0.856923
1.218668
-1.451106
-1.574068
0.502428
1.102498
0.821685
-0.669410
-2.043275
0.593082
1.319078
1.401850
-0.004301
0.165577
-0.510756
0.333728
0.740365
0.468460
0.691422
0.761435
0.227545
0.164534
-0.873804
-0.959932
-0.827340
-0.782783
-0.338600
0.656555
0.264288
0.132436
0.433217
0.764250
1.393688
-2.324600
-1.845133
0.957091
1.968178
0.685480
-0.540051
-1.503073
0.381059
1.073864
1.220375
-0.112460
0.496514
-0.520046
0.539561
1.224562
0.341437
0.487506
0.761077
0.557623
0.107622
-0.983470
-1.071731
-0.847365
-0.742178
-0.286466
0.700078
0.094259
0.106328
0.489620
0.823457
1.299418
-2.340352
-1.837342
0.975132
1.729457
0.635578
-0.515263
-1.431399
0.515414
1.116120
1.230881
-0.102736
0.281693
-0.576663
0.537930
1.190466
0.317929
0.462195
0.745550
0.559450
0.090723
-0.964074
-1.003865
-0.908893
-0.784483
-0.335402
0.673910
0.157231
0.116998
0.423595
0.691950
1.131598
-2.404976
-1.824011
0.912423
2.089941
0.717161
-0.614826
-1.565370
0.318162
1.085607
1.251486
-0.072600
0.551960
-0.493949
0.609488
1.276953
0.329382
0.473063
0.721518
0.533988
0.089400
-0.917158
-0.969312
-0.873045
-0.801514
-0.354919
0.712504
0.206054
0.054676
0.360325
0.644077
1.157796
-2.326306
-1.718658
0.890861
1.788455
0.670438
-0.617300
-1.656012
0.028554
0.980496
1.196312
-0.023447
0.370659
-0.597456
0.550327
1.291568
0.345383
0.485635
0.746518
0.636128
0.088495
-0.989925
-0.962745
-0.664264
-0.777849
-0.323537
0.708952
0.121222
-0.002596
0.398337
0.768839
1.295590
-2.348757
-1.749687
0.959578
2.146915
0.716767
-0.612766
-1.588679
0.306024
1.065048
1.218228
-0.071130
0.808044
-0.452157
0.559567
1.313444
0.276552
0.420175
0.704834
0.574716
0.039573
-1.064425
-1.078671
-0.772510
-0.787555
-0.336310
0.695117
0.073515
0.024148
0.457426
0.751273
1.270994
-2.231252
-1.734489
0.943243
1.717866
0.657659
-0.569067
-1.492713
0.213122
1.052817
1.241472
-0.043414
0.706982
-0.505792
0.546680
1.306126
0.332366
0.466894
0.711955
0.527130
0.068587
-0.962206
-0.988446
-0.837825
-0.772957
-0.308533
0.661033
0.217761
0.066688
0.409694
0.654628
1.294896
-2.251968
-1.722445
0.849560
1.514066
0.642415
-0.648141
-1.617372
0.264993
1.072074
1.245532
-0.054409
0.705350
-0.467173
0.563168
0.685456
0.816692
0.445957
0.496184
0.207848
0.068238
-2.008170
-1.326778
-0.923160
0.871334
1.144070
0.516720
0.352273
0.009791
0.294235
0.040354
-0.709198
0.086242
0.103163
0.162367
-0.274737
-0.321628
-0.684131
-0.258751
1.817113
-0.760472
-0.146305
0.280887
-1.564666
-1.285519
-2.227530
-2.465970
-0.638353
-1.625021
-0.264111
0.238987
1.755771
1.592015
1.776022
1.707724
0.855437
1.430050
0.925648
0.530831
0.275211
0.252663
0.516788
0.289459
-0.277050
0.531033
0.061212
-0.105857
0.589312
0.441111
0.865783
0.998408
1.355410
1.293751
1.368225
1.112755
0.511528
0.654764
0.773768
-1.361584
-1.201079
-0.247270
-0.162854
-0.297715
-0.308118
-0.250051
-0.338258
0.263865
0.445381
0.598181
0.687128
0.705602
0.666048
-0.013406
-0.003882
-0.309813
-0.009626
0.827394
0.805528
1.026560
1.014543
-0.054496
-0.059791
0.173580
-0.192363
-0.116238
-0.686170
-1.131733
-1.326681
-2.336440
-1.077092
0.297261
0.229726
0.568784
-1.293184
-1.831414
-2.593961
-0.970209
0.955410
0.319738
0.240352
0.346461
1.403998
1.904028
0.517471
0.498716
-0.106491
0.079936
0.320448
-0.110819
-0.351446
0.239230
0.399320
0.816512
0.108958
-0.709272
-0.849668
-2.141696
-0.531557
1.013315
0.984907
0.893632
-1.190290
-1.809678
-2.487438
-0.952014
0.836916
-0.028174
0.228685
0.564288
2.065517
1.935386
0.984605
0.899082
-0.421676
0.114244
0.740252
0.758246
0.498167
0.452186
0.705817
0.996720
1.216132
1.342547
1.199511
0.816973
0.808220
0.428059
0.634742
1.178734
2.507311
1.973628
0.798279
0.704105
-1.178168
-0.681033
-0.212686
-0.323610
-0.083546
-1.689611
0.038110
0.003025
-0.262668
-1.318346
-0.256101
-0.220247
-0.892245
-0.921749
-1.201388
-0.278074
-0.100334
-0.706909
-0.011968
-0.062963
-0.120981
0.155738
-2.321789
-1.400794
-1.169825
-0.106109
0.374688
0.390613
-0.271919
-0.976129
1.086508
-1.673741
-1.576719
0.529840
1.233902
0.765441
-0.635126
-2.006852
0.397721
1.168273
1.339629
-0.020764
0.273091
-0.535421
0.244183
0.683258
0.378345
0.596342
0.720175
0.204764
0.169490
-0.909907
-0.990490
-0.852658
-0.795328
-0.359701
0.610996
0.263598
0.115719
0.400222
0.674258
1.208561
-2.368191
-1.738085
0.915441
2.110231
0.684232
-0.596709
-1.567387
0.357904
1.049039
1.196344
-0.096949
0.435538
-0.537519
0.554896
1.301377
0.277401
0.426627
0.743491
0.565878
0.089762
-1.036578
-1.059460
-0.757250
-0.766850
-0.299530
0.669317
0.200614
0.134361
0.470107
0.768967
1.202804
-2.355477
-1.741577
0.947087
1.888709
0.640715
-0.573340
-1.502243
0.358893
1.062844
1.213518
-0.084690
0.345430
-0.566782
0.551013
1.270782
0.292168
0.437601
0.728960
0.568418
0.099506
-0.986292
-0.994844
-0.812739
-0.767156
-0.305530
0.642165
0.140180
0.089173
0.392711
0.651923
1.092141
-2.373807
-1.704425
0.891478
2.017540
0.678489
-0.654816
-1.618514
0.282941
1.065747
1.226940
-0.062326
0.495938
-0.509174
0.615611
1.349130
0.302823
0.439472
0.717406
0.563026
0.069730
-1.020864
-1.040723
-0.737284
-0.778535
-0.323949
0.675316
0.101213
0.069873
0.455338
0.808532
1.233167
-2.320230
-1.751321
0.942861
1.916921
0.688813
-0.585891
-1.541117
0.084730
1.051538
1.249007
-0.069265
0.789811
-0.456133
0.589772
1.281418
0.296222
0.424226
0.726234
0.586761
0.105257
-0.936797
-1.011533
-0.837392
-0.766999
-0.333766
0.715311
0.169301
0.023579
0.398654
0.730557
1.021088
-2.416044
-1.789093
0.914605
1.872069
0.713935
-0.585044
-1.538825
-0.015579
0.990577
1.242766
-0.090546
0.536778
-0.517610
0.560532
1.261651
0.281946
0.430547
0.705799
0.499499
0.056706
-0.997875
-1.037116
-0.803237
-0.775836
-0.327671
0.734316
0.155851
0.055978
0.460696
0.784023
1.079667
-2.394867
-1.819781
0.971523
1.610026
0.650082
-0.544648
-1.543153
0.213289
1.109785
1.277020
-0.050696
0.708561
-0.500972
0.564287
1.252267
0.297625
0.431323
0.710697
0.491619
0.054025
-0.946495
-0.944107
-0.756681
-0.740857
-0.301349
0.666270
0.157046
0.041639
0.386978
0.678716
1.063467
-2.374276
-1.755246
0.917260
1.660508
0.655969
-0.653133
-1.598489
0.154914
1.081137
1.289581
-0.048940
0.632613
-0.492385
0.646782
0.798728
0.237288
0.284474
0.695467
0.359083
0.115952
-0.254742
-1.397089
0.025339
-0.414467
-0.645849
0.361034
-0.214238
-0.031988
0.254132
-0.941229
-0.917530
-2.206988
-2.485485
0.195101
-0.533249
-0.410826
-0.164725
-0.197679
-1.835195
-0.731815
1.351301
0.405394
-0.281034
-0.035673
0.696160
0.560777
2.002575
1.836202
0.834938
0.536269
-0.011971
0.014554
-1.014750
-1.011070
0.730478
0.950586
0.784959
0.373458
1.087068
1.499872
1.531649
0.180963
0.569307
0.481076
-0.675284
0.659397
1.204710
0.738356
-0.082736
-2.012701
-1.897227
0.120834
0.935916
0.013642
0.587611
-0.313947
-1.194879
1.748174
-0.174059
-0.765761
0.163302
0.797250
-0.165462
0.657982
0.833367
0.445694
2.102702
0.534653
-0.246920
0.579791
-0.289213
0.258053
0.536475
0.624808
0.884430
-1.783674
-2.031608
0.604581
1.507080
1.026273
0.587840
-0.061598
0.347682
2.272971
1.847463
0.229349
0.533910
0.816837
0.507942
0.766563
-0.435634
0.524383
-0.003872
-1.881231
1.770958
0.864177
-0.136576
0.107073
-0.128684
0.797007
2.012822
1.386946
-0.838079
0.476396
0.723734
-0.043106
1.164505
-0.278743
-1.369636
-1.184906
0.550173
-0.549101
0.813064
0.188975
-0.296242
-1.533283
-0.511324
0.950572
0.508219
-2.032144
-0.620793
0.056964
-0.642678
-0.805456
-1.395128
-2.217996
-1.580184
-1.485164
-1.564035
-0.429423
-1.545007
-1.039053
-0.495093
-1.240785
-1.303917
0.081943
0.047094
0.185378
0.195914
0.182299
0.109381
0.145304
0.130223
-0.654976
-0.667851
-0.505778
-0.533890
-0.233600
-0.381103
-0.556969
-0.550088
-1.143042
-1.504488
-1.284006
-1.674325
-1.937430
-1.823084
-1.624284
-1.542426
1.077325
1.236002
1.426797
0.651114
-0.409901
1.053350
1.671343
1.663506
0.513994
0.768016
0.458812
1.044810
1.406034
0.739718
0.377085
0.501307
1.099890
1.072088
0.845165
0.907599
1.080909
1.203907
1.296284
1.313012
0.782748
0.845418
0.334332
0.780972
1.014903
1.134002
-0.600251
-0.296474
0.221928
0.145598
0.150061
0.421608
0.582966
2.502760
-2.377159
-2.040178
-0.950175
-0.296410
0.321015
-0.270634
-0.387570
-0.970275
1.591731
0.473770
-0.423773
0.525552
0.380080
-0.920885
-1.569024
0.083511
0.543100
1.473114
1.856540
0.966563
0.770010
0.799467
1.083283
-0.339667
0.061495
0.284942
-0.456261
-0.936108
-0.040111
-0.724139
-0.122362
-1.052819
-1.173621
0.293946
-0.595545
-0.671522
-0.017075
1.146342
-0.337744
0.484157
1.060267
1.158739
1.494772
0.420147
-0.328801
0.125887
0.840267
2.112922
1.604690
0.902277
1.281888
-0.201824
0.028220
0.066783
-0.127871
-0.755015
-1.106793
-0.750559
-0.153773
-1.442062
-0.387124
-1.099898
-0.803042
0.101119
-1.073165
-0.749357
0.017508
0.586575
-1.058875
0.439818
1.123122
0.570214
1.038265
0.452104
-0.300096
-0.374530
0.664342
2.497541
2.160756
0.772549
0.972526
0.389998
-0.132147
0.172206
-0.037809
-0.561875
-0.626368
-0.097252
-0.026799
-0.210622
-0.297661
-0.127658
0.235212
0.658059
0.567004
1.278932
1.341197
0.016783
-0.004416
-0.299884
-0.052306
0.682663
0.579638
0.721523
0.952299
-0.107425
-0.347520
-0.076880
-0.232594
-0.076259
-0.657063
-1.082819
-1.060674
-2.091836
-1.167169
0.144784
0.147442
0.404153
-1.095421
-1.565712
-2.463293
-0.819542
0.723698
-0.001553
0.062892
0.326432
1.548657
1.982206
0.526160
0.562161
-0.252753
-0.085400
0.222386
-0.211975
-0.638812
-0.148246
0.310201
0.767030
0.036564
-0.667140
-0.495960
-1.888513
-0.758827
0.550174
0.724913
0.711625
-1.043973
-1.509311
-2.309000
-0.723595
0.678618
-0.211249
0.073847
0.474132
2.103981
1.986557
1.087728
0.963853
-0.553245
-0.168294
0.282210
0.448065
0.352465
-0.132026
0.105711
0.835682
0.994101
0.931022
1.015838
0.820515
0.795587
0.186741
0.202269
0.962163
2.323193
1.907700
1.046230
1.032772
-0.994116
-0.373217
-0.220656
-0.867641
-0.330058
-1.897499
-0.178573
-0.113919
-0.261516
-0.778839
0.020957
-0.249419
-0.881210
-0.690992
-1.067445
-0.281560
-0.100990
-0.667960
0.014277
-0.064688
-0.094255
0.164303
-2.349742
-1.405699
-1.148661
-0.109105
0.226193
0.343990
-0.322237
-0.955407
1.227167
-1.661691
-1.547421
0.495104
1.119180
0.767705
-0.755945
-2.071526
0.395208
1.201858
1.349423
0.010353
0.331247
-0.517062
0.343056
0.764557
0.367033
0.587621
0.745715
0.228648
0.143932
-0.891483
-0.943029
-0.791928
-0.778454
-0.354176
0.620894
0.349983
0.180474
0.415931
0.711731
1.110055
-2.434452
-1.809457
0.945126
1.554323
0.579777
-0.589707
-1.553163
0.099991
1.018524
1.231893
-0.107367
0.597002
-0.490716
0.572469
1.253318
0.288074
0.437393
0.758873
0.555923
0.088669
-0.994887
-1.041612
-0.808589
-0.772887
-0.316155
0.685127
0.178797
0.099800
0.432927
0.775766
1.433034
-2.292547
-1.810087
0.963414
1.961089
0.704464
-0.537825
-1.479572
0.510092
1.142849
1.251310
-0.097296
0.675818
-0.481779
0.566727
1.219120
0.330517
0.475444
0.747614
0.558041
0.113930
-0.931371
-0.982086
-0.867593
-0.758690
-0.308004
0.662050
0.230862
0.158131
0.417310
0.651709
0.894535
-2.473759
-1.767445
0.907523
1.752990
0.657305
-0.636599
-1.605422
0.197049
1.065841
1.248992
-0.069067
0.688411
-0.453234
0.624769
1.303132
0.298915
0.442650
0.662370
0.417326
0.072874
-0.926187
-0.990181
-0.958379
-0.781465
-0.328656
0.547367
-0.171832
0.060859
0.354071
0.522002
0.967779
-2.350978
-1.700079
0.841958
1.645504
0.650186
-0.679371
-1.706994
0.223508
1.073377
1.228884
-0.084295
0.194407
-0.582408
0.567805
1.293534
0.289516
0.448149
0.811495
0.692952
0.018688
-1.014608
-0.964482
-0.724569
-0.793640
-0.318487
0.695511
0.503964
0.123558
0.374746
0.725317
1.176964
-2.449222
-1.728187
0.976488
1.917153
0.629079
-0.664470
-1.606356
0.500845
1.088419
1.203749
-0.025532
0.687532
-0.506052
0.582410
1.370387
0.287879
0.429385
0.696936
0.534606
0.098307
-0.991646
-1.020820
-0.709841
-0.763041
-0.302496
0.673000
0.208206
0.061886
0.420307
0.727285
1.369744
-2.267508
-1.711802
0.969233
1.784264
0.666327
-0.594390
-1.529989
0.348194
1.093233
1.234244
-0.102142
0.726421
-0.442058
0.563778
1.327196
0.280948
0.425425
0.698950
0.538106
0.072301
-0.961816
-0.982618
-0.810330
-0.776579
-0.310211
0.651445
0.421915
0.075937
0.335458
0.650976
1.331791
-2.295002
-1.674349
0.861107
1.477141
0.613278
-0.698146
-1.682360
-0.130668
0.988244
1.212668
-0.071998
0.669244
-0.445967
0.652315
0.852642
0.205945
0.251578
0.679539
0.257559
0.015197
-0.340660
-1.485567
-0.015631
-0.452711
-0.657591
0.386155
-0.207920
-0.117920
0.184146
-0.870375
-1.035858
-2.270460
-2.358308
0.402603
-0.509346
-0.372902
-0.144991
-0.228999
-1.740439
-0.732412
1.313474
0.517252
-0.331521
-0.148792
0.827768
0.890822
2.036704
1.879887
0.930175
0.884780
0.163036
0.149232
-0.882042
-0.643818
0.802249
0.873830
0.793369
0.407064
1.039094
1.493302
1.716164
-0.010750
0.605649
0.477080
-1.158478
0.531172
0.849060
0.488835
0.051611
-1.872031
-1.858729
0.072837
0.723233
0.024936
0.890044
0.197949
-0.702879
1.874371
-0.533685
-0.797212
0.378887
0.787609
-0.166360
0.234582
0.291211
0.281385
1.931273
0.635134
-0.156199
0.547765
-0.298367
0.323895
0.662603
0.795975
1.120573
-1.589998
-1.795763
1.172338
1.075777
0.828995
0.393459
-0.845555
0.389189
2.244306
1.685123
-0.057658
0.352226
0.602333
0.451592
0.843170
-1.137584
0.313262
-0.025100
-2.459163
1.801214
0.569949
-0.498843
0.010153
-0.597115
0.723196
2.022263
0.930241
-1.189415
0.177426
0.316141
-1.006116
0.372831
-0.355420
-0.601791
-0.648865
0.101778
-0.557804
0.943635
-0.638303
-1.099371
-1.469202
-0.547067
0.833920
-0.078318
-1.997343
-0.952441
-0.850646
-1.276384
-0.894357
-1.390604
-1.731781
-1.163251
-1.513150
-1.272866
-0.035196
-1.113049
-0.896261
-0.415189
0.125320
0.299223
0.267199
0.166841
0.302479
0.305080
0.235986
0.182424
-0.033071
-0.033337
-0.760876
-0.796549
-0.600004
-0.555569
-0.042792
-0.403369
-0.504418
-0.612345
-1.397709
-1.412785
-1.314441
-1.651089
-1.786419
-1.800803
-1.550319
-1.440573
1.266000
1.373455
1.421885
0.689555
-0.348908
1.030934
1.662494
1.739547
0.550024
0.558072
0.504417
1.130678
1.440783
0.677122
0.295017
0.402805
0.756830
0.740175
0.695960
0.815238
1.104397
1.268891
1.346234
1.297233
0.347980
0.364842
0.547458
0.936190
0.600071
0.236772
0.122346
0.126847
0.116889
-0.421093
0.030358
0.037616
-0.273069
0.470368
0.198779
0.145947
-0.617262
-1.792055
-1.209516
-1.181287
-1.680831
-0.107635
0.133911
0.328317
-0.969294
-0.339946
-1.918158
-2.067657
0.603917
-1.408887
-0.222342
0.067696
0.496403
1.377641
1.267850
1.086972
-0.088474
-1.032138
-0.803160
-0.945961
-1.434385
0.317091
0.447961
0.544592
-1.190761
-0.057448
-1.569971
-1.755998
1.630278
-0.822750
0.192072
0.600068
2.021217
1.925117
2.238800
2.093675
1.171676
1.684504
1.075860
0.643545
0.048055
0.795080
0.984435
0.863966
0.519881
0.533207
0.169487
0.044960
1.480700
0.377465
0.673489
0.848011
-0.992331
0.787710
0.312735
0.163675
0.153945
-0.537669
-0.363128
0.117573
0.603522
-1.044112
0.461895
1.107200
1.452471
1.753973
0.427500
-0.307099
0.150375
0.797568
1.966604
1.452188
0.806987
1.083075
-0.179420
-0.153775
-0.053351
-0.091696
-0.757956
-1.113644
-0.778279
-0.076812
-1.566513
-0.398393
-1.058611
-0.804339
-0.084247
-1.163935
-0.729130
0.080926
0.764538
-0.949411
0.404125
1.085563
0.639804
1.132340
0.463765
-0.285815
-0.379459
0.671000
2.466654
2.150928
1.686089
1.627437
0.354115
-0.276737
0.331594
0.051685
-0.932847
-1.227261
-0.832864
0.024192
0.087342
-0.674818
-0.767322
0.107198
-0.114175
-0.594796
-0.063064
-0.776310
-0.655363
-0.131318
0.086038
0.429038
0.299231
0.219089
-0.072966
-1.659159
-2.332509
-0.415464
-0.030718
0.114805
0.473579
0.981872
-1.439866
-0.269159
1.739372
-0.108500
0.473595
0.376177
-0.262280
-0.042935
-1.091365
-1.363377
0.668452
0.159557
0.443926
0.126183
-0.216498
-1.249842
-0.320776
1.572069
0.247122
-0.001198
0.213016
0.697071
1.132700
-2.014452
-1.320202
-0.128188
-0.499779
0.239423
0.665958
0.733716
0.314142
1.591527
2.030208
1.445779
-0.066972
0.235446
0.396553
1.289345
-0.732088
0.046953
0.318010
0.000244
0.120568
0.075464
0.176714
0.386667
-2.309661
-1.090556
-0.678818
0.270571
0.436710
0.667634
-0.008238
-0.866345
1.138961
-1.498925
-1.564104
0.522494
1.018353
0.764137
-0.632898
-2.034799
0.488710
1.264228
1.376347
-0.021226
0.204793
-0.507353
0.282246
0.739683
0.433668
0.657344
0.731835
0.216846
0.137970
-0.924756
-0.935977
-0.815357
-0.758285
-0.300306
0.620393
0.061312
0.058838
0.401542
0.653628
1.129339
-2.418407
-1.710870
0.907096
1.616082
0.565266
-0.648723
-1.610611
0.019840
0.974946
1.190010
-0.089053
0.271769
-0.572856
0.590742
1.325648
0.261511
0.411938
0.752693
0.563713
0.094219
-1.021435
-1.011899
-0.723196
-0.776133
-0.307213
0.651461
0.184076
0.112223
0.431095
0.734725
1.290916
-2.364126
-1.728040
0.943482
1.841575
0.629198
-0.609812
-1.541385
0.516317
1.110817
1.215566
-0.077464
0.332387
-0.569570
0.582840
1.298568
0.276761
0.423448
0.736984
0.566469
0.114216
-0.962346
-0.952987
-0.776435
-0.744270
-0.281642
0.631934
0.134993
0.092839
0.376039
0.621543
1.107702
-2.391882
-1.684805
0.891151
2.081655
0.694127
-0.688483
-1.655604
0.095185
1.021720
1.219760
-0.053524
0.635731
-0.491087
0.657169
1.369565
0.303956
0.439515
0.619965
0.362104
0.101281
-0.972436
-1.053763
-0.889156
-0.770204
-0.324039
0.538295
-0.007133
0.139664
0.412780
0.650218
0.790452
-2.442023
-1.714132
0.851074
1.645356
0.649456
-0.639182
-1.607163
0.061246
1.028780
1.221494
-0.083706
0.629332
-0.485948
0.581933
1.316788
0.289443
0.425215
0.715724
0.521628
0.083732
-0.983364
-1.040588
-0.795777
-0.752053
-0.291575
0.665775
0.402374
0.134074
0.421751
0.770716
1.166733
-2.368834
-1.796141
0.976214
1.925834
0.683222
-0.567646
-1.525078
-0.006954
0.966378
1.190100
-0.107571
0.541489
-0.505124
0.544954
1.296171
0.290274
0.445371
0.732395
0.562692
0.071491
-1.030122
-1.101864
-0.819231
-0.751834
-0.295439
0.681909
0.191754
0.061117
0.459640
0.817701
1.343901
-2.314659
-1.823063
0.990794
2.002181
0.706079
-0.531496
-1.441582
0.281923
1.035806
1.194406
-0.083753
0.569808
-0.510309
0.535963
1.263335
0.249798
0.402091
0.744481
0.591427
0.086554
-0.966587
-1.052146
-0.885807
-0.732271
-0.288922
0.681181
0.107813
0.031577
0.439472
0.660202
1.134035
-2.339157
-1.770937
0.916477
2.097590
0.750425
-0.612278
-1.572602
0.058714
0.999915
1.209601
-0.068825
0.885872
-0.414970
0.518358
0.638501
0.141779
0.303183
0.547339
0.205432
0.270972
-1.968679
-1.035911
-0.604275
-0.120030
0.783328
0.498036
0.159044
-0.182801
0.310791
0.150215
-0.453609
0.109183
0.082941
0.164694
-0.246724
-0.480261
-0.637971
-0.231204
1.833786
-0.381238
0.055464
0.356667
-1.603248
-1.183576
-2.184801
-2.480835
-0.458161
-1.495798
-0.286511
0.192112
1.603654
1.402983
1.789706
1.744792
0.921815
1.702584
0.952490
0.475526
0.274076
0.192231
0.455582
0.210953
-0.575186
0.341477
0.038899
-0.131177
0.468468
0.648773
0.897538
0.990848
1.277321
1.275014
1.339493
1.285954
1.198177
0.593351
0.705180
0.990116
0.369783
-0.241778
-0.162695
-0.136756
-0.144628
-0.250051
-0.338258
-0.032140
0.152048
0.598181
0.687128
0.575972
0.530433
-0.013406
-0.003882
-0.416450
-0.114972
0.819028
0.719354
0.893617
1.112928
0.044129
-0.274483
0.006847
-0.132530
-0.149619
-0.875693
-1.207287
-0.780288
-1.976134
-1.380164
-0.020027
0.256742
0.509726
-1.291045
-1.821314
-2.493258
-0.951237
0.930237
0.253860
0.215756
0.359307
1.391457
1.903728
0.222274
0.329153
-0.131120
0.011512
0.343594
-0.074791
-0.707795
-0.163580
0.395468
0.824440
0.125482
-0.614474
-0.304187
-1.712379
-0.787926
0.629052
0.889282
0.811726
-1.197152
-1.782612
-2.229003
-0.761572
1.086124
0.403711
0.355179
0.547811
1.990268
1.934393
0.786961
0.680931
-0.387247
0.138996
0.661772
0.696896
0.331197
0.025635
0.504261
1.048373
1.163112
1.133567
1.074828
0.877516
0.948115
0.234284
0.168253
1.013304
2.310888
1.961429
1.418260
1.190954
-1.163275
-0.350439
-0.082068
-0.925717
-0.229554
-1.689223
0.006385
-0.008640
-0.318713
-1.129350
-0.144968
-0.232562
-0.899792
-0.801355
-1.126847
-0.277899
-0.099363
-0.700127
-0.012853
-0.063304
-0.111341
0.156367
-2.315345
-1.401941
-1.145810
-0.090466
0.445098
0.416988
-0.321013
-0.958144
1.092200
-1.700598
-1.529224
0.505128
1.208911
0.764758
-0.738789
-2.083218
0.259280
1.109099
1.309271
0.002519
0.365471
-0.508394
0.315671
0.780018
0.363534
0.593182
0.746875
0.223660
0.151440
-0.937337
-0.990247
-0.769459
-0.778698
-0.343600
0.623557
0.309594
0.143465
0.427887
0.737252
1.234350
-2.358369
-1.753647
0.966734
1.801295
0.618429
-0.570988
-1.525600
0.086431
0.975464
1.183763
-0.113653
0.554789
-0.507813
0.535118
1.276430
0.305794
0.464237
0.761433
0.559532
0.100610
-1.038017
-1.090415
-0.784155
-0.756840
-0.289291
0.685133
0.211008
0.120773
0.476930
0.803216
1.225142
-2.386558
-1.794458
0.974893
1.838856
0.648090
-0.524995
-1.452424
0.237068
1.028335
1.206840
-0.102872
0.320986
-0.571588
0.521944
1.245622
0.306676
0.461664
0.749056
0.561679
0.127651
-0.972585
-1.022277
-0.841127
-0.767376
-0.305949
0.661336
0.270095
0.140045
0.419943
0.680868
1.177468
-2.372500
-1.754104
0.919606
1.923506
0.664506
-0.619619
-1.579733
0.331505
1.064196
1.217671
-0.075313
0.602917
-0.499907
0.589818
1.328019
0.302411
0.456859
0.742957
0.571584
0.077437
-0.978778
-0.962169
-0.744367
-0.762940
-0.299450
0.661858
0.068194
0.039332
0.371441
0.632639
1.316351
-2.311409
-1.723304
0.914846
1.709041
0.599527
-0.651016
-1.674982
0.297199
1.022345
1.154784
-0.017692
0.723438
-0.502847
0.542062
1.350027
0.324941
0.471929
0.704594
0.524991
0.061455
-1.058407
-1.019520
-0.718074
-0.772372
-0.297581
0.626298
0.396829
0.152235
0.409263
0.725702
1.177541
-2.364546
-1.692238
0.957062
1.929591
0.659317
-0.623978
-1.596416
0.356387
1.038732
1.160234
-0.076495
0.740168
-0.458855
0.559057
1.368083
0.259843
0.414014
0.758674
0.654049
0.040906
-1.099460
-1.069572
-0.686924
-0.749746
-0.273141
0.690809
0.028651
-0.036188
0.439060
0.733253
1.265981
-2.288794
-1.709255
0.957994
1.941049
0.676573
-0.591808
-1.504601
0.264240
1.001253
1.161644
-0.075783
0.464141
-0.540889
0.538436
1.292915
0.282355
0.446289
0.710944
0.529600
0.052490
-1.021785
-0.992593
-0.753193
-0.763261
-0.272207
0.641117
0.437262
0.132384
0.404141
0.635675
0.914592
-2.439319
-1.678580
0.929578
1.930832
0.676345
-0.669929
-1.659940
0.154475
1.022459
1.176629
-0.036006
0.678709
-0.482353
0.650077
0.876575
0.173512
0.225399
0.708264
0.266078
0.045905
-0.289773
-1.426628
-0.087593
-0.533179
-0.631235
0.515184
-0.132924
-0.064723
0.134669
-0.911866
-0.976599
-2.191838
-2.318220
0.286590
-0.504990
-0.320425
-0.048313
-0.177264
-1.825665
-0.772321
1.313696
0.570508
-0.307936
-0.101185
0.853974
0.716870
2.030807
1.897231
0.859663
0.541543
-0.051189
0.054754
-1.038203
-1.112156
0.599668
0.922625
0.788704
0.194652
0.978699
1.360671
1.474220
0.062538
0.445932
0.202033
-1.322393
0.503078
1.177329
0.750293
-0.088798
-1.997248
-2.239829
-0.094664
0.815034
-0.083577
0.463130
-0.483556
-1.283059
1.567581
-0.274386
-0.758762
0.181768
0.813457
-0.527508
0.279927
0.511131
0.225289
2.187196
0.417949
-0.449209
0.518424
-0.442356
-0.026414
0.286772
0.661759
1.140102
-1.644943
-1.911013
0.785788
1.431135
1.022795
0.760419
0.401768
0.378766
2.492021
1.829269
-0.300982
0.541432
0.629848
0.200954
0.307632
-1.072648
0.432595
0.142477
-1.867248
1.796173
0.530632
-0.292386
0.623324
-0.317250
0.791855
1.990700
0.629240
-1.474491
0.535444
0.716508
-0.526633
0.417379
-0.256305
-0.287643
-0.454660
-0.086923
-0.549101
-0.041807
-1.331062
-0.826555
-1.533283
0.201948
1.536207
-0.045268
-2.032144
-0.868873
-0.400385
-0.902332
-0.805456
-1.395128
-2.693263
-2.184021
-1.485164
-1.451376
-0.545432
-1.564468
-0.768758
-0.425336
-0.960783
-0.887719
0.163146
0.096236
0.109378
0.092256
0.119727
0.108986
0.033078
0.022093
-0.638593
-0.655071
-0.616907
-0.710821
-0.563972
-0.592435
-0.620702
-0.631341
-1.212844
-1.535649
-1.347526
-1.835018
-2.197349
-1.830044
-1.632246
-1.558230
1.184571
1.444717
1.423430
0.676191
-0.354888
1.062980
1.693030
1.701196
0.607446
0.863088
0.496897
1.208159
1.615271
0.703387
0.265673
0.371100
0.900448
0.932825
0.704220
0.830829
1.276331
1.228577
1.283116
1.223262
0.453895
0.729649
0.474144
0.985747
1.195294
1.045334
-0.776894
-0.560098
0.056724
0.166818
0.171910
0.308696
0.309008
0.436849
-1.390608
-0.710656
-0.175604
-0.836066
-0.642332
-0.768138
-0.799967
-0.151696
0.668679
0.546325
0.353653
-1.607910
-1.367829
-1.258137
-1.294581
-1.169729
-0.991781
-0.724505
-0.572704
0.646511
0.629635
0.858382
0.920358
-1.776196
-1.131864
-1.711592
-2.026706
-0.115923
0.096445
0.322924
0.440183
1.836197
1.863750
1.570568
1.522390
1.248965
1.128877
0.936603
0.801567
0.226636
0.215295
0.593307
0.491043
0.086291
0.198203
0.408563
0.364535
0.740550
0.694474
0.630052
0.626381
0.312097
0.539693
1.243138
1.033180
1.177944
1.379082
0.111168
-0.098769
0.154753
-0.082452
-0.100197
-0.707023
-1.081605
-1.008469
-2.122824
-1.080896
0.328625
0.345091
0.505663
-0.958566
-1.342831
-2.188869
-0.711980
0.655999
-0.024326
-0.038650
0.245861
1.654664
2.269529
0.719302
0.591352
-0.183049
-0.053759
0.324274
-0.080068
-0.607913
-0.161636
0.100177
0.583688
-0.137884
-0.798440
-0.463920
-1.835148
-0.612614
0.579890
0.763244
0.869366
-0.937783
-1.441245
-2.003511
-0.601763
0.474938
-0.299554
-0.019374
0.273454
2.160357
2.247845
1.327847
1.049717
-0.383412
0.063393
0.694861
0.765603
0.266479
-0.179141
-0.059612
0.608011
0.980993
0.913721
1.074144
0.910171
1.012593
0.588898
0.630432
1.097826
2.218783
1.712875
1.086811
0.933930
-1.231647
-0.373412
-0.247414
-0.938529
-0.199705
-1.695519
-0.038500
-0.132462
-0.280899
-1.079113
-0.159805
-0.227661
-0.841511
-0.676144
-1.069813
-0.281382
-0.099522
-0.747284
-0.048630
-0.063660
-0.081817
0.170614
-2.300905
-1.409371
-1.152991
-0.091905
0.368508
0.381230
-0.320980
-0.960501
0.988281
-1.738198
-1.555204
0.543905
1.295990
0.743970
-0.670418
-2.047266
0.354174
1.116550
1.278245
-0.024399
0.350201
-0.515432
0.231450
0.732996
0.385540
0.612511
0.706055
0.202000
0.158734
-0.962774
-0.999289
-0.792401
-0.778429
-0.330305
0.598646
0.223314
0.098909
0.407521
0.664510
1.128553
-2.393041
-1.663795
0.925409
2.038369
0.643981
-0.627263
-1.584705
0.224239
0.980808
1.142438
-0.099435
0.259596
-0.571363
0.558455
1.342344
0.316140
0.473134
0.751823
0.566772
0.104646
-1.064237
-1.056772
-0.702137
-0.746194
-0.267073
0.654560
0.131432
0.082566
0.454425
0.761003
1.098309
-2.421140
-1.687308
0.953825
1.754176
0.594555
-0.593668
-1.522972
0.178590
1.002127
1.173007
-0.081961
0.147569
-0.602856
0.553325
1.314363
0.294602
0.449633
0.733839
0.569514
0.102235
-1.023883
-1.000468
-0.753638
-0.768306
-0.294494
0.632253
0.235378
0.146972
0.425714
0.647991
1.178500
-2.334279
-1.631014
0.903804
1.939037
0.624554
-0.690118
-1.633019
0.579534
1.100944
1.168015
-0.060731
0.740211
-0.469237
0.622583
1.385885
0.295499
0.449710
0.735440
0.592814
0.073222
-1.088211
-1.111523
-0.672302
-0.783466
-0.322405
0.700715
0.271792
0.082499
0.475649
0.918022
1.247223
-2.325124
-1.786828
0.993089
1.758358
0.664362
-0.532656
-1.372778
0.646703
1.199382
1.263564
-0.081052
0.774481
-0.428261
0.640973
1.253478
0.296696
0.427759
0.763019
0.594828
0.082440
-0.899748
-0.928755
-0.795549
-0.775420
-0.338181
0.724319
0.308486
0.100820
0.405186
0.720424
1.050706
-2.396066
-1.872884
0.852065
1.801862
0.743508
-0.566650
-1.545158
0.283044
1.117124
1.286467
-0.087871
0.723116
-0.471608
0.579534
1.239714
0.314522
0.439627
0.680889
0.450642
0.042680
-0.948540
-1.025402
-0.812651
-0.753535
-0.334472
0.754807
0.302310
0.050068
0.400314
0.807216
1.141924
-2.340207
-1.866594
0.933292
1.849962
0.720541
-0.545004
-1.487121
0.357936
1.157778
1.308383
-0.104174
0.549182
-0.502693
0.555362
1.209351
0.267520
0.390591
0.714435
0.516167
0.030166
-0.907620
-0.970383
-0.917262
-0.772173
-0.340896
0.680545
0.013302
-0.008325
0.360348
0.687459
1.330087
-2.274513
-1.818298
0.869435
1.777282
0.731382
-0.615089
-1.603295
0.459011
1.192066
1.339511
-0.036975
0.827072
-0.449059
0.623374
0.734254
0.242123
0.283893
0.674287
0.344553
0.073314
-0.271878
-1.331486
-0.049288
-0.551315
-0.740324
0.382123
-0.163465
-0.021697
0.203146
-1.040803
-0.954877
-2.207368
-2.479050
0.163445
-0.564509
-0.364211
-0.118961
-0.279778
-1.773309
-0.700614
1.399880
0.576828
-0.273079
-0.074295
0.628422
0.464668
2.029112
1.845908
0.801979
0.711728
0.133667
0.094766
-0.973759
-0.819990
0.631616
0.784264
0.742963
0.378831
1.007533
1.503236
1.757042
0.140126
0.651076
0.370848
-1.387826
0.560769
1.119737
1.019804
0.488907
-2.057685
-2.099411
-0.027580
0.975861
0.061747
0.762389
0.299120
-0.576265
1.752472
-0.394048
-0.920587
0.187233
0.779159
-0.215197
0.426327
0.490822
0.426022
2.149692
0.477148
-0.304215
0.770577
-0.347696
0.268857
0.649901
0.717645
1.141631
-1.661940
-2.151881
0.543355
1.207951
0.984207
0.631564
-0.201433
0.602289
2.384310
1.678890
-0.072724
0.669529
0.931586
1.289932
2.296973
-0.724680
0.563239
0.204295
-1.956056
2.223911
0.835198
-0.077984
1.084530
-0.070266
0.870028
2.227974
1.306700
-1.362286
0.436598
0.924086
0.230428
0.871175
-0.308273
0.025197
0.402410
0.531101
-0.557804
-0.031845
-1.120585
-0.813897
-1.469202
-0.223002
1.005744
-0.305274
-1.997343
-0.871997
-1.039956
-1.539236
-0.894357
-1.390604
-1.573447
-0.982797
-1.513150
-1.424739
-0.264471
-1.158876
-0.740447
-0.390614
-0.028033
0.070820
0.169263
0.109896
0.253050
0.235120
0.224201
0.211399
0.164214
0.164939
-0.606311
-0.652009
-0.592012
-0.639413
-0.352315
-0.506010
-0.504218
-0.544155
-1.136397
-1.300943
-1.388931
-1.797632
-2.025367
-1.921007
-1.541473
-1.378565
1.362768
1.405166
1.400759
0.624091
-0.468018
1.038441
1.678844
1.757382
0.734884
0.820697
0.505365
1.113935
1.556099
0.842496
0.323164
0.481420
1.075366
0.994863
0.768341
0.874474
1.352035
1.544108
1.437062
1.384904
0.347824
0.351375
0.473432
0.941963
0.490294
0.169127
0.028618
0.382187
-0.255816
-0.067839
-0.065137
-0.312609
0.639697
0.174317
0.067392
-0.482708
-1.794840
-1.224761
-1.186647
-1.773275
0.105256
0.219193
0.263609
-1.153571
-0.363138
-1.875644
-1.979464
0.746191
-1.520574
-0.263494
0.034655
0.345805
1.422143
1.205082
1.036698
0.005539
-1.059390
-0.729716
-0.827675
-1.342779
0.563379
0.538167
0.599850
-1.005951
0.249951
-1.507154
-1.756068
1.206357
-0.989355
0.131560
0.556799
1.797944
0.912936
1.867324
2.128609
0.758255
1.401239
0.725628
0.419311
0.232166
-0.715467
-0.085140
0.427717
0.123674
-0.055185
-0.559724
-0.660411
0.723930
1.229423
0.837152
0.498176
-2.155109
-0.590405
-1.802808
-2.047353
0.302083
0.495564
0.439254
0.339918
1.624569
0.116885
1.273585
1.766384
0.489321
0.807744
0.473766
0.278148
-0.008395
-1.124982
-0.246822
0.283083
-0.310965
-0.381564
-0.610370
-0.668728
0.426394
1.401345
0.919153
0.524630
-2.307980
-1.636299
-1.925782
-2.052973
0.147755
0.584433
0.369425
0.260300
1.670135
1.336848
1.683896
1.716971
0.565992
1.207452
0.706652
0.314768
0.214856
1.114596
0.563335
0.338523
-0.223674
0.102748
-0.003421
-0.014590
1.156739
1.368805
1.096311
1.001539
0.837589
0.854150
0.928337
0.972603
-0.986266
-0.880957
-1.419066
-2.131003
-1.940596
-0.053213
-0.010187
0.459149
0.029515
0.384556
0.551956
0.221193
0.206980
0.268786
0.265906
0.213688
0.161323
0.092412
0.089949
-0.652047
-0.660551
-0.429949
-0.434952
-0.101762
-0.294880
-0.475895
-0.514413
-1.181174
-1.430346
-1.287839
-1.679462
-1.903066
-1.805997
-1.612996
-1.542996
1.010409
1.246789
1.407472
0.600282
-0.518998
1.076406
1.738826
1.879194
0.784612
0.713333
0.532492
1.127838
1.414203
0.715493
0.383800
0.497390
0.949617
0.916078
0.721983
0.907456
1.366482
1.497641
1.412626
1.429733
0.683893
0.945681
0.886517
1.394770
1.031263
0.824717
-0.490021
1.045906
1.049302
1.152294
0.981323
-1.502832
0.867065
-1.723370
1.244889
1.051306
0.607980
1.194478
0.710864
3.216088
-0.394715
