3
4
5
6
7
8
9
10
11
12
35
36
37
38
39
40
43
45
48
51
53
54
55
56
59
60
61
62
63
64
65
66
67
73
74
75
81
82
83
90
95
96
100
103
104
105
106
107
108
109
110
111
112
113
114
115
118
119
120
128
131
134
138
139
140
141
149
152
155
159
160
161
162
170
173
176
180
181
182
183
191
194
197
201
202
203
204
205
206
207
208
209
210
213
214
215
223
226
229
233
234
235
236
244
247
250
254
255
256
257
265
268
271
275
276
277
278
286
289
292
296
297
298
299
300
301
302
303
304
305
308
309
310
318
321
324
328
329
330
331
339
342
345
349
350
351
352
360
363
366
370
371
372
373
381
384
387
391
392
393
394
395
396
397
398
399
400
403
404
405
413
416
419
423
424
425
426
434
437
440
444
445
446
447
455
458
461
465
466
467
468
476
479
482
486
487
488
489
498
499
500
501
502
503
506
507
508
509
510
511
522
523
524
525
526
527
528
529
532
545
546
548
549
550
551
558
571
574
575
577
578
579
580
581
586
590
592
593
595
596
600
603
607
608
609
610
619
620
621
622
623
624
625
630
631
632
633
635
638
646
652
659
662
670
676
683
686
694
701
702
715
716
717
718
719
720
721
722
723
724
725
726
727
728
729
736
737
738
739
740
748
751
754
755
756
757
765
768
771
772
774
775
787
788
789
790
791
799
802
805
806
807
815
816
817
818
819
820
822
823
824
825
828
829
830
831
832
833
834
840
841
842
848
849
850
857
862
863
867
870
871
872
873
874
875
876
877
878
879
880
881
882
885
886
887
895
898
901
905
906
907
908
916
919
922
926
927
928
929
937
940
943
947
948
949
950
958
961
964
968
969
970
971
972
973
974
975
976
977
980
981
982
990
993
996
1000
1001
1002
1003
1011
1014
1017
1021
1022
1023
1024
1032
1035
1038
1042
1043
1044
1045
1053
1056
1059
1063
1064
1065
1066
1067
1068
1069
1070
1071
1072
1075
1076
1077
1085
1088
1091
1095
1096
1097
1098
1106
1109
1112
1116
1117
1118
1119
1127
1130
1133
1137
1138
1139
1140
1148
1151
1154
1158
1159
1160
1161
1162
1163
1164
1165
1166
1167
1170
1171
1172
1180
1183
1186
1190
1191
1192
1193
1201
1204
1207
1211
1212
1213
1214
1222
1225
1228
1232
1233
1234
1235
1243
1246
1249
1253
1254
1255
1256
1265
1266
1267
1268
1269
1270
1273
1274
1275
1276
1277
1278
1289
1290
1291
1292
1293
1294
1295
1296
1299
1312
1313
1315
1316
1317
1318
1325
1338
1341
1342
1344
1345
1346
1347
1348
1353
1357
1359
1360
1362
1363
1367
1370
1374
1375
1376
1377
1386
1387
1388
1389
1390
1391
1392
1397
1398
1399
1400
1402
1405
1413
1419
1426
1429
1437
1443
1450
1453
1461
1468
1469
1482
1483
1484
1485
1486
1487
1488
1489
1490
1491
1492
1493
1494
1495
1496
1503
1504
1505
1506
1507
1515
1518
1521
1522
1523
1524
1532
1535
1538
1539
1541
1542
1554
1555
1556
1557
1558
1566
1569
1572
1573
1574
1582
1583
1584
1585
1586
1587
1588
1592
1593
1598
1599
1600
1601
1602
1603
1604
1610
1611
1612
1618
1619
1620
1627
1632
1633
1637
1640
1641
1642
1643
1644
1645
1646
1647
1648
1649
1650
1651
1652
1655
1656
1657
1665
1668
1671
1675
1676
1677
1678
1686
1689
1692
1696
1697
1698
1699
1707
1710
1713
1717
1718
1719
1720
1728
1731
1734
1738
1739
1740
1741
1742
1743
1744
1745
1746
1747
1750
1751
1752
1760
1763
1766
1770
1771
1772
1773
1781
1784
1787
1791
1792
1793
1794
1802
1805
1808
1812
1813
1814
1815
1823
1826
1829
1833
1834
1835
1836
1837
1838
1839
1840
1841
1842
1845
1846
1847
1855
1858
1861
1865
1866
1867
1868
1876
1879
1882
1886
1887
1888
1889
1897
1900
1903
1907
1908
1909
1910
1918
1921
1924
1928
1929
1930
1931
1932
1933
1934
1935
1936
1937
1940
1941
1942
1950
1953
1956
1960
1961
1962
1963
1971
1974
1977
1981
1982
1983
1984
1992
1995
1998
2002
2003
2004
2005
2013
2016
2019
2023
2024
2025
2026
2035
2036
2037
2038
2039
2040
2043
2044
2045
2046
2047
2048
2059
2060
2061
2062
2063
2064
2065
2066
2069
2082
2083
2085
2086
2087
2088
2095
2108
2111
2112
2114
2115
2116
2117
2118
2123
2127
2129
2130
2132
2133
2137
2140
2144
2145
2146
2147
2156
2157
2158
2159
2160
2161
2162
2167
2168
2169
2170
2172
2175
2183
2189
2196
2199
2207
2213
2220
2223
2231
2238
2239
2252
2253
2254
2255
2256
2257
2258
2259
2260
2261
2262
2263
2264
2265
2266
2273
2274
2275
2276
2277
2285
2288
2291
2292
2293
2294
2302
2305
2308
2309
2311
2312
2324
2325
2326
2327
2328
2336
2339
2342
2343
2344
2352
2353
2354
2355
2356
2357
2358
2362
2363
2368
2369
2370
2371
2372
2373
2374
2380
2381
2382
2388
2389
2390
2397
2402
2403
2407
2410
2411
2412
2413
2414
2415
2416
2417
2418
2419
2420
2421
2422
2425
2426
2427
2435
2438
2441
2445
2446
2447
2448
2456
2459
2462
2466
2467
2468
2469
2477
2480
2483
2487
2488
2489
2490
2498
2501
2504
2508
2509
2510
2511
2512
2513
2514
2515
2516
2517
2520
2521
2522
2530
2533
2536
2540
2541
2542
2543
2551
2554
2557
2561
2562
2563
2564
2572
2575
2578
2582
2583
2584
2585
2593
2596
2599
2603
2604
2605
2606
2607
2608
2609
2610
2611
2612
2615
2616
2617
2625
2628
2631
2635
2636
2637
2638
2646
2649
2652
2656
2657
2658
2659
2667
2670
2673
2677
2678
2679
2680
2688
2691
2694
2698
2699
2700
2701
2702
2703
2704
2705
2706
2707
2710
2711
2712
2720
2723
2726
2730
2731
2732
2733
2741
2744
2747
2751
2752
2753
2754
2762
2765
2768
2772
2773
2774
2775
2783
2786
2789
2793
2794
2795
2796
2805
2806
2807
2808
2809
2810
2813
2814
2815
2816
2817
2818
2829
2830
2831
2832
2833
2834
2835
2836
2839
2852
2853
2855
2856
2857
2858
2865
2878
2881
2882
2884
2885
2886
2887
2888
2893
2897
2899
2900
2902
2903
2907
2910
2914
2915
2916
2917
2926
2927
2928
2929
2930
2931
2932
2937
2938
2939
2940
2942
2945
2953
2959
2966
2969
2977
2983
2990
2993
3001
3008
3009
3022
3023
3024
3025
3026
3027
3028
3029
3030
3031
3032
3033
3034
3035
3036
3043
3044
3045
3046
3047
3055
3058
3061
3062
3063
3064
3072
3075
3078
3079
3081
3082
3094
3095
3096
3097
3098
3106
3109
3112
3113
3114
3122
3123
3124
3125
3126
3127
3130
3135
3136
3137
3138
3141
3142
3143
3144
3145
3146
3157
3159
3160
3169
3171
3172
3181
3183
3185
3187
3188
3193
3202
3204
3205
3210
3219
3221
3231
3232
3235
3237
3238
3239
3240
3241
3242
3243
3246
3251
3266
3267
3269
3270
3271
3272
3274
3295
3296
3303
3304
3305
3307
3308
3309
3310
3311
3312
3313
3315
3320
3324
3326
3328
3329
3330
3332
3335
3338
3339
3340
3341
3342
3343
3346
3347
3348
3349
3351
3352
3353
3354
3355
3356
3361
3362
3363
3364
3366
3367
3368
3369
3370
3371
3372
3374
3379
3383
3385
3387
3388
3389
3391
3394
3397
3398
3399
3400
3401
3402
3405
3406
3407
3408
3410
3411
3412
3413
3414
3417
3421
3422
3424
3431
3434
3435
3436
3438
3439
3440
3441
3442
3443
3444
3446
3451
3455
3457
3459
3460
3461
3463
3466
3469
3470
3471
3472
3473
3474
3477
3478
3479
3480
3482
3483
3484
3485
3486
3487
3488
3489
3495
3496
3506
3515
3520
3521
3522
3524
3525
3526
3527
3528
3529
3530
3532
3537
3541
3543
3545
3546
3547
3549
3552
3555
3556
3557
3558
3559
3560
3563
3564
3565
3566
3568
3569
3570
3571
3572
3573
3574
3582
3589
3590
3591
3592
3594
3595
3596
3597
3598
3599
3600
3602
3607
3611
3613
3615
3616
3617
3619
3622
3625
3626
3627
3628
3629
3630
3633
3634
3635
3636
3638
3639
3640
3641
3642
3643
3644
3652
3661
3662
3663
3665
3666
3667
3668
3669
3670
3671
3673
3678
3682
3684
3686
3687
3688
3690
3693
3696
3697
3698
3699
3700
3701
3704
3705
3706
3707
3709
3710
3711
3712
3713
3714
3715
3723
3729
3738
3743
3744
3745
3747
3748
3749
3750
3751
3752
3753
3755
3760
3764
3766
3768
3769
3770
3772
3775
3778
3779
3780
3781
3782
3783
3786
3787
3788
3789
3791
3792
3793
3794
3795
3796
3797
3798
3801
3802
3803
3805
3806
3807
3808
3809
3810
3811
3813
3818
3822
3824
3826
3827
3828
3830
3833
3836
3837
3838
3839
3840
3841
3844
3845
3846
3847
3849
3850
3851
3852
3853
3855
3860
3861
3862
3864
3865
3866
3867
3868
3869
3870
3872
3877
3881
3883
3885
3886
3887
3889
3892
3895
3896
3897
3898
3899
3900
3903
3904
3905
3906
3908
3909
3910
3911
3912
3913
3914
3916
3921
3922
3923
3925
3926
3927
3928
3929
3930
3931
3933
3938
3942
3944
3946
3947
3948
3950
3953
3956
3957
3958
3959
3960
3961
3964
3965
3966
3967
3969
3970
3971
3972
3973
3974
3976
3980
3984
3985
3989
3995
3998
4013
4014
4015
4016
4017
4018
4019
4020
4021
4023
4024
4025
4026
4027
4028
4033
4035
4036
4039
4041
4042
4043
4044
4045
4046
4047
4050
4055
4070
4071
4073
4074
4075
4076
4078
4099
4100
4107
4108
4109
4111
4112
4113
4114
4115
4116
4117
4119
4124
4128
4130
4132
4133
4134
4136
4139
4142
4143
4144
4145
4146
4147
4150
4151
4152
4153
4155
4156
4157
4158
4159
4160
4165
4166
4167
4168
4170
4171
4172
4173
4174
4175
4176
4178
4183
4187
4189
4191
4192
4193
4195
4198
4201
4202
4203
4204
4205
4206
4209
4210
4211
4212
4214
4215
4216
4217
4218
4221
4225
4226
4228
4235
4238
4239
4240
4242
4243
4244
4245
4246
4247
4248
4250
4255
4259
4261
4263
4264
4265
4267
4270
4273
4274
4275
4276
4277
4278
4281
4282
4283
4284
4286
4287
4288
4289
4290
4291
4292
4293
4299
4300
4310
4319
4324
4325
4326
4328
4329
4330
4331
4332
4333
4334
4336
4341
4345
4347
4349
4350
4351
4353
4356
4359
4360
4361
4362
4363
4364
4367
4368
4369
4370
4372
4373
4374
4375
4376
4377
4378
4386
4393
4394
4395
4396
4398
4399
4400
4401
4402
4403
4404
4406
4411
4415
4417
4419
4420
4421
4423
4426
4429
4430
4431
4432
4433
4434
4437
4438
4439
4440
4442
4443
4444
4445
4446
4447
4448
4456
4465
4466
4467
4469
4470
4471
4472
4473
4474
4475
4477
4482
4486
4488
4490
4491
4492
4494
4497
4500
4501
4502
4503
4504
4505
4508
4509
4510
4511
4513
4514
4515
4516
4517
4518
4519
4527
4533
4542
4547
4548
4549
4551
4552
4553
4554
4555
4556
4557
4559
4564
4568
4570
4572
4573
4574
4576
4579
4582
4583
4584
4585
4586
4587
4590
4591
4592
4593
4595
4596
4597
4598
4599
4600
4601
4602
4605
4606
4607
4609
4610
4611
4612
4613
4614
4615
4617
4622
4626
4628
4630
4631
4632
4634
4637
4640
4641
4642
4643
4644
4645
4648
4649
4650
4651
4653
4654
4655
4656
4657
4659
4664
4665
4666
4668
4669
4670
4671
4672
4673
4674
4676
4681
4685
4687
4689
4690
4691
4693
4696
4699
4700
4701
4702
4703
4704
4707
4708
4709
4710
4712
4713
4714
4715
4716
4717
4718
4720
4725
4726
4727
4729
4730
4731
4732
4733
4734
4735
4737
4742
4746
4748
4750
4751
4752
4754
4757
4760
4761
4762
4763
4764
4765
4768
4769
4770
4771
4773
4774
4775
4776
4777
4778
4780
4784
4788
4789
4793
4799
4802
4817
4818
4819
4820
4821
4822
4823
4824
4825
4827
4828
4829
4830
4831
4832
4837
4839
4846
4847
4859
4871
4872
4873
4874
4875
4876
4877
4878
4879
4880
4881
4882
4883
4884
4885
4886
4889
4890
4891
4899
4902
4905
4909
4910
4911
4912
4920
4923
4926
4930
4931
4932
4933
4941
4944
4947
4951
4952
4953
4954
4962
4965
4968
4972
4973
4974
4975
4976
4977
4978
4979
4980
4981
4984
4985
4986
4994
4997
5000
5004
5005
5006
5007
5015
5018
5021
5025
5026
5027
5028
5036
5039
5042
5046
5047
5048
5049
5057
5060
5063
5067
5068
5069
5070
5071
5072
5073
5074
5075
5076
5079
5080
5081
5089
5092
5095
5099
5100
5101
5102
5110
5113
5116
5120
5121
5122
5123
5131
5134
5137
5141
5142
5143
5144
5152
5155
5158
5162
5163
5164
5165
5166
5167
5168
5169
5170
5171
5174
5175
5176
5184
5187
5190
5194
5195
5196
5197
5205
5208
5211
5215
5216
5217
5218
5226
5229
5232
5236
5237
5238
5239
5247
5250
5253
5257
5258
5259
5260
5269
5270
5271
5272
5273
5274
5275
5276
5281
5282
5283
5284
5285
5286
5293
5300
5303
5307
5311
5319
5320
5322
5323
5324
5325
5332
5345
5348
5349
5351
5352
5353
5354
5355
5360
5364
5366
5367
5369
5370
5374
5377
5381
5382
5383
5384
5393
5394
5395
5396
5397
5398
5399
5404
5405
5406
5407
5409
5412
5420
5426
5433
5436
5444
5450
5457
5460
5468
5475
5476
5489
5490
5491
5492
5493
5494
5495
5496
5497
5498
5499
5500
5501
5502
5503
5504
5511
5521
5522
5523
5524
5525
5526
5529
5536
5549
5550
5551
5552
5553
5555
5556
5557
5558
5560
5581
5582
5589
5590
5591
5593
5594
5595
5596
5597
5598
5599
5601
5606
5610
5612
5614
5615
5616
5618
5621
5624
5625
5626
5627
5628
5629
5632
5633
5634
5635
5637
5638
5639
5640
5641
5642
5647
5648
5649
5650
5652
5653
5654
5655
5656
5657
5658
5660
5665
5669
5671
5673
5674
5675
5677
5680
5683
5684
5685
5686
5687
5688
5691
5692
5693
5694
5696
5697
5698
5699
5700
5703
5707
5708
5710
5717
5720
5721
5722
5724
5725
5726
5727
5728
5729
5730
5732
5737
5741
5743
5745
5746
5747
5749
5752
5755
5756
5757
5758
5759
5760
5763
5764
5765
5766
5768
5769
5770
5771
5772
5773
5774
5775
5781
5782
5792
5801
5806
5807
5808
5810
5811
5812
5813
5814
5815
5816
5818
5823
5827
5829
5831
5832
5833
5835
5838
5841
5842
5843
5844
5845
5846
5849
5850
5851
5852
5854
5855
5856
5857
5858
5859
5860
5868
5875
5876
5877
5878
5880
5881
5882
5883
5884
5885
5886
5888
5893
5897
5899
5901
5902
5903
5905
5908
5911
5912
5913
5914
5915
5916
5919
5920
5921
5922
5924
5925
5926
5927
5928
5929
5930
5938
5947
5948
5949
5951
5952
5953
5954
5955
5956
5957
5959
5964
5968
5970
5972
5973
5974
5976
5979
5982
5983
5984
5985
5986
5987
5990
5991
5992
5993
5995
5996
5997
5998
5999
6000
6001
6009
6015
6024
6029
6030
6031
6033
6034
6035
6036
6037
6038
6039
6041
6046
6050
6052
6054
6055
6056
6058
6061
6064
6065
6066
6067
6068
6069
6072
6073
6074
6075
6077
6078
6079
6080
6081
6082
6083
6084
6087
6088
6089
6091
6092
6093
6094
6095
6096
6097
6099
6104
6108
6110
6112
6113
6114
6116
6119
6122
6123
6124
6125
6126
6127
6130
6131
6132
6133
6135
6136
6137
6138
6139
6141
6146
6147
6148
6150
6151
6152
6153
6154
6155
6156
6158
6163
6167
6169
6171
6172
6173
6175
6178
6181
6182
6183
6184
6185
6186
6189
6190
6191
6192
6194
6195
6196
6197
6198
6199
6200
6202
6207
6208
6209
6211
6212
6213
6214
6215
6216
6217
6219
6224
6228
6230
6232
6233
6234
6236
6239
6242
6243
6244
6245
6246
6247
6250
6251
6252
6253
6255
6256
6257
6258
6259
6260
6262
6266
6270
6271
6275
6281
6284
6299
6300
6301
6302
6303
6304
6305
6306
6309
6310
6311
6312
6313
6314
6321
6334
6335
6337
6338
6339
6340
6342
6357
6359
6362
6364
6365
6368
6374
6380
6387
6390
6398
6404
6411
6414
6422
6428
6442
6443
6444
6445
6446
6447
6448
6449
6450
6451
6452
6453
6454
6455
6456
6457
6468
6469
6470
6471
6472
6473
6503
6504
6505
6507
6508
6509
6510
6512
6533
6534
6541
6542
6543
6545
6546
6547
6548
6549
6550
6551
6553
6558
6562
6564
6566
6567
6568
6570
6573
6576
6577
6578
6579
6580
6581
6584
6585
6586
6587
6589
6590
6591
6592
6593
6594
6599
6600
6601
6602
6604
6605
6606
6607
6608
6609
6610
6612
6617
6621
6623
6625
6626
6627
6629
6632
6635
6636
6637
6638
6639
6640
6643
6644
6645
6646
6648
6649
6650
6651
6652
6655
6659
6660
6662
6669
6672
6673
6674
6676
6677
6678
6679
6680
6681
6682
6684
6689
6693
6695
6697
6698
6699
6701
6704
6707
6708
6709
6710
6711
6712
6715
6716
6717
6718
6720
6721
6722
6723
6724
6725
6726
6727
6733
6734
6744
6753
6758
6759
6760
6762
6763
6764
6765
6766
6767
6768
6770
6775
6779
6781
6783
6784
6785
6787
6790
6793
6794
6795
6796
6797
6798
6801
6802
6803
6804
6806
6807
6808
6809
6810
6811
6812
6820
6827
6828
6829
6830
6832
6833
6834
6835
6836
6837
6838
6840
6845
6849
6851
6853
6854
6855
6857
6860
6863
6864
6865
6866
6867
6868
6871
6872
6873
6874
6876
6877
6878
6879
6880
6881
6882
6890
6899
6900
6901
6903
6904
6905
6906
6907
6908
6909
6911
6916
6920
6922
6924
6925
6926
6928
6931
6934
6935
6936
6937
6938
6939
6942
6943
6944
6945
6947
6948
6949
6950
6951
6952
6953
6961
6967
6976
6981
6982
6983
6985
6986
6987
6988
6989
6990
6991
6993
6998
7002
7004
7006
7007
7008
7010
7013
7016
7017
7018
7019
7020
7021
7024
7025
7026
7027
7029
7030
7031
7032
7033
7034
7035
7036
7039
7040
7041
7043
7044
7045
7046
7047
7048
7049
7051
7056
7060
7062
7064
7065
7066
7068
7071
7074
7075
7076
7077
7078
7079
7082
7083
7084
7085
7087
7088
7089
7090
7091
7093
7098
7099
7100
7102
7103
7104
7105
7106
7107
7108
7110
7115
7119
7121
7123
7124
7125
7127
7130
7133
7134
7135
7136
7137
7138
7141
7142
7143
7144
7146
7147
7148
7149
7150
7151
7152
7154
7159
7160
7161
7163
7164
7165
7166
7167
7168
7169
7171
7176
7180
7182
7184
7185
7186
7188
7191
7194
7195
7196
7197
7198
7199
7202
7203
7204
7205
7207
7208
7209
7210
7211
7212
7214
7218
7222
7223
7227
7233
7236
7251
7252
7253
7254
7255
7256
7257
7258
7261
7262
7263
7264
7265
7266
7267
7270
7291
7292
7294
7295
7296
7297
7299
7314
7316
7319
7321
7322
7325
7331
7337
7344
7347
7355
7361
7368
7371
7379
7385
7399
7400
7401
7402
7403
7404
7405
7406
7407
7408
7409
7410
7411
7412
7413
7414
7423
7424
7425
7426
7427
7428
7432
7437
7441
7444
7452
7453
7455
7456
7457
7458
7460
7475
7477
7480
7482
7483
7486
7492
7498
7505
7508
7516
7522
7529
7532
7540
7546
7560
7561
7562
7563
7564
7565
7566
7567
7568
7569
7570
7571
7572
7573
7574
7575
7585
7589
7592
7598
7599
7611
7623
7626
7632
7633
7634
7635
7636
7637
7638
7639
7640
7641
7644
7648
7650
7652
7653
7654
7655
7656
7657
7658
7659
7660
7661
7662
7663
7664
7665
7666
7667
7670
7671
7672
7680
7683
7686
7690
7691
7692
7693
7701
7704
7707
7711
7712
7713
7714
7722
7725
7728
7732
7733
7734
7735
7743
7746
7749
7753
7754
7755
7756
7757
7758
7759
7760
7761
7762
7765
7766
7767
7775
7778
7781
7785
7786
7787
7788
7796
7799
7802
7806
7807
7808
7809
7817
7820
7823
7827
7828
7829
7830
7838
7841
7844
7848
7849
7850
7851
7852
7853
7854
7855
7856
7857
7860
7861
7862
7870
7873
7876
7880
7881
7882
7883
7891
7894
7897
7901
7902
7903
7904
7912
7915
7918
7922
7923
7924
7925
7933
7936
7939
7943
7944
7945
7946
7947
7948
7949
7950
7951
7952
7955
7956
7957
7965
7968
7971
7975
7976
7977
7978
7986
7989
7992
7996
7997
7998
7999
8007
8010
8013
8017
8018
8019
8020
8028
8031
8034
8038
8039
8040
8041
8050
8051
8052
8053
8054
8055
8056
8057
8058
8061
8062
8063
8064
8065
8066
8069
8083
8084
8086
8087
8088
8089
8091
8106
8108
8111
8113
8114
8117
8123
8129
8136
8139
8147
8153
8160
8163
8171
8177
8191
8192
8193
8194
8195
8196
8197
8198
8202
8203
8204
8205
8206
8207
8210
8215
8218
8219
8220
8222
8223
8225
8226
8227
8228
8235
8248
8251
8252
8254
8255
8256
8257
8258
8263
8267
8269
8270
8272
8273
8277
8280
8284
8285
8286
8287
8296
8297
8298
8299
8300
8301
8302
8307
8308
8309
8310
8312
8315
8323
8329
8336
8339
8347
8353
8360
8363
8371
8378
8379
8392
8393
8394
8395
8396
8397
8398
8399
8400
8401
8402
8403
8404
8405
8406
8407
8408
8409
8410
8411
8412
8413
8416
8417
8418
8426
8429
8432
8436
8437
8438
8439
8447
8450
8453
8457
8458
8459
8460
8468
8471
8474
8478
8479
8480
8481
8489
8492
8495
8499
8500
8501
8502
8503
8504
8505
8506
8507
8508
8511
8512
8513
8521
8524
8527
8531
8532
8533
8534
8542
8545
8548
8552
8553
8554
8555
8563
8566
8569
8573
8574
8575
8576
8584
8587
8590
8594
8595
8596
8597
8598
8599
8600
8601
8602
8603
8606
8607
8608
8616
8619
8622
8626
8627
8628
8629
8637
8640
8643
8647
8648
8649
8650
8658
8661
8664
8668
8669
8670
8671
8679
8682
8685
8689
8690
8691
8692
8693
8694
8695
8696
8697
8698
8701
8702
8703
8711
8714
8717
8721
8722
8723
8724
8732
8735
8738
8742
8743
8744
8745
8753
8756
8759
8763
8764
8765
8766
8774
8777
8780
8784
8785
8786
8787
8796
8797
8798
8799
8800
8801
8802
8803
8804
8805
8806
8807
8808
8809
8810
8811
8812
8813
8814
8815
8818
8819
8820
8828
8831
8834
8838
8839
8840
8841
8849
8852
8855
8859
8860
8861
8862
8870
8873
8876
8880
8881
8882
8883
8891
8894
8897
8901
8902
8903
8904
8905
8906
8907
8908
8909
8910
8913
8914
8915
8923
8926
8929
8933
8934
8935
8936
8944
8947
8950
8954
8955
8956
8957
8965
8968
8971
8975
8976
8977
8978
8986
8989
8992
8996
8997
8998
8999
9000
9001
9002
9003
9004
9005
9008
9009
9010
9018
9021
9024
9028
9029
9030
9031
9039
9042
9045
9049
9050
9051
9052
9060
9063
9066
9070
9071
9072
9073
9081
9084
9087
9091
9092
9093
9094
9095
9096
9097
9098
9099
9100
9103
9104
9105
9113
9116
9119
9123
9124
9125
9126
9134
9137
9140
9144
9145
9146
9147
9155
9158
9161
9165
9166
9167
9168
9176
9179
9182
9186
9187
9188
9189
9198
9199
9200
9201
9202
9203
9204
9205
9206
9207
9208
9209
9210
9211
9212
9213
9214
9215
9216
9217
9220
9221
9222
9230
9233
9236
9240
9241
9242
9243
9251
9254
9257
9261
9262
9263
9264
9272
9275
9278
9282
9283
9284
9285
9293
9296
9299
9303
9304
9305
9306
9307
9308
9309
9310
9311
9312
9315
9316
9317
9325
9328
9331
9335
9336
9337
9338
9346
9349
9352
9356
9357
9358
9359
9367
9370
9373
9377
9378
9379
9380
9388
9391
9394
9398
9399
9400
9401
9402
9403
9404
9405
9406
9407
9410
9411
9412
9420
9423
9426
9430
9431
9432
9433
9441
9444
9447
9451
9452
9453
9454
9462
9465
9468
9472
9473
9474
9475
9483
9486
9489
9493
9494
9495
9496
9497
9498
9499
9500
9501
9502
9505
9506
9507
9515
9518
9521
9525
9526
9527
9528
9536
9539
9542
9546
9547
9548
9549
9557
9560
9563
9567
9568
9569
9570
9578
9581
9584
9588
9589
9590
9591
9600
9601
9602
9603
9604
9605
9606
9609
9610
9611
9612
9613
9614
9615
9618
9621
9625
9630
9634
9638
9642
9643
9645
9646
9647
9648
9649
9680
9681
9682
9683
9684
9685
9686
9687
9691
9692
9693
9694
9695
9696
9701
9714
9715
9717
9718
9719
9720
9721
9752
9753
9754
9755
9756
9757
9758
9759
9760
9761
9762
9763
9764
9765
9766
9767
9772
9777
9778
9779
9780
9781
9782
9783
9786
9789
9797
9801
9805
9809
9810
9812
9813
9814
9815
9816
9847
9848
9849
9850
9851
9852
9853
9854
9857
9859
9860
9861
9862
9863
9864
9867
9870
9885
9886
9888
9889
9890
9891
9892
9923
9924
9925
9926
9927
9928
9929
9930
9933
9934
9935
9936
9937
9938
9939
9942
9955
9956
9958
9959
9960
9961
9962
9993
9994
9995
9996
9997
9998
9999
10000
10003
10005
10006
10007
10008
10009
10010
10013
10030
10031
10033
10034
10035
10036
10037
10068
10069
10070
10071
10072
10073
10074
10075
10078
10079
10080
10081
10082
10083
10086
10099
10100
10102
10103
10104
10105
10106
10137
10138
10139
10140
10141
10142
10143
10144
10145
10146
10147
10148
10149
10150
10151
10152
10176
10183
10184
10186
10187
10188
10189
10190
10196
10205
10211
10224
10225
10226
10227
10228
10229
10230
10231
10232
10235
10236
10237
10238
10239
10240
10241
10246
10261
10262
10264
10265
10266
10267
10268
10299
10300
10301
10302
10303
10304
10305
10306
10309
10314
10317
10324
10325
10327
10328
10329
10330
10331
10337
10346
10352
10365
10366
10367
10368
10369
10370
10371
10374
10375
10376
10377
10378
10379
10382
10397
10398
10400
10401
10402
10403
10404
10435
10436
10437
10438
10439
10440
10441
10442
10445
10446
10447
10448
10449
10450
10451
10456
10469
10472
10473
10475
10476
10477
10478
10479
10510
10511
10512
10513
10514
10515
10516
10517
10520
10521
10522
10523
10524
10525
10526
10529
10544
10545
10547
10548
10549
10550
10551
10582
10583
10584
10585
10586
10587
10588
10589
10592
10593
10594
10595
10596
10597
10598
10601
10604
10619
10620
10622
10623
10624
10625
10626
10657
10658
10659
10660
10661
10662
10663
10664
10667
10668
10669
10670
10671
10672
10675
10690
10691
10693
10694
10695
10696
10697
10728
10729
10730
10731
10732
10733
10734
10735
10736
10737
10738
10739
10740
10741
10742
10743
10760
10761
10762
10763
10764
10765
10766
10769
10772
10787
10788
10790
10791
10792
10793
10794
10825
10826
10827
10828
10829
10830
10831
10832
10835
10836
10837
10838
10839
10840
10843
10858
10859
10861
10862
10863
10864
10865
10896
10897
10898
10899
10900
10901
10902
10903
10904
10905
10906
10907
10908
10909
10910
10911
10926
10927
10928
10929
10930
10931
10932
10935
10938
10953
10954
10956
10957
10958
10959
10960
10991
10992
10993
10994
10995
10996
10997
10998
11001
11002
11003
11004
11005
11006
11009
11024
11025
11027
11028
11029
11030
11031
11062
11063
11064
11065
11066
11067
11068
11069
11070
11071
11072
11073
11074
11075
11076
11077
11084
11090
11091
11092
11093
11094
11095
11103
11112
11113
11115
11116
11117
11118
11119
11150
11151
11152
11153
11154
11155
11156
11157
11160
11161
11162
11163
11164
11165
11166
11171
11186
11187
11189
11190
11191
11192
11193
11224
11225
11226
11227
11228
11229
11230
11231
11240
11247
11248
11250
11251
11252
11253
11254
11260
11269
11275
11288
11289
11290
11291
11292
11293
11294
11297
11298
11299
11300
11301
11302
11303
11306
11309
11324
11325
11327
11328
11329
11330
11331
11362
11363
11364
11365
11366
11367
11368
11369
11372
11385
11386
11388
11389
11390
11391
11392
11398
11407
11413
11426
11427
11428
11429
11430
11431
11432
11435
11436
11437
11438
11439
11440
11443
11458
11459
11461
11462
11463
11464
11465
11496
11497
11498
11499
11500
11501
11502
11503
11504
11506
11507
11508
11509
11510
11511
11512
11515
11517
11518
11520
11521
11523
11524
11525
11527
11529
11534
11552
11557
11561
11562
11563
11564
11567
11568
11569
11571
11572
11573
11574
11577
11578
11579
11580
11581
11582
11583
11586
11589
11604
11605
11607
11608
11609
11610
11611
11642
11643
11644
11645
11646
11647
11648
11649
11652
11653
11654
11655
11656
11657
11660
11675
11676
11678
11679
11680
11681
11682
11713
11714
11715
11716
11717
11718
11719
11720
11723
11724
11725
11726
11727
11728
11729
11732
11735
11750
11751
11753
11754
11755
11756
11757
11788
11789
11790
11791
11792
11793
11794
11795
11798
11799
11800
11801
11802
11803
11806
11819
11820
11822
11823
11824
11825
11826
11857
11858
11859
11860
11861
11862
11863
11864
11865
11866
11867
11868
11869
11870
11871
11872
11889
11890
11891
11892
11893
11894
11895
11898
11901
11916
11917
11919
11920
11921
11922
11923
11954
11955
11956
11957
11958
11959
11960
11961
11964
11965
11966
11967
11968
11969
11972
11985
11986
11988
11989
11990
11991
11992
12023
12024
12025
12026
12027
12028
12029
12030
12031
12032
12033
12034
12035
12036
12037
12038
12053
12054
12055
12056
12057
12058
12059
12062
12065
12080
12081
12083
12084
12085
12086
12087
12118
12119
12120
12121
12122
12123
12124
12125
12128
12129
12130
12131
12132
12133
12136
12149
12150
12152
12153
12154
12155
12156
12187
12188
12189
12190
12191
12192
12193
12194
12195
12196
12197
12198
12199
12200
12201
12202
12212
12215
12216
12217
12218
12219
12220
12226
12239
12240
12242
12243
12244
12245
12246
12277
12278
12279
12280
12281
12282
12283
12284
12285
12286
12287
12288
12289
12290
12291
12292
12299
12305
12306
12307
12308
12309
12310
12314
12329
12330
12332
12333
12334
12335
12336
12367
12368
12369
12370
12371
12372
12373
12374
12375
12376
12377
12378
12379
12380
12381
12382
12401
12402
12417
12424
12425
12427
12428
12429
12430
12431
12437
12446
12452
12465
12466
12467
12468
12469
12470
12471
12472
12473
12476
12477
12478
12479
12480
12481
12482
12487
12502
12503
12505
12506
12507
12508
12509
12540
12541
12542
12543
12544
12545
12546
12547
12550
12555
12558
12565
12566
12568
12569
12570
12571
12572
12578
12587
12593
12606
12607
12608
12609
12610
12611
12612
12615
12616
12617
12618
12619
12620
12623
12638
12639
12641
12642
12643
12644
12645
12676
12677
12678
12679
12680
12681
12682
12683
12686
12687
12688
12689
12690
12691
12692
12697
12710
12713
12714
12716
12717
12718
12719
12720
12751
12752
12753
12754
12755
12756
12757
12758
12761
12762
12763
12764
12765
12766
12767
12770
12785
12786
12788
12789
12790
12791
12792
12823
12824
12825
12826
12827
12828
12829
12830
12833
12834
12835
12836
12837
12838
12839
12842
12845
12860
12861
12863
12864
12865
12866
12867
12898
12899
12900
12901
12902
12903
12904
12905
12908
12909
12910
12911
12912
12913
12916
12931
12932
12934
12935
12936
12937
12938
12969
12970
12971
12972
12973
12974
12975
12976
12977
12978
12979
12980
12981
12982
12983
12984
13001
13002
13003
13004
13005
13006
13007
13010
13013
13028
13029
13031
13032
13033
13034
13035
13066
13067
13068
13069
13070
13071
13072
13073
13076
13077
13078
13079
13080
13081
13084
13099
13100
13102
13103
13104
13105
13106
13137
13138
13139
13140
13141
13142
13143
13144
13145
13146
13147
13148
13149
13150
13151
13152
13167
13168
13169
13170
13171
13172
13173
13176
13179
13194
13195
13197
13198
13199
13200
13201
13232
13233
13234
13235
13236
13237
13238
13239
13242
13243
13244
13245
13246
13247
13250
13265
13266
13268
13269
13270
13271
13272
13303
13304
13305
13306
13307
13308
13309
13310
13311
13312
13313
13314
13315
13316
13317
13318
13325
13331
13332
13333
13334
13335
13336
13344
13353
13354
13356
13357
13358
13359
13360
13391
13392
13393
13394
13395
13396
13397
13398
13401
13402
13403
13404
13405
13406
13407
13412
13427
13428
13430
13431
13432
13433
13434
13465
13466
13467
13468
13469
13470
13471
13472
13481
13488
13489
13491
13492
13493
13494
13495
13501
13510
13516
13529
13530
13531
13532
13533
13534
13535
13538
13539
13540
13541
13542
13543
13544
13547
13550
13565
13566
13568
13569
13570
13571
13572
13603
13604
13605
13606
13607
13608
13609
13610
13613
13626
13627
13629
13630
13631
13632
13633
13639
13648
13654
13667
13668
13669
13670
13671
13672
13673
13676
13677
13678
13679
13680
13681
13684
13699
13700
13702
13703
13704
13705
13706
13737
13738
13739
13740
13741
13742
13743
13744
13745
13747
13748
13749
13750
13751
13752
13753
13756
13758
13759
13761
13762
13764
13765
13766
13768
13770
13775
13793
13798
13802
13803
13804
13805
13808
13809
13810
13812
13813
13814
13815
13818
13819
13820
13821
13822
13823
13824
13827
13830
13845
13846
13848
13849
13850
13851
13852
13883
13884
13885
13886
13887
13888
13889
13890
13893
13894
13895
13896
13897
13898
13901
13916
13917
13919
13920
13921
13922
13923
13954
13955
13956
13957
13958
13959
13960
13961
13964
13965
13966
13967
13968
13969
13970
13973
13976
13991
13992
13994
13995
13996
13997
13998
14029
14030
14031
14032
14033
14034
14035
14036
14039
14040
14041
14042
14043
14044
14047
14060
14061
14063
14064
14065
14066
14067
14098
14099
14100
14101
14102
14103
14104
14105
14106
14107
14108
14109
14110
14111
14112
14113
14130
14131
14132
14133
14134
14135
14136
14139
14142
14157
14158
14160
14161
14162
14163
14164
14195
14196
14197
14198
14199
14200
14201
14202
14205
14206
14207
14208
14209
14210
14213
14226
14227
14229
14230
14231
14232
14233
14264
14265
14266
14267
14268
14269
14270
14271
14272
14273
14274
14275
14276
14277
14278
14279
14294
14295
14296
14297
14298
14299
14300
14303
14306
14321
14322
14324
14325
14326
14327
14328
14359
14360
14361
14362
14363
14364
14365
14366
14369
14370
14371
14372
14373
14374
14377
14390
14391
14393
14394
14395
14396
14397
14428
14429
14430
14431
14432
14433
14434
14435
14436
14437
14438
14439
14440
14441
14442
14443
14453
14456
14457
14458
14459
14460
14461
14467
14480
14481
14483
14484
14485
14486
14487
14518
14519
14520
14521
14522
14523
14524
14525
14526
14527
14528
14529
14530
14531
14532
14533
14540
14546
14547
14548
14549
14550
14551
14555
14570
14571
14573
14574
14575
14576
14577
14608
14609
14610
14611
14612
14613
14614
14615
14616
14617
14618
14619
14620
14621
14622
14623
14642
14643
14658
14665
14666
14668
14669
14670
14671
14672
14678
14687
14693
14706
14707
14708
14709
14710
14711
14712
14713
14714
14717
14718
14719
14720
14721
14722
14723
14728
14743
14744
14746
14747
14748
14749
14750
14781
14782
14783
14784
14785
14786
14787
14788
14791
14796
14799
14806
14807
14809
14810
14811
14812
14813
14819
14828
14834
14847
14848
14849
14850
14851
14852
14853
14856
14857
14858
14859
14860
14861
14864
14879
14880
14882
14883
14884
14885
14886
14917
14918
14919
14920
14921
14922
14923
14924
14927
14928
14929
14930
14931
14932
14933
14938
14951
14954
14955
14957
14958
14959
14960
14961
14992
14993
14994
14995
14996
14997
14998
14999
15002
15003
15004
15005
15006
15007
15008
15011
15026
15027
15029
15030
15031
15032
15033
15064
15065
15066
15067
15068
15069
15070
15071
15074
15075
15076
15077
15078
15079
15080
15083
15086
15101
15102
15104
15105
15106
15107
15108
15139
15140
15141
15142
15143
15144
15145
15146
15149
15150
15151
15152
15153
15154
15157
15172
15173
15175
15176
15177
15178
15179
15210
15211
15212
15213
15214
15215
15216
15217
15218
15219
15220
15221
15222
15223
15224
15225
15242
15243
15244
15245
15246
15247
15248
15251
15254
15269
15270
15272
15273
15274
15275
15276
15307
15308
15309
15310
15311
15312
15313
15314
15317
15318
15319
15320
15321
15322
15325
15340
15341
15343
15344
15345
15346
15347
15378
15379
15380
15381
15382
15383
15384
15385
15386
15387
15388
15389
15390
15391
15392
15393
15408
15409
15410
15411
15412
15413
15414
15417
15420
15435
15436
15438
15439
15440
15441
15442
15473
15474
15475
15476
15477
15478
15479
15480
15483
15484
15485
15486
15487
15488
15491
15506
15507
15509
15510
15511
15512
15513
15544
15545
15546
15547
15548
15549
15550
15551
15552
15553
15554
15555
15556
15557
15558
15559
15566
15572
15573
15574
15575
15576
15577
15585
15594
15595
15597
15598
15599
15600
15601
15632
15633
15634
15635
15636
15637
15638
15639
15642
15643
15644
15645
15646
15647
15648
15653
15668
15669
15671
15672
15673
15674
15675
15706
15707
15708
15709
15710
15711
15712
15713
15722
15729
15730
15732
15733
15734
15735
15736
15742
15751
15757
15770
15771
15772
15773
15774
15775
15776
15779
15780
15781
15782
15783
15784
15785
15788
15791
15806
15807
15809
15810
15811
15812
15813
15844
15845
15846
15847
15848
15849
15850
15851
15854
15867
15868
15870
15871
15872
15873
15874
15880
15889
15895
15908
15909
15910
15911
15912
15913
15914
15917
15918
15919
15920
15921
15922
15925
15940
15941
15943
15944
15945
15946
15947
15978
15979
15980
15981
15982
15983
15984
15985
15986
15988
15989
15990
15991
15992
15993
15994
15997
15999
16000
16002
16003
16005
16006
16007
16009
16011
16016
16034
16039
16043
16044
16045
16046
16049
16050
16051
16053
16054
16055
16056
16059
16060
16061
16062
16063
16064
16065
16068
16071
16086
16087
16089
16090
16091
16092
16093
16124
16125
16126
16127
16128
16129
16130
16131
16134
16135
16136
16137
16138
16139
16142
16157
16158
16160
16161
16162
16163
16164
16195
16196
16197
16198
16199
16200
16201
16202
16205
16206
16207
16208
16209
16210
16211
16214
16217
16232
16233
16235
16236
16237
16238
16239
16270
16271
16272
16273
16274
16275
16276
16277
16280
16281
16282
16283
16284
16285
16288
16301
16302
16304
16305
16306
16307
16308
16339
16340
16341
16342
16343
16344
16345
16346
16347
16348
16349
16350
16351
16352
16353
16354
16371
16372
16373
16374
16375
16376
16377
16380
16383
16398
16399
16401
16402
16403
16404
16405
16436
16437
16438
16439
16440
16441
16442
16443
16446
16447
16448
16449
16450
16451
16454
16467
16468
16470
16471
16472
16473
16474
16505
16506
16507
16508
16509
16510
16511
16512
16513
16514
16515
16516
16517
16518
16519
16520
16535
16536
16537
16538
16539
16540
16541
16544
16547
16562
16563
16565
16566
16567
16568
16569
16600
16601
16602
16603
16604
16605
16606
16607
16610
16611
16612
16613
16614
16615
16618
16631
16632
16634
16635
16636
16637
16638
16669
16670
16671
16672
16673
16674
16675
16676
16677
16678
16679
16680
16681
16682
16683
16684
16694
16697
16698
16699
16700
16701
16702
16708
16721
16722
16724
16725
16726
16727
16728
16759
16760
16761
16762
16763
16764
16765
16766
16767
16768
16769
16770
16771
16772
16773
16774
16781
16787
16788
16789
16790
16791
16792
16796
16811
16812
16814
16815
16816
16817
16818
16849
16850
16851
16852
16853
16854
16855
16856
16857
16858
16859
16860
16861
16862
16863
16864
16883
16884
16899
16906
16907
16909
16910
16911
16912
16913
16919
16928
16934
16947
16948
16949
16950
16951
16952
16953
16954
16955
16958
16959
16960
16961
16962
16963
16964
16969
16984
16985
16987
16988
16989
16990
16991
17022
17023
17024
17025
17026
17027
17028
17029
17032
17037
17040
17047
17048
17050
17051
17052
17053
17054
17060
17069
17075
17088
17089
17090
17091
17092
17093
17094
17097
17098
17099
17100
17101
17102
17105
17120
17121
17123
17124
17125
17126
17127
17158
17159
17160
17161
17162
17163
17164
17165
17168
17169
17170
17171
17172
17173
17174
17179
17192
17195
17196
17198
17199
17200
17201
17202
17233
17234
17235
17236
17237
17238
17239
17240
17243
17244
17245
17246
17247
17248
17249
17252
17267
17268
17270
17271
17272
17273
17274
17305
17306
17307
17308
17309
17310
17311
17312
17315
17316
17317
17318
17319
17320
17321
17324
17327
17342
17343
17345
17346
17347
17348
17349
17380
17381
17382
17383
17384
17385
17386
17387
17390
17391
17392
17393
17394
17395
17398
17413
17414
17416
17417
17418
17419
17420
17451
17452
17453
17454
17455
17456
17457
17458
17459
17460
17461
17462
17463
17464
17465
17466
17483
17484
17485
17486
17487
17488
17489
17492
17495
17510
17511
17513
17514
17515
17516
17517
17548
17549
17550
17551
17552
17553
17554
17555
17558
17559
17560
17561
17562
17563
17566
17581
17582
17584
17585
17586
17587
17588
17619
17620
17621
17622
17623
17624
17625
17626
17627
17628
17629
17630
17631
17632
17633
17634
17649
17650
17651
17652
17653
17654
17655
17658
17661
17676
17677
17679
17680
17681
17682
17683
17714
17715
17716
17717
17718
17719
17720
17721
17724
17725
17726
17727
17728
17729
17732
17747
17748
17750
17751
17752
17753
17754
17785
17786
17787
17788
17789
17790
17791
17792
17793
17794
17795
17796
17797
17798
17799
17800
17807
17813
17814
17815
17816
17817
17818
17826
17835
17836
17838
17839
17840
17841
17842
17873
17874
17875
17876
17877
17878
17879
17880
17883
17884
17885
17886
17887
17888
17889
17894
17909
17910
17912
17913
17914
17915
17916
17947
17948
17949
17950
17951
17952
17953
17954
17963
17970
17971
17973
17974
17975
17976
17977
17983
17992
17998
18011
18012
18013
18014
18015
18016
18017
18020
18021
18022
18023
18024
18025
18026
18029
18032
18047
18048
18050
18051
18052
18053
18054
18085
18086
18087
18088
18089
18090
18091
18092
18095
18108
18109
18111
18112
18113
18114
18115
18121
18130
18136
18149
18150
18151
18152
18153
18154
18155
18158
18159
18160
18161
18162
18163
18166
18181
18182
18184
18185
18186
18187
18188
18219
18220
18221
18222
18223
18224
18225
18226
18227
18229
18230
18231
18232
18233
18234
18235
18238
18240
18241
18243
18244
18246
18247
18248
18250
18252
18257
18275
18280
18284
18285
18286
18287
18290
18291
18292
18294
18295
18296
18297
18300
18301
18302
18303
18304
18305
18306
18309
18312
18327
18328
18330
18331
18332
18333
18334
18365
18366
18367
18368
18369
18370
18371
18372
18375
18376
18377
18378
18379
18380
18383
18398
18399
18401
18402
18403
18404
18405
18436
18437
18438
18439
18440
18441
18442
18443
18446
18447
18448
18449
18450
18451
18452
18455
18458
18473
18474
18476
18477
18478
18479
18480
18511
18512
18513
18514
18515
18516
18517
18518
18521
18522
18523
18524
18525
18526
18529
18542
18543
18545
18546
18547
18548
18549
18580
18581
18582
18583
18584
18585
18586
18587
18588
18589
18590
18591
18592
18593
18594
18595
18612
18613
18614
18615
18616
18617
18618
18621
18624
18639
18640
18642
18643
18644
18645
18646
18677
18678
18679
18680
18681
18682
18683
18684
18687
18688
18689
18690
18691
18692
18695
18708
18709
18711
18712
18713
18714
18715
18746
18747
18748
18749
18750
18751
18752
18753
18754
18755
18756
18757
18758
18759
18760
18761
18776
18777
18778
18779
18780
18781
18782
18785
18788
18803
18804
18806
18807
18808
18809
18810
18841
18842
18843
18844
18845
18846
18847
18848
18851
18852
18853
18854
18855
18856
18859
18872
18873
18875
18876
18877
18878
18879
18910
18911
18912
18913
18914
18915
18916
18917
18918
18919
18920
18921
18922
18923
18924
18925
18935
18938
18939
18940
18941
18942
18943
18949
18962
18963
18965
18966
18967
18968
18969
19000
19001
19002
19003
19004
19005
19006
19007
19008
19009
19010
19011
19012
19013
19014
19015
19022
19028
19029
19030
19031
19032
19033
19037
19052
19053
19055
19056
19057
19058
19059
19090
19091
19092
19093
19094
19095
19096
19097
19098
19099
19100
19101
19102
19103
19104
19105
19124
19125
19140
19147
19148
19150
19151
19152
19153
19154
19160
19169
19175
19188
19189
19190
19191
19192
19193
19194
19195
19196
19199
19200
19201
19202
19203
19204
19205
19210
19225
19226
19228
19229
19230
19231
19232
19263
19264
19265
19266
19267
19268
19269
19270
19273
19278
19281
19288
19289
19291
19292
19293
19294
19295
19301
19310
19316
19329
19330
19331
19332
19333
19334
19335
19338
19339
19340
19341
19342
19343
19346
19361
19362
19364
19365
19366
19367
19368
19399
19400
19401
19402
19403
19404
19405
19406
19409
19410
19411
19412
19413
19414
19415
19420
19433
19436
19437
19439
19440
19441
19442
19443
19474
19475
19476
19477
19478
19479
19480
19481
19484
19485
19486
19487
19488
19489
19490
19493
19508
19509
19511
19512
19513
19514
19515
19546
19547
19548
19549
19550
19551
19552
19553
19556
19557
19558
19559
19560
19561
19562
19565
19568
19583
19584
19586
19587
19588
19589
19590
19621
19622
19623
19624
19625
19626
19627
19628
19631
19632
19633
19634
19635
19636
19639
19654
19655
19657
19658
19659
19660
19661
19692
19693
19694
19695
19696
19697
19698
19699
19700
19701
19702
19703
19704
19705
19706
19707
19724
19725
19726
19727
19728
19729
19730
19733
19736
19751
19752
19754
19755
19756
19757
19758
19789
19790
19791
19792
19793
19794
19795
19796
19799
19800
19801
19802
19803
19804
19807
19822
19823
19825
19826
19827
19828
19829
19860
19861
19862
19863
19864
19865
19866
19867
19868
19869
19870
19871
19872
19873
19874
19875
19890
19891
19892
19893
19894
19895
19896
19899
19902
19917
19918
19920
19921
19922
19923
19924
19955
19956
19957
19958
19959
19960
19961
19962
19965
19966
19967
19968
19969
19970
19973
19988
19989
19991
19992
19993
19994
19995
20026
20027
20028
20029
20030
20031
20032
20033
20034
20035
20036
20037
20038
20039
20040
20041
20048
20054
20055
20056
20057
20058
20059
20067
20076
20077
20079
20080
20081
20082
20083
20114
20115
20116
20117
20118
20119
20120
20121
20124
20125
20126
20127
20128
20129
20130
20135
20150
20151
20153
20154
20155
20156
20157
20188
20189
20190
20191
20192
20193
20194
20195
20204
20211
20212
20214
20215
20216
20217
20218
20224
20233
20239
20252
20253
20254
20255
20256
20257
20258
20261
20262
20263
20264
20265
20266
20267
20270
20273
20288
20289
20291
20292
20293
20294
20295
20326
20327
20328
20329
20330
20331
20332
20333
20336
20349
20350
20352
20353
20354
20355
20356
20362
20371
20377
20390
20391
20392
20393
20394
20395
20396
20399
20400
20401
20402
20403
20404
20407
20422
20423
20425
20426
20427
20428
20429
20460
20461
20462
20463
20464
20465
20466
20467
20468
20470
20471
20472
20473
20474
20475
20476
20479
20481
20482
20484
20485
20487
20488
20489
20491
20493
20498
20516
20521
20525
20526
20527
20528
20531
20532
20533
20535
20536
20537
20538
20541
20542
20543
20544
20545
20546
20547
20550
20553
20568
20569
20571
20572
20573
20574
20575
20606
20607
20608
20609
20610
20611
20612
20613
20616
20617
20618
20619
20620
20621
20624
20639
20640
20642
20643
20644
20645
20646
20677
20678
20679
20680
20681
20682
20683
20684
20687
20688
20689
20690
20691
20692
20693
20696
20699
20714
20715
20717
20718
20719
20720
20721
20752
20753
20754
20755
20756
20757
20758
20759
20762
20763
20764
20765
20766
20767
20770
20783
20784
20786
20787
20788
20789
20790
20821
20822
20823
20824
20825
20826
20827
20828
20829
20830
20831
20832
20833
20834
20835
20836
20853
20854
20855
20856
20857
20858
20859
20862
20865
20880
20881
20883
20884
20885
20886
20887
20918
20919
20920
20921
20922
20923
20924
20925
20928
20929
20930
20931
20932
20933
20936
20949
20950
20952
20953
20954
20955
20956
20987
20988
20989
20990
20991
20992
20993
20994
20995
20996
20997
20998
20999
21000
21001
21002
21017
21018
21019
21020
21021
21022
21023
21026
21029
21044
21045
21047
21048
21049
21050
21051
21082
21083
21084
21085
21086
21087
21088
21089
21092
21093
21094
21095
21096
21097
21100
21113
21114
21116
21117
21118
21119
21120
21151
21152
21153
21154
21155
21156
21157
21158
21159
21160
21161
21162
21163
21164
21165
21166
21176
21179
21180
21181
21182
21183
21184
21190
21203
21204
21206
21207
21208
21209
21210
21241
21242
21243
21244
21245
21246
21247
21248
21249
21250
21251
21252
21253
21254
21255
21256
21263
21269
21270
21271
21272
21273
21274
21278
21293
21294
21296
21297
21298
21299
21300
21331
21332
21333
21334
21335
21336
21337
21338
21339
21340
21341
21342
21343
21344
21345
21346
21365
21370
21379
21380
21399
21400
21403
21404
21405
21406
21407
21408
21409
21412
21415
21430
21431
21433
21434
21435
21436
21437
21468
21469
21470
21471
21472
21473
21474
21475
21478
21487
21488
21507
21508
21511
21512
21513
21514
21515
21516
21519
21534
21535
21537
21538
21539
21540
21541
21572
21573
21574
21575
21576
21577
21578
21579
21582
21583
21584
21585
21586
21587
21588
21591
21594
21609
21610
21612
21613
21614
21615
21616
21647
21648
21649
21650
21651
21652
21653
21654
21657
21658
21659
21660
21661
21662
21665
21680
21681
21683
21684
21685
21686
21687
21718
21719
21720
21721
21722
21723
21724
21725
21728
21729
21730
21731
21732
21733
21734
21737
21740
21755
21756
21758
21759
21760
21761
21762
21793
21794
21795
21796
21797
21798
21799
21800
21803
21804
21805
21806
21807
21808
21811
21826
21827
21829
21830
21831
21832
21833
21864
21865
21866
21867
21868
21869
21870
21871
21872
21873
21874
21875
21876
21877
21878
21879
21894
21895
21896
21897
21898
21899
21900
21903
21906
21921
21922
21924
21925
21926
21927
21928
21959
21960
21961
21962
21963
21964
21965
21966
21969
21970
21971
21972
21973
21974
21977
21992
21993
21995
21996
21997
21998
21999
22030
22031
22032
22033
22034
22035
22036
22037
22038
22039
22040
22041
22042
22043
22044
22045
22060
22061
22062
22063
22064
22065
22066
22069
22072
22087
22088
22090
22091
22092
22093
22094
22125
22126
22127
22128
22129
22130
22131
22132
22135
22136
22137
22138
22139
22140
22143
22158
22159
22161
22162
22163
22164
22165
22196
22197
22198
22199
22200
22201
22202
22203
22204
22205
22206
22207
22208
22209
22210
22211
22218
22224
22225
22226
22227
22228
22229
22237
22246
22247
22249
22250
22251
22252
22253
22284
22285
22286
22287
22288
22289
22290
22291
22294
22295
22296
22297
22298
22299
22300
22303
22320
22321
22323
22324
22325
22326
22327
22358
22359
22360
22361
22362
22363
22364
22365
22368
22377
22378
22397
22398
22401
22402
22403
22404
22405
22406
22407
22410
22413
22428
22429
22431
22432
22433
22434
22435
22466
22467
22468
22469
22470
22471
22472
22473
22476
22485
22486
22505
22506
22509
22510
22511
22512
22513
22514
22517
22532
22533
22535
22536
22537
22538
22539
22570
22571
22572
22573
22574
22575
22576
22577
22578
22580
22581
22582
22583
22584
22585
22586
22589
22591
22592
22594
22595
22597
22598
22599
22601
22603
22608
22626
22631
22635
22636
22637
22638
22641
22642
22643
22645
22646
22647
22648
22651
22652
22653
22654
22655
22656
22657
22660
22663
22678
22679
22681
22682
22683
22684
22685
22716
22717
22718
22719
22720
22721
22722
22723
22726
22727
22728
22729
22730
22731
22734
22749
22750
22752
22753
22754
22755
22756
22787
22788
22789
22790
22791
22792
22793
22794
22797
22798
22799
22800
22801
22802
22803
22806
22809
22824
22825
22827
22828
22829
22830
22831
22862
22863
22864
22865
22866
22867
22868
22869
22872
22873
22874
22875
22876
22877
22880
22893
22894
22896
22897
22898
22899
22900
22931
22932
22933
22934
22935
22936
22937
22938
22939
22940
22941
22942
22943
22944
22945
22946
22961
22962
22963
22964
22965
22966
22967
22970
22973
22988
22989
22991
22992
22993
22994
22995
23026
23027
23028
23029
23030
23031
23032
23033
23036
23037
23038
23039
23040
23041
23044
23057
23058
23060
23061
23062
23063
23064
23095
23096
23097
23098
23099
23100
23101
23102
23103
23104
23105
23106
23107
23108
23109
23110
23125
23126
23127
23128
23129
23130
23131
23134
23137
23152
23153
23155
23156
23157
23158
23159
23190
23191
23192
23193
23194
23195
23196
23197
23200
23201
23202
23203
23204
23205
23208
23221
23222
23224
23225
23226
23227
23228
23259
23260
23261
23262
23263
23264
23265
23266
23267
23268
23269
23270
23271
23272
23273
23274
23287
23290
23291
23292
23293
23294
23295
23298
23313
23314
23316
23317
23318
23319
23320
23351
23352
23353
23354
23355
23356
23357
23358
23359
23360
23361
23362
23363
23364
23365
23366
23381
23382
23383
23384
23385
23386
23387
23390
23407
23408
23410
23411
23412
23413
23414
23445
23446
23447
23448
23449
23450
23451
23452
23453
23454
23455
23456
23457
23458
23459
23460
23463
23486
23487
23506
23507
23510
23511
23512
23513
23514
23515
23516
23519
23522
23537
23538
23540
23541
23542
23543
23544
23575
23576
23577
23578
23579
23580
23581
23582
23585
23594
23595
23614
23615
23618
23619
23620
23621
23622
23623
23626
23641
23642
23644
23645
23646
23647
23648
23679
23680
23681
23682
23683
23684
23685
23686
23689
23690
23691
23692
23693
23694
23695
23698
23701
23716
23717
23719
23720
23721
23722
23723
23754
23755
23756
23757
23758
23759
23760
23761
23764
23765
23766
23767
23768
23769
23772
23787
23788
23790
23791
23792
23793
23794
23825
23826
23827
23828
23829
23830
23831
23832
23835
23836
23837
23838
23839
23840
23841
23844
23847
23862
23863
23865
23866
23867
23868
23869
23900
23901
23902
23903
23904
23905
23906
23907
23910
23911
23912
23913
23914
23915
23918
23933
23934
23936
23937
23938
23939
23940
23971
23972
23973
23974
23975
23976
23977
23978
23979
23980
23981
23982
23983
23984
23985
23986
23989
24002
24003
24004
24005
24006
24007
24008
24011
24026
24027
24029
24030
24031
24032
24033
24064
24065
24066
24067
24068
24069
24070
24071
24074
24075
24076
24077
24078
24079
24082
24097
24098
24100
24101
24102
24103
24104
24135
24136
24137
24138
24139
24140
24141
24142
24143
24144
24145
24146
24147
24148
24149
24150
24153
24166
24167
24168
24169
24170
24171
24172
24175
24190
24191
24193
24194
24195
24196
24197
24228
24229
24230
24231
24232
24233
24234
24235
24238
24239
24240
24241
24242
24243
24246
24261
24262
24264
24265
24266
24267
24268
24299
24300
24301
24302
24303
24304
24305
24306
24307
24308
24309
24310
24311
24312
24313
24314
24321
24326
24327
24328
24329
24330
24331
24338
24347
24348
24350
24351
24352
24353
24354
24385
24386
24387
24388
24389
24390
24391
24392
24395
24396
24397
24398
24399
24400
24401
24404
24407
24422
24423
24425
24426
24427
24428
24429
24460
24461
24462
24463
24464
24465
24466
24467
24471
24484
24485
24487
24488
24489
24490
24491
24497
24506
24512
24525
24526
24527
24528
24529
24530
24531
24534
24535
24536
24537
24538
24539
24540
24548
24557
24558
24560
24561
24562
24563
24564
24595
24596
24597
24598
24599
24600
24601
24602
24606
24607
24608
24609
24610
24611
24612
24615
24618
24635
24636
24638
24639
24640
24641
24642
24648
24657
24663
24676
24677
24678
24679
24680
24681
24682
24685
24686
24687
24688
24689
24690
24693
24706
24707
24708
24709
24710
24712
24713
24714
24715
24716
24747
24748
24749
24750
24751
24752
24753
24754
24757
24758
24759
24760
24761
24762
24763
24772
24775
24776
24777
24778
24779
24780
24785
24786
24790
24791
24792
24793
24794
24795
24796
24797
24802
24803
24807
24810
24814
24815
24823
24825
24826
24830
24833
24837
24838
24846
24848
24849
24851
24853
24854
24858
24861
24868
24870
24871
24875
24878
24885
24887
24888
24889
24890
24891
24892
24893
24894
24895
24897
24901
24902
24904
24905
24913
24919
24921
24922
24930
24936
24938
24939
24940
24941
24942
24943
24944
24945
24946
24947
24948
24949
24950
24951
24953
24954
24956
24957
24963
24965
24966
24972
24974
24976
24981
24982
24988
24989
24990
24991
24992
24993
24996
24997
24998
25006
25009
25012
25016
25017
25018
25019
25027
25030
25033
25037
25038
25039
25040
25048
25051
25054
25058
25059
25060
25061
25069
25072
25075
25079
25080
25081
25082
25093
25098
25100
25102
25103
25109
25111
25113
25114
25115
25116
25117
25118
25119
25120
25121
25122
25123
25124
25125
25126
25127
25128
25129
25130
25131
25132
25133
25136
25137
25138
25139
25141
25142
25143
25144
25145
25146
25147
25150
25151
25154
25158
25163
25166
25171
25174
25179
25182
25187
25190
25195
25198
25203
25206
25211
25214
25219
25220
25222
25223
25224
25225
25226
25227
25228
25229
25230
25231
25232
25233
25234
25237
25238
25241
25245
25250
25253
25258
25261
25266
25269
25274
25277
25282
25285
25290
25293
25298
25301
25306
25307
25309
25310
25311
25312
25315
25316
25322
25323
25326
25327
25328
25329
25330
25331
25332
25336
25337
25344
25345
25352
25355
25359
25360
25367
25370
25374
25375
25379
25383
25385
25386
25395
25396
25397
25398
25399
25400
25403
25404
25405
25413
25416
25419
25423
25424
25425
25426
25434
25437
25440
25444
25445
25446
25447
25455
25458
25461
25465
25466
25467
25468
25476
25479
25482
25486
25487
25488
25489
25492
25497
25512
25517
25522
25527
25531
25535
25537
25538
25547
25551
25555
25556
25557
25558
25562
25563
25564
25565
25566
25567
25568
25569
25572
25573
25576
25580
25585
25588
25593
25596
25601
25604
25609
25612
25617
25620
25625
25628
25633
25636
25641
25642
25644
25645
25646
25647
25648
25649
25650
25651
25652
25655
25658
25659
25660
25661
25662
25664
25665
25667
25668
25671
25672
25678
25680
25681
25684
25685
25691
25693
25694
25695
25696
25697
25698
25699
25700
25701
25702
25703
25704
25705
25706
25708
25709
25711
25712
25718
25720
25721
25727
25729
25731
25736
25737
25743
25744
25745
25746
25747
25748
25756
25759
25762
25763
25764
25765
25773
25776
25779
25780
25782
25783
25794
25799
25801
25803
25804
25810
25812
25814
25815
25816
25817
25818
25819
25820
25821
25822
25823
25824
25825
25826
25827
25828
25829
25830
25831
25832
25833
25834
25837
25838
25839
25840
25842
25843
25844
25845
25846
25847
25848
25851
25852
25855
25859
25864
25867
25872
25875
25880
25883
25888
25889
25891
25892
25893
25894
25895
25896
25897
25898
25899
25900
25901
25902
25903
25906
25907
25910
25914
25919
25922
25927
25930
25935
25938
25943
25944
25946
25947
25948
25949
25954
25960
25961
25964
25965
25966
25967
25968
25969
25970
25971
25972
25981
25983
25986
25997
25999
26002
26013
26015
26017
26021
26023
26024
26031
26032
26033
26034
26035
26036
26044
26047
26050
26051
26052
26053
26061
26064
26067
26068
26070
26071
26096
26103
26108
26112
26114
26116
26117
26124
26128
26130
26131
26132
26136
26137
26138
26139
26140
26141
26142
26143
26146
26147
26150
26154
26159
26162
26167
26170
26175
26178
26183
26184
26186
26187
26188
26189
26190
26191
26192
26193
26194
26197
26200
26201
26202
26203
26204
26206
26208
26210
26213
26214
26221
26223
26225
26228
26229
26236
26238
26239
26240
26241
26242
26243
26244
26245
26246
26247
26248
26249
26250
26252
26253
26255
26261
26263
26269
26271
26274
26286
26287
26288
26289
26290
26291
26299
26302
26305
26306
26307
26318
26323
26326
26328
26340
26343
26345
26346
26347
26348
26349
26350
26351
26352
26353
26354
26355
26356
26357
26358
26359
26360
26361
26362
26363
26364
26365
26368
26369
26370
26372
26373
26374
26375
26376
26377
26378
26381
26382
26385
26389
26394
26397
26402
26403
26405
26406
26407
26408
26409
26410
26411
26412
26413
26414
26415
26416
26417
26420
26421
26424
26428
26433
26436
26441
26442
26444
26445
26446
26447
26452
26458
26459
26462
26463
26464
26465
26466
26467
26468
26469
26470
26479
26481
26494
26496
26509
26511
26514
26516
26520
26521
26522
26523
26524
26525
26533
26536
26539
26540
26541
26566
26574
26576
26580
26582
26584
26588
26592
26594
26595
26596
26600
26601
26602
26603
26604
26605
26606
26609
26610
26613
26617
26622
26625
26630
26631
26633
26634
26635
26636
26637
26638
26639
26640
26641
26644
26647
26648
26649
26650
26651
26655
26657
26660
26661
26669
26671
26673
26676
26677
26685
26687
26688
26689
26690
26691
26692
26693
26694
26695
26696
26697
26698
26699
26701
26702
26704
26710
26712
26718
26720
26723
26735
26736
26737
26738
26739
26740
26748
26751
26754
26755
26756
26767
26772
26775
26777
26789
26792
26794
26795
26796
26797
26798
26799
26800
26801
26802
26803
26804
26805
26806
26807
26808
26809
26810
26811
26812
26813
26814
26817
26818
26819
26821
26822
26823
26824
26825
26826
26827
26830
26831
26834
26838
26843
26846
26851
26852
26854
26855
26856
26857
26858
26859
26860
26861
26862
26863
26864
26865
26866
26869
26870
26873
26877
26882
26885
26890
26891
26893
26894
26895
26896
26901
26907
26908
26911
26912
26913
26914
26915
26916
26917
26918
26919
26928
26930
26943
26945
26958
26960
26963
26965
26969
26970
26971
26972
26973
26974
26982
26985
26988
26989
26990
27015
27023
27025
27029
27031
27033
27037
27041
27043
27044
27045
27049
27050
27051
27052
27053
27054
27055
27058
27059
27062
27066
27071
27074
27079
27080
27082
27083
27084
27085
27086
27087
27088
27089
27090
27093
27096
27097
27098
27099
27100
27104
27106
27109
27110
27118
27120
27122
27125
27126
27134
27136
27137
27138
27139
27140
27141
27142
27143
27144
27145
27146
27147
27148
27150
27151
27153
27159
27161
27167
27169
27172
27184
27185
27186
27187
27188
27189
27197
27200
27203
27204
27205
27216
27221
27224
27226
27238
27241
27243
27244
27245
27246
27247
27248
27249
27250
27251
27252
27253
27254
27255
27256
27257
27258
27259
27260
27261
27262
27263
27266
27267
27268
27270
27271
27272
27273
27274
27275
27276
27279
27280
27283
27287
27292
27295
27300
27301
27303
27304
27305
27306
27307
27308
27309
27310
27311
27312
27313
27314
27315
27318
27319
27322
27326
27331
27334
27339
27340
27342
27343
27344
27345
27350
27356
27357
27360
27361
27362
27363
27364
27365
27366
27367
27368
27377
27379
27392
27394
27407
27409
27412
27414
27418
27419
27420
27421
27422
27423
27431
27434
27437
27438
27439
27464
27472
27474
27478
27480
27482
27486
27490
27492
27493
27494
27498
27499
27500
27501
27502
27503
27504
27507
27508
27511
27515
27520
27523
27528
27529
27531
27532
27533
27534
27535
27536
27537
27538
27539
27542
27545
27546
27547
27548
27549
27553
27555
27558
27559
27567
27569
27571
27574
27575
27583
27585
27586
27587
27588
27589
27590
27591
27592
27593
27594
27595
27596
27597
27599
27600
27602
27608
27610
27616
27618
27621
27633
27634
27635
27636
27637
27638
27646
27649
27652
27653
27654
27665
27670
27673
27675
27687
27690
27692
27693
27694
27695
27696
27697
27698
27699
27700
27701
27702
27703
27704
27705
27706
27707
27708
27709
27710
27711
27712
27715
27716
27717
27719
27720
27721
27722
27723
27724
27725
27728
27729
27732
27736
27741
27744
27749
27750
27752
27753
27754
27755
27756
27757
27758
27759
27760
27761
27762
27763
27764
27767
27768
27771
27775
27780
27783
27788
27789
27791
27792
27793
27794
27799
27805
27806
27809
27810
27811
27812
27813
27814
27815
27816
27817
27826
27828
27841
27843
27856
27858
27861
27863
27867
27868
27869
27870
27871
27872
27880
27883
27886
27887
27888
27913
27921
27923
27927
27929
27931
27935
27939
27941
27942
27943
27947
27948
27949
27950
27951
27952
27953
27956
27957
27960
27964
27969
27972
27977
27978
27980
27981
27982
27983
27984
27985
27986
27987
27988
27991
27994
27995
27996
27997
27998
28001
28003
28006
28008
28013
28014
28015
28017
28020
28022
28027
28028
28029
28031
28032
28033
28034
28035
28036
28038
28041
28052
28053
28058
28059
28068
28069
28079
28085
28098
28099
28114
28116
28117
28122
28123
28132
28133
28143
28149
28162
28163
28178
28180
28182
28183
28189
28190
28219
28221
28222
28251
28253
28254
28255
28256
28257
28258
28259
28260
28261
28262
28263
28264
28265
28267
28268
28269
28271
28272
28284
28286
28287
28299
28301
28303
28308
28309
28315
28316
28317
28319
28320
28321
28322
28323
28324
28325
28331
28332
28334
28335
28336
28344
28347
28350
28351
28355
28360
28362
28363
28365
28366
28367
28375
28378
28381
28382
28386
28391
28393
28394
28396
28397
28398
28406
28409
28412
28413
28417
28422
28424
28425
28427
28428
28429
28437
28440
28443
28444
28448
28453
28455
28456
28458
28459
28460
28468
28471
28474
28475
28479
28484
28486
28487
28489
28490
28491
28499
28502
28505
28506
28510
28515
28517
28518
28520
28521
28522
28530
28533
28536
28537
28541
28546
28548
28549
28551
28552
28553
28561
28564
28567
28568
28572
28577
28578
28579
28580
28581
28582
28603
28608
28610
28612
28613
28619
28621
28623
28624
28625
28626
28627
28628
28629
28630
28631
28632
28633
28634
28635
28636
28637
28638
28639
28640
28642
28647
28656
28659
28680
28684
28687
28708
28712
28714
28720
28726
28735
28736
28737
28739
28740
28741
28742
28743
28744
28745
28751
28752
28754
28755
28756
28764
28767
28770
28771
28775
28780
28782
28783
28785
28786
28787
28795
28798
28801
28802
28806
28811
28813
28814
28816
28817
28818
28826
28829
28832
28833
28837
28842
28844
28845
28847
28848
28849
28857
28860
28863
28864
28868
28873
28875
28876
28878
28879
28880
28888
28891
28894
28895
28899
28904
28906
28907
28909
28910
28911
28919
28922
28925
28926
28930
28935
28937
28938
28940
28941
28942
28950
28953
28956
28957
28961
28966
28968
28969
28971
28972
28973
28981
28984
28987
28988
28992
28997
28998
28999
29000
29001
29002
29051
29071
29076
29080
29084
29090
29099
29103
29107
29108
29109
29113
29114
29115
29116
29117
29118
29119
29120
29123
29125
29126
29128
29129
29131
29132
29133
29135
29137
29142
29160
29165
29169
29170
29171
29172
29175
29176
29177
29179
29180
29181
29182
29183
29184
29185
29186
29187
29192
29193
29214
29220
29222
29223
29244
29250
29252
29253
29254
29255
29256
29257
29258
29259
29260
29261
29262
29263
29264
29265
29268
29269
29270
29271
29272
29273
29274
29275
29276
29277
29278
29279
29282
29284
29285
29287
29288
29290
29291
29292
29294
29296
29301
29319
29324
29328
29329
29330
29331
29334
29335
29336
29338
29339
29340
29341
29342
29343
29344
29345
29346
29347
29348
29349
29350
29353
29355
29356
29358
29359
29361
29362
29363
29365
29367
29372
29390
29395
29399
29400
29401
29402
29405
29406
29407
29409
29410
29411
29412
29415
29416
29421
29426
29427
29434
29435
29438
29439
29440
29441
29442
29443
29444
29446
29451
29460
29463
29484
29488
29491
29512
29516
29518
29524
29530
29539
29540
29541
29543
29544
29545
29546
29547
29548
29549
29555
29556
29558
29559
29560
29568
29571
29574
29575
29579
29584
29586
29587
29589
29590
29591
29599
29602
29605
29606
29610
29615
29617
29618
29620
29621
29622
29630
29633
29636
29637
29641
29646
29648
29649
29651
29652
29653
29661
29664
29667
29668
29672
29677
29679
29680
29682
29683
29684
29692
29695
29698
29699
29703
29708
29710
29711
29713
29714
29715
29723
29726
29729
29730
29734
29739
29741
29742
29744
29745
29746
29754
29757
29760
29761
29765
29770
29772
29773
29775
29776
29777
29785
29788
29791
29792
29796
29801
29802
29803
29804
29805
29806
29855
29875
29880
29884
29888
29894
29903
29907
29911
29912
29913
29917
29918
29919
29920
29921
29922
29923
29924
29927
29929
29930
29932
29933
29935
29936
29937
29939
29941
29946
29964
29969
29973
29974
29975
29976
29979
29980
29981
29983
29984
29985
29986
29987
29988
29989
29990
29991
29994
29997
29998
29999
30000
30001
30002
30003
30004
30006
30008
30009
30012
30025
30027
30028
30031
30044
30046
30047
30048
30049
30050
30051
30052
30053
30054
30055
30057
30060
30061
30066
30068
30069
30070
30071
30072
30073
30074
30075
30076
30077
30078
30079
30080
30081
30083
30086
30088
30091
30092
30093
30095
30096
30098
30101
30103
30106
30110
30111
30112
30113
30114
30123
30126
30130
30131
30133
30134
30135
30136
30137
30138
30139
30142
30146
30148
30149
30152
30153
30154
30155
30156
30157
30158
30159
30160
30163
30164
30165
30166
30167
30168
30169
30170
30171
30172
30180
30183
30186
30187
30188
30189
30197
30200
30203
30204
30206
30207
30209
30210
30219
30222
30223
30230
30234
30236
30237
30244
30248
30250
30258
30259
30260
30261
30262
30264
30266
30267
30268
30271
30272
30273
30274
30275
30276
30279
30280
30283
30287
30292
30295
30300
30303
30308
30311
30316
30317
30319
30320
30321
30322
30323
30324
30325
30326
30327
30329
30330
30332
30333
30334
30344
30346
30347
30348
30358
30360
30361
30362
30363
30366
30367
30368
30369
30370
30371
30372
30373
30375
30376
30377
30379
30380
30384
30385
30386
30387
30388
30389
30390
30391
30392
30393
30396
30397
30400
30404
30409
30412
30417
30418
30420
30421
30422
30423
30424
30426
30427
30431
30434
30436
30437
30438
30439
30440
30441
30442
30443
30444
30445
30447
30448
30452
30457
30458
30459
30460
30461
30462
30464
30466
30467
30468
30469
30470
30471
30473
30474
30478
30483
30484
30485
30486
30487
30488
30489
30492
30493
30494
30495
30496
30497
30499
30503
30505
30507
30510
30511
30518
30520
30522
30525
30526
30533
30535
30536
30537
30538
30539
30540
30541
30542
30543
30544
30545
30546
30547
30548
30550
30551
30553
30559
30561
30567
30569
30572
30584
30585
30586
30587
30588
30589
30597
30600
30603
30604
30605
30616
30621
30624
30626
30638
30641
30643
30644
30645
30646
30647
30648
30649
30650
30651
30652
30653
30654
30655
30656
30657
30658
30659
30660
30661
30662
30663
30666
30667
30668
30670
30671
30672
30673
30674
30675
30676
30679
30680
30683
30687
30692
30695
30700
30701
30703
30704
30705
30706
30707
30708
30709
30710
30711
30712
30713
30714
30715
30718
30719
30722
30726
30731
30734
30739
30740
30742
30743
30744
30745
30750
30756
30757
30760
30761
30762
30763
30764
30765
30766
30767
30768
30777
30779
30792
30794
30807
30809
30812
30814
30818
30819
30820
30821
30822
30823
30831
30834
30837
30838
30839
30864
30872
30874
30878
30880
30882
30886
30890
30892
30893
30894
30898
30899
30900
30901
30902
30903
30904
30907
30908
30911
30915
30920
30923
30928
30929
30931
30932
30933
30934
30935
30936
30937
30938
30939
30942
30945
30946
30947
30948
30949
30954
30956
30961
30968
30970
30972
30977
30984
30986
30987
30988
30989
30990
30991
30992
30993
30994
30995
30996
30997
30998
31000
31001
31003
31009
31011
31017
31019
31022
31034
31035
31036
31037
31038
31039
31047
31050
31053
31054
31055
31066
31071
31074
31076
31088
31091
31093
31094
31095
31096
31097
31098
31099
31100
31101
31102
31103
31104
31105
31106
31107
31108
31109
31110
31111
31112
31113
31116
31117
31118
31120
31121
31122
31123
31124
31125
31126
31129
31130
31133
31137
31142
31145
31150
31151
31153
31154
31155
31156
31157
31158
31159
31160
31161
31162
31163
31164
31165
31168
31169
31172
31176
31181
31184
31189
31190
31192
31193
31194
31195
31200
31206
31207
31210
31211
31212
31213
31214
31215
31216
31217
31218
31227
31229
31242
31244
31257
31259
31262
31264
31268
31269
31270
31271
31272
31273
31281
31284
31287
31288
31289
31314
31322
31324
31328
31330
31332
31336
31340
31342
31343
31344
31348
31349
31350
31351
31352
31353
31354
31357
31358
31361
31365
31370
31373
31378
31379
31381
31382
31383
31384
31385
31386
31387
31388
31389
31392
31395
31396
31397
31398
31399
31404
31406
31411
31418
31420
31422
31427
31434
31436
31437
31438
31439
31440
31441
31442
31443
31444
31445
31446
31447
31448
31450
31451
31453
31459
31461
31467
31469
31472
31484
31485
31486
31487
31488
31489
31497
31500
31503
31504
31505
31516
31521
31524
31526
31538
31541
31543
31544
31545
31546
31547
31548
31549
31550
31551
31552
31553
31554
31555
31556
31557
31558
31559
31560
31561
31562
31563
31566
31567
31568
31570
31571
31572
31573
31574
31575
31576
31579
31580
31583
31587
31592
31595
31600
31601
31603
31604
31605
31606
31607
31608
31609
31610
31611
31612
31613
31614
31615
31618
31619
31622
31626
31631
31634
31639
31640
31642
31643
31644
31645
31650
31656
31657
31660
31661
31662
31663
31664
31665
31666
31667
31668
31677
31679
31692
31694
31707
31709
31712
31714
31718
31719
31720
31721
31722
31723
31731
31734
31737
31738
31739
31764
31772
31774
31778
31780
31782
31786
31790
31792
31793
31794
31798
31799
31800
31801
31802
31803
31804
31807
31808
31811
31815
31820
31823
31828
31829
31831
31832
31833
31834
31835
31836
31837
31838
31839
31842
31845
31846
31847
31848
31849
31854
31856
31861
31868
31870
31872
31877
31884
31886
31887
31888
31889
31890
31891
31892
31893
31894
31895
31896
31897
31898
31900
31901
31903
31909
31911
31917
31919
31922
31934
31935
31936
31937
31938
31939
31947
31950
31953
31954
31955
31966
31971
31974
31976
31988
31991
31993
31994
31995
31996
31997
31998
31999
32000
32001
32002
32003
32004
32005
32006
32007
32008
32009
32010
32011
32012
32013
32016
32017
32018
32020
32021
32022
32023
32024
32025
32026
32029
32030
32033
32037
32042
32045
32050
32051
32053
32054
32055
32056
32057
32058
32059
32060
32061
32062
32063
32064
32065
32068
32069
32072
32076
32081
32084
32089
32090
32092
32093
32094
32095
32100
32106
32107
32110
32111
32112
32113
32114
32115
32116
32117
32118
32127
32129
32142
32144
32157
32159
32162
32164
32168
32169
32170
32171
32172
32173
32181
32184
32187
32188
32189
32214
32222
32224
32228
32230
32232
32236
32240
32242
32243
32244
32248
32249
32250
32251
32252
32253
32254
32257
32258
32261
32265
32270
32273
32278
32279
32281
32282
32283
32284
32285
32286
32287
32288
32289
32292
32295
32296
32297
32298
32299
32303
32308
32313
32315
32320
32325
32327
32328
32329
32330
32331
32332
32333
32334
32335
32336
32337
32338
32341
32342
32343
32344
32345
32346
32347
32348
32350
32351
32352
32354
32355
32359
32360
32361
32362
32363
32364
32365
32366
32367
32368
32371
32372
32375
32379
32384
32387
32392
32393
32395
32396
32397
32398
32399
32401
32402
32406
32409
32411
32412
32413
32414
32415
32416
32417
32418
32419
32420
32422
32423
32427
32432
32433
32434
32435
32436
32437
32439
32441
32442
32443
32444
32445
32446
32448
32449
32453
32458
32459
32460
32461
32462
32463
32464
32467
32468
32469
32470
32471
32472
32474
32478
32480
32482
32485
32486
32493
32495
32497
32500
32501
32508
32510
32511
32512
32513
32514
32515
32516
32517
32518
32519
32520
32521
32522
32523
32525
32526
32528
32534
32536
32542
32544
32547
32559
32560
32561
32562
32563
32564
32572
32575
32578
32579
32580
32591
32596
32599
32601
32613
32616
32618
32619
32620
32621
32622
32623
32624
32625
32626
32627
32628
32629
32630
32631
32632
32633
32634
32635
32636
32637
32638
32641
32642
32643
32645
32646
32647
32648
32649
32650
32651
32654
32655
32658
32662
32667
32670
32675
32676
32678
32679
32680
32681
32682
32683
32684
32685
32686
32687
32688
32689
32690
32693
32694
32697
32701
32706
32709
32714
32715
32717
32718
32719
32720
32725
32731
32732
32735
32736
32737
32738
32739
32740
32741
32742
32743
32752
32754
32767
32769
32782
32784
32787
32789
32793
32794
32795
32796
32797
32798
32806
32809
32812
32813
32814
32839
32847
32849
32853
32855
32857
32861
32865
32867
32868
32869
32873
32874
32875
32876
32877
32878
32879
32882
32883
32886
32890
32895
32898
32903
32904
32906
32907
32908
32909
32910
32911
32912
32913
32914
32917
32920
32921
32922
32923
32924
32929
32931
32936
32943
32945
32947
32952
32959
32961
32962
32963
32964
32965
32966
32967
32968
32969
32970
32971
32972
32973
32975
32976
32978
32984
32986
32992
32994
32997
33009
33010
33011
33012
33013
33014
33022
33025
33028
33029
33030
33041
33046
33049
33051
33063
33066
33068
33069
33070
33071
33072
33073
33074
33075
33076
33077
33078
33079
33080
33081
33082
33083
33084
33085
33086
33087
33088
33091
33092
33093
33095
33096
33097
33098
33099
33100
33101
33104
33105
33108
33112
33117
33120
33125
33126
33128
33129
33130
33131
33132
33133
33134
33135
33136
33137
33138
33139
33140
33143
33144
33147
33151
33156
33159
33164
33165
33167
33168
33169
33170
33175
33181
33182
33185
33186
33187
33188
33189
33190
33191
33192
33193
33202
33204
33217
33219
33232
33234
33237
33239
33243
33244
33245
33246
33247
33248
33256
33259
33262
33263
33264
33289
33297
33299
33303
33305
33307
33311
33315
33317
33318
33319
33323
33324
33325
33326
33327
33328
33329
33332
33333
33336
33340
33345
33348
33353
33354
33356
33357
33358
33359
33360
33361
33362
33363
33364
33367
33370
33371
33372
33373
33374
33379
33381
33386
33393
33395
33397
33402
33409
33411
33412
33413
33414
33415
33416
33417
33418
33419
33420
33421
33422
33423
33425
33426
33428
33434
33436
33442
33444
33447
33459
33460
33461
33462
33463
33464
33472
33475
33478
33479
33480
33491
33496
33499
33501
33513
33516
33518
33519
33520
33521
33522
33523
33524
33525
33526
33527
33528
33529
33530
33531
33532
33533
33534
33535
33536
33537
33538
33541
33542
33543
33545
33546
33547
33548
33549
33550
33551
33554
33555
33558
33562
33567
33570
33575
33576
33578
33579
33580
33581
33582
33583
33584
33585
33586
33587
33588
33589
33590
33593
33594
33597
33601
33606
33609
33614
33615
33617
33618
33619
33620
33625
33631
33632
33635
33636
33637
33638
33639
33640
33641
33642
33643
33652
33654
33667
33669
33682
33684
33687
33689
33693
33694
33695
33696
33697
33698
33706
33709
33712
33713
33714
33739
33747
33749
33753
33755
33757
33761
33765
33767
33768
33769
33773
33774
33775
33776
33777
33778
33779
33782
33783
33786
33790
33795
33798
33803
33804
33806
33807
33808
33809
33810
33811
33812
33813
33814
33817
33820
33821
33822
33823
33824
33829
33831
33836
33843
33845
33847
33852
33859
33861
33862
33863
33864
33865
33866
33867
33868
33869
33870
33871
33872
33873
33875
33876
33878
33884
33886
33892
33894
33897
33909
33910
33911
33912
33913
33914
33922
33925
33928
33929
33930
33941
33946
33949
33951
33963
33966
33968
33969
33970
33971
33972
33973
33974
33975
33976
33977
33978
33979
33980
33981
33982
33983
33984
33985
33986
33987
33988
33991
33992
33993
33995
33996
33997
33998
33999
34000
34001
34004
34005
34008
34012
34017
34020
34025
34026
34028
34029
34030
34031
34032
34033
34034
34035
34036
34037
34038
34039
34040
34043
34044
34047
34051
34056
34059
34064
34065
34067
34068
34069
34070
34075
34081
34082
34085
34086
34087
34088
34089
34090
34091
34092
34093
34102
34104
34117
34119
34132
34134
34137
34139
34143
34144
34145
34146
34147
34148
34156
34159
34162
34163
34164
34189
34197
34199
34203
34205
34207
34211
34215
34217
34218
34219
34223
34224
34225
34226
34227
34228
34229
34232
34233
34236
34240
34245
34248
34253
34254
34256
34257
34258
34259
34260
34261
34262
34263
34264
34267
34270
34271
34272
34273
34274
34278
34283
34288
34290
34295
34300
34302
34303
34304
34305
34306
34307
34308
34309
34310
34311
34312
34314
34315
34317
34318
34319
34329
34331
34332
34333
34343
34345
34346
34347
34348
34349
34350
34351
34352
34353
34354
34355
34356
34365
34367
34380
34382
34395
34397
34400
34402
34406
34407
34408
34409
34410
34411
34419
34422
34425
34426
34427
34452
34460
34462
34466
34468
34470
34474
34478
34480
34481
34482
34486
34487
34488
34489
34490
34491
34492
34495
34496
34499
34503
34508
34511
34516
34517
34519
34520
34521
34522
34523
34524
34525
34526
34527
34531
34532
34547
34548
34551
34552
34555
34557
34558
34573
34574
34577
34578
34581
34583
34584
34585
34586
34587
34588
34589
34590
34591
34592
34593
34595
34600
34609
34612
34633
34637
34640
34661
34665
34667
34673
34679
34688
34689
34690
34692
34693
34694
34695
34696
34697
34698
34704
34705
34707
34708
34709
34717
34720
34723
34724
34728
34733
34735
34736
34738
34739
34740
34748
34751
34754
34755
34759
34764
34766
34767
34769
34770
34771
34779
34782
34785
34786
34790
34795
34797
34798
34800
34801
34802
34810
34813
34816
34817
34821
34826
34828
34829
34831
34832
34833
34841
34844
34847
34848
34852
34857
34859
34860
34862
34863
34864
34872
34875
34878
34879
34883
34888
34890
34891
34893
34894
34895
34903
34906
34909
34910
34914
34919
34921
34922
34924
34925
34926
34934
34937
34940
34941
34945
34950
34951
34952
34953
34954
34955
35004
35024
35029
35033
35037
35043
35052
35056
35060
35061
35062
35066
35067
35068
35069
35070
35071
35072
35073
35076
35078
35079
35081
35082
35084
35085
35086
35088
35090
35095
35113
35118
35122
35123
35124
35125
35128
35129
35130
35132
35133
35134
35135
35136
35137
35138
35139
35140
35145
35146
35147
35148
35149
35150
35151
35152
35153
35168
35171
35172
35173
35174
35175
35176
35177
35178
35180
35181
35185
35187
35188
35189
35190
35191
35192
35200
35203
35206
35207
35208
35209
35217
35220
35223
35224
35226
35227
35231
35238
35239
35240
35241
35242
35243
35251
35254
35257
35258
35259
35260
35268
35271
35274
35275
35277
35278
35279
35280
35281
35282
35283
35284
35292
35295
35298
35299
35300
35301
35309
35312
35315
35316
35318
35319
35320
35321
35322
35323
35324
35325
35333
35336
35339
35340
35341
35342
35350
35353
35356
35357
35359
35360
35361
35369
35371
35374
35378
35384
35391
35398
35403
35406
35413
35418
35429
35432
35439
35443
35448
35455
35460
35463
35470
35475
35486
35489
35496
35500
35505
35512
35517
35520
35527
35532
35543
35546
35553
35557
35560
35562
35567
35573
35576
35580
35581
35590
35591
35592
35593
35594
35595
35596
35597
35602
35603
35607
35608
35610
35612
35613
35614
35615
35616
35618
35619
35623
35624
35626
35628
35629
35630
35631
35632
35634
35637
35638
35645
35650
35651
35652
35653
35654
35655
35656
35657
35659
35664
35673
35676
35697
35701
35704
35725
35729
35731
35737
35743
35752
35753
35754
35756
35757
35758
35759
35760
35761
35762
35768
35769
35771
35772
35773
35781
35784
35787
35788
35792
35797
35799
35800
35802
35803
35804
35812
35815
35818
35819
35823
35828
35830
35831
35833
35834
35835
35843
35846
35849
35850
35854
35859
35861
35862
35864
35865
35866
35874
35877
35880
35881
35885
35890
35892
35893
35895
35896
35897
35905
35908
35911
35912
35916
35921
35923
35924
35926
35927
35928
35936
35939
35942
35943
35947
35952
35954
35955
35957
35958
35959
35967
35970
35973
35974
35978
35983
35985
35986
35988
35989
35990
35998
36001
36004
36005
36009
36014
36015
36016
36017
36018
36019
36068
36088
36093
36097
36101
36107
36116
36120
36124
36125
36126
36130
36131
36132
36133
36134
36135
36136
36137
36140
36142
36143
36145
36146
36148
36149
36150
36152
36154
36159
36177
36182
36186
36187
36188
36189
36192
36193
36194
36196
36197
36198
36199
36200
36201
36202
36203
36204
36205
36208
36210
36213
36219
36221
36224
36228
36230
36233
36239
36241
36244
36248
36250
36251
36252
36253
36254
36255
36256
36257
36258
36259
36260
36261
36270
36272
36275
36286
36288
36291
36302
36304
36306
36310
36312
36313
36320
36321
36322
36323
36324
36325
36333
36336
36339
36340
36341
36342
36350
36353
36356
36357
36359
36360
36385
36392
36397
36401
36403
36405
36406
36413
36417
36419
36420
36421
36425
36426
36427
36428
36429
36430
36431
36432
36435
36436
36439
36443
36448
36451
36456
36459
36464
36467
36472
36473
36475
36476
36477
36478
36479
36480
36481
36482
36483
36484
36485
36486
36487
36488
36489
36490
36491
36492
36493
36494
36496
36500
36502
36509
36515
36517
36524
36530
36532
36533
36534
36535
36536
36537
36538
36539
36540
36541
36542
36551
36553
36556
36567
36569
36572
36583
36585
36587
36591
36593
36594
36601
36602
36603
36604
36605
36606
36614
36617
36620
36621
36622
36623
36631
36634
36637
36638
36640
36641
36666
36673
36678
36682
36684
36686
36687
36694
36698
36700
36701
36702
36706
36707
36708
36709
36710
36711
36712
36713
36716
36717
36720
36724
36729
36732
36737
36740
36745
36748
36753
36754
36756
36757
36758
36759
36760
36761
36762
36763
36764
36772
36773
36780
36785
36787
36788
36795
36800
36802
36803
36804
36805
36806
36807
36808
36809
36810
36811
36812
36813
36814
36823
36825
36828
36839
36841
36844
36855
36857
36859
36863
36865
36866
36873
36874
36875
36876
36877
36878
36886
36889
36892
36893
36894
36895
36903
36906
36909
36910
36912
36913
36938
36945
36950
36954
36956
36958
36959
36966
36970
36972
36973
36974
36978
36979
36980
36981
36982
36983
36984
36985
36988
36989
36992
36996
37001
37004
37009
37012
37017
37020
37025
37026
37028
37029
37030
37031
37032
37033
37034
37035
37036
37037
37040
37041
37044
37056
37058
37059
37062
37074
37076
37079
37080
37081
37090
37095
37097
37098
37099
37108
37113
37115
37116
37117
37118
37119
37120
37121
37122
37123
37124
37125
37126
37127
37129
37130
37132
37133
37139
37141
37142
37148
37150
37152
37157
37158
37164
37165
37166
37167
37168
37169
37177
37180
37183
37184
37185
37186
37194
37197
37200
37201
37203
37204
37215
37220
37222
37224
37225
37231
37233
37235
37236
37237
37238
37239
37240
37241
37242
37243
37244
37245
37246
37248
37249
37250
37251
37252
37253
37254
37263
37265
37268
37279
37281
37284
37295
37297
37299
37303
37305
37306
37313
37314
37315
37316
37317
37318
37326
37329
37332
37333
37334
37335
37343
37346
37349
37350
37352
37353
37378
37385
37390
37394
37396
37398
37399
37406
37410
37412
37413
37414
37418
37419
37420
37421
37422
37423
37424
37425
37428
37429
37432
37436
37441
37444
37449
37452
37457
37460
37465
37466
37468
37469
37470
37471
37472
37473
37474
37475
37476
37478
37485
37486
37493
37498
37500
37501
37508
37513
37515
37516
37517
37518
37519
37520
37521
37522
37523
37524
37525
37526
37527
37536
37538
37541
37552
37554
37557
37568
37570
37572
37576
37578
37579
37586
37587
37588
37589
37590
37591
37599
37602
37605
37606
37607
37608
37616
37619
37622
37623
37625
37626
37651
37658
37663
37667
37669
37671
37672
37679
37683
37685
37686
37687
37691
37692
37693
37694
37695
37696
37697
37698
37701
37702
37705
37709
37714
37717
37722
37725
37730
37733
37738
37739
37741
37742
37743
37744
37745
37746
37747
37748
37749
37750
37753
37754
37757
37769
37771
37772
37775
37787
37789
37792
37793
37794
37803
37808
37810
37811
37812
37821
37826
37828
37829
37830
37831
37832
37833
37834
37835
37836
37837
37838
37839
37840
37842
37843
37845
37846
37852
37854
37855
37861
37863
37865
37870
37871
37877
37878
37879
37880
37881
37882
37890
37893
37896
37897
37898
37899
37907
37910
37913
37914
37916
37917
37928
37933
37935
37937
37938
37944
37946
37948
37949
37950
37951
37952
37953
37954
37955
37956
37957
37958
37959
37961
37962
37963
37964
37965
37966
37967
37976
37978
37981
37992
37994
37997
38008
38010
38012
38016
38018
38019
38026
38027
38028
38029
38030
38031
38039
38042
38045
38046
38047
38048
38056
38059
38062
38063
38065
38066
38091
38098
38103
38107
38109
38111
38112
38119
38123
38125
38126
38127
38131
38132
38133
38134
38135
38136
38137
38138
38141
38142
38145
38149
38154
38157
38162
38165
38170
38173
38178
38179
38181
38182
38183
38184
38185
38186
38187
38188
38189
38191
38198
38199
38206
38211
38213
38214
38221
38226
38228
38229
38230
38231
38232
38233
38234
38235
38236
38237
38238
38239
38240
38249
38251
38254
38265
38267
38270
38281
38283
38285
38289
38291
38292
38299
38300
38301
38302
38303
38304
38312
38315
38318
38319
38320
38321
38329
38332
38335
38336
38338
38339
38364
38371
38376
38380
38382
38384
38385
38392
38396
38398
38399
38400
38404
38405
38406
38407
38408
38409
38410
38411
38414
38415
38418
38422
38427
38430
38435
38438
38443
38446
38451
38452
38454
38455
38456
38457
38458
38459
38460
38461
38462
38463
38466
38467
38470
38482
38484
38485
38488
38500
38502
38505
38506
38507
38516
38521
38523
38524
38525
38534
38539
38541
38542
38543
38544
38545
38546
38547
38548
38549
38550
38551
38552
38553
38555
38556
38558
38559
38565
38567
38568
38574
38576
38578
38583
38584
38590
38591
38592
38593
38594
38595
38603
38606
38609
38610
38611
38612
38620
38623
38626
38627
38629
38630
38641
38646
38648
38650
38651
38657
38659
38661
38662
38663
38664
38665
38666
38667
38668
38669
38670
38671
38672
38674
38675
38676
38677
38678
38679
38680
38689
38691
38694
38705
38707
38710
38721
38723
38725
38729
38731
38732
38739
38740
38741
38742
38743
38744
38752
38755
38758
38759
38760
38761
38769
38772
38775
38776
38778
38779
38804
38811
38816
38820
38822
38824
38825
38832
38836
38838
38839
38840
38844
38845
38846
38847
38848
38849
38850
38851
38854
38855
38858
38862
38867
38870
38875
38878
38883
38886
38891
38892
38894
38895
38896
38897
38898
38899
38900
38901
38902
38904
38907
38909
38912
38913
38918
38920
38922
38925
38926
38931
38933
38934
38935
38936
38937
38938
38939
38940
38941
38942
38943
38944
38953
38955
38958
38969
38971
38974
38985
38987
38989
38993
38995
38996
39003
39004
39005
39006
39007
39008
39016
39019
39022
39023
39024
39025
39033
39036
39039
39040
39042
39043
39068
39075
39080
39084
39086
39088
39089
39096
39100
39102
39103
39104
39108
39109
39110
39111
39112
39113
39114
39115
39118
39119
39122
39126
39131
39134
39139
39142
39147
39150
39155
39156
39158
39159
39160
39161
39162
39163
39164
39165
39166
39169
39171
39172
39183
39185
39187
39188
39199
39201
39203
39205
39206
39211
39218
39220
39221
39226
39233
39235
39236
39237
39238
39239
39240
39241
39242
39243
39244
39245
39246
39247
39248
39249
39250
39251
39252
39254
39255
39257
39258
39264
39266
39267
39273
39275
39277
39282
39283
39289
39290
39291
39292
39293
39294
39302
39305
39308
39309
39310
39311
39319
39322
39325
39326
39328
39329
39340
39345
39347
39349
39350
39356
39358
39360
39361
39362
39363
39364
39365
39366
39367
39370
39371
39372
39373
39374
39375
39376
39377
39378
39379
39380
39382
39383
39385
39391
39393
39399
39401
39404
39416
39417
39418
39419
39420
39421
39429
39432
39435
39436
39437
39448
39453
39456
39458
39470
39473
39475
39476
39477
39478
39479
39480
39481
39482
39485
39486
39487
39496
39497
39498
39500
39503
39507
39518
39522
39524
39525
39526
39535
39536
39537
39539
39542
39546
39557
39561
39563
39565
39566
39568
39571
39574
39577
39578
39584
39586
39589
39592
39595
39596
39602
39604
39605
39606
39607
39608
39609
39610
39611
39612
39613
39614
39615
39616
39617
39619
39620
39622
39628
39630
39636
39638
39641
39653
39654
39655
39656
39657
39658
39666
39669
39672
39673
39674
39685
39690
39693
39695
39707
39710
39712
39713
39714
39715
39716
39717
39718
39719
39720
39721
39722
39723
39724
39725
39726
39727
39728
39729
39730
39731
39732
39735
39736
39737
39739
39740
39741
39742
39743
39744
39745
39748
39749
39752
39756
39761
39764
39769
39770
39772
39773
39774
39775
39776
39777
39778
39779
39780
39781
39782
39783
39784
39787
39788
39791
39795
39800
39803
39808
39809
39811
39812
39813
39814
39819
39825
39826
39829
39830
39831
39832
39833
39834
39835
39836
39837
39846
39848
39861
39863
39876
39878
39881
39883
39887
39888
39889
39890
39891
39892
39900
39903
39906
39907
39908
39933
39941
39943
39947
39949
39951
39955
39959
39961
39962
39963
39967
39968
39969
39970
39971
39972
39973
39976
39977
39980
39984
39989
39992
39997
39998
40000
40001
40002
40003
40004
40005
40006
40007
40008
40011
40014
40015
40016
40017
40018
40019
40020
40021
40022
40023
40024
40025
40026
40027
40028
40029
40038
40040
40053
40055
40068
40070
40073
40075
40079
40080
40081
40082
40083
40084
40092
40095
40098
40099
40100
40125
40133
40135
40139
40141
40143
40147
40151
40153
40154
40155
40159
40160
40161
40162
40163
40164
40165
40168
40169
40172
40176
40181
40184
40189
40190
40192
40193
40194
40195
40196
40197
40198
40199
40200
40203
40205
40213
40220
40222
40230
40237
40239
40240
40241
40242
40243
40244
40245
40246
40247
40248
40249
40253
40257
40259
40260
40280
40290
40292
40293
40313
40323
40325
40326
40329
40330
40331
40332
40333
40334
40335
40337
40342
40351
40354
40375
40379
40382
40403
40407
40409
40415
40421
40430
40431
40432
40434
40435
40436
40437
40438
40439
40440
40446
40447
40449
40450
40451
40459
40462
40465
40466
40470
40475
40477
40478
40480
40481
40482
40490
40493
40496
40497
40501
40506
40508
40509
40511
40512
40513
40521
40524
40527
40528
40532
40537
40539
40540
40542
40543
40544
40552
40555
40558
40559
40563
40568
40570
40571
40573
40574
40575
40583
40586
40589
40590
40594
40599
40601
40602
40604
40605
40606
40614
40617
40620
40621
40625
40630
40632
40633
40635
40636
40637
40645
40648
40651
40652
40656
40661
40663
40664
40666
40667
40668
40676
40679
40682
40683
40687
40692
40693
40694
40695
40696
40697
40746
40766
40771
40775
40779
40785
40794
40798
40802
40803
40804
40808
40809
40810
40811
40812
40813
40814
40815
40818
40820
40821
40823
40824
40826
40827
40828
40830
40832
40837
40855
40860
40864
40865
40866
40867
40870
40871
40872
40874
40875
40876
40877
40878
40879
40880
40881
40882
40889
40893
40894
40897
40904
40907
40908
40909
40910
40912
40918
40922
40925
40926
40928
40934
40937
40938
40939
40940
40942
40948
40952
40955
40956
40958
40964
40965
40966
40967
40968
40969
40970
40971
40972
40973
40974
40976
40981
40990
40993
41014
41018
41021
41042
41046
41048
41054
41060
41069
41070
41071
41073
41074
41075
41076
41077
41078
41079
41085
41086
41088
41089
41090
41098
41101
41104
41105
41109
41114
41116
41117
41119
41120
41121
41129
41132
41135
41136
41140
41145
41147
41148
41150
41151
41152
41160
41163
41166
41167
41171
41176
41178
41179
41181
41182
41183
41191
41194
41197
41198
41202
41207
41209
41210
41212
41213
41214
41222
41225
41228
41229
41233
41238
41240
41241
41243
41244
41245
41253
41256
41259
41260
41264
41269
41271
41272
41274
41275
41276
41284
41287
41290
41291
41295
41300
41302
41303
41305
41306
41307
41315
41318
41321
41322
41326
41331
41332
41333
41334
41335
41336
41385
41405
41410
41414
41418
41424
41433
41437
41441
41442
41443
41447
41448
41449
41450
41451
41452
41453
41454
41457
41459
41460
41462
41463
41465
41466
41467
41469
41471
41476
41494
41499
41503
41504
41505
41506
41509
41510
41511
41513
41514
41515
41516
41517
41518
41519
41520
41521
41522
41527
41545
41547
41565
41567
41568
41570
41576
41579
41580
41581
41582
41584
41590
41594
41597
41598
41600
41606
41609
41610
41611
41612
41614
41620
41624
41627
41628
41630
41636
41637
41638
41639
41640
41641
41642
41643
41644
41645
41646
41647
41648
41650
41651
41652
41654
41655
41667
41669
41670
41682
41684
41686
41691
41692
41698
41699
41700
41702
41703
41704
41705
41706
41707
41708
41714
41715
41717
41718
41719
41727
41730
41733
41734
41738
41743
41745
41746
41748
41749
41750
41758
41761
41764
41765
41769
41774
41776
41777
41779
41780
41781
41789
41792
41795
41796
41800
41805
41807
41808
41810
41811
41812
41820
41823
41826
41827
41831
41836
41838
41839
41841
41842
41843
41851
41854
41857
41858
41862
41867
41869
41870
41872
41873
41874
41882
41885
41888
41889
41893
41898
41900
41901
41903
41904
41905
41913
41916
41919
41920
41924
41929
41931
41932
41934
41935
41936
41944
41947
41950
41951
41955
41960
41961
41962
41963
41964
41965
41986
41991
41993
41995
41996
42002
42004
42006
42007
42008
42009
42010
42011
42012
42013
42014
42015
42016
42017
42018
42019
42020
42021
42022
42023
42025
42030
42039
42042
42063
42067
42070
42091
42095
42097
42103
42109
42118
42119
42120
42122
42123
42124
42125
42126
42127
42128
42134
42135
42137
42138
42139
42147
42150
42153
42154
42158
42163
42165
42166
42168
42169
42170
42178
42181
42184
42185
42189
42194
42196
42197
42199
42200
42201
42209
42212
42215
42216
42220
42225
42227
42228
42230
42231
42232
42240
42243
42246
42247
42251
42256
42258
42259
42261
42262
42263
42271
42274
42277
42278
42282
42287
42289
42290
42292
42293
42294
42302
42305
42308
42309
42313
42318
42320
42321
42323
42324
42325
42333
42336
42339
42340
42344
42349
42351
42352
42354
42355
42356
42364
42367
42370
42371
42375
42380
42381
42382
42383
42384
42385
42434
42454
42459
42463
42467
42473
42482
42486
42490
42491
42492
42496
42497
42498
42499
42500
42501
42502
42503
42506
42508
42509
42511
42512
42514
42515
42516
42518
42520
42525
42543
42548
42552
42553
42554
42555
42558
42559
42560
42562
42563
42564
42565
42566
42567
42568
42569
42570
42577
42581
42585
42586
42589
42596
42599
42600
42601
42602
42604
42610
42614
42617
42618
42620
42626
42629
42630
42631
42632
42634
42640
42644
42647
42648
42650
42656
42657
42658
42659
42660
42661
42662
42663
42664
42665
42666
42668
42673
42682
42685
42706
42710
42713
42734
42738
42740
42746
42752
42761
42762
42763
42765
42766
42767
42768
42769
42770
42771
42777
42778
42780
42781
42782
42790
42793
42796
42797
42801
42806
42808
42809
42811
42812
42813
42821
42824
42827
42828
42832
42837
42839
42840
42842
42843
42844
42852
42855
42858
42859
42863
42868
42870
42871
42873
42874
42875
42883
42886
42889
42890
42894
42899
42901
42902
42904
42905
42906
42914
42917
42920
42921
42925
42930
42932
42933
42935
42936
42937
42945
42948
42951
42952
42956
42961
42963
42964
42966
42967
42968
42976
42979
42982
42983
42987
42992
42994
42995
42997
42998
42999
43007
43010
43013
43014
43018
43023
43024
43025
43026
43027
43028
43077
43097
43102
43106
43110
43116
43125
43129
43133
43134
43135
43139
43140
43141
43142
43143
43144
43145
43146
43149
43151
43152
43154
43155
43157
43158
43159
43161
43163
43168
43186
43191
43195
43196
43197
43198
43201
43202
43203
43205
43206
43207
43208
43209
43210
43211
43212
43213
43214
43219
43237
43239
43257
43259
43260
43262
43268
43271
43272
43273
43274
43276
43282
43286
43289
43290
43292
43298
43301
43302
43303
43304
43306
43312
43316
43319
43320
43322
43328
43329
43330
43331
43332
43333
43334
43335
43336
43337
43338
43339
43340
43342
43343
43344
43346
43347
43359
43361
43362
43374
43376
43378
43383
43384
43390
43391
43392
43394
43395
43396
43397
43398
43399
43400
43406
43407
43409
43410
43411
43419
43422
43425
43426
43430
43435
43437
43438
43440
43441
43442
43450
43453
43456
43457
43461
43466
43468
43469
43471
43472
43473
43481
43484
43487
43488
43492
43497
43499
43500
43502
43503
43504
43512
43515
43518
43519
43523
43528
43530
43531
43533
43534
43535
43543
43546
43549
43550
43554
43559
43561
43562
43564
43565
43566
43574
43577
43580
43581
43585
43590
43592
43593
43595
43596
43597
43605
43608
43611
43612
43616
43621
43623
43624
43626
43627
43628
43636
43639
43642
43643
43647
43652
43653
43654
43655
43656
43657
43678
43683
43685
43687
43688
43694
43696
43698
43699
43700
43701
43702
43703
43704
43705
43706
43707
43708
43709
43710
43711
43712
43713
43714
43715
43717
43722
43731
43734
43755
43759
43762
43783
43787
43789
43795
43801
43810
43811
43812
43814
43815
43816
43817
43818
43819
43820
43826
43827
43829
43830
43831
43839
43842
43845
43846
43850
43855
43857
43858
43860
43861
43862
43870
43873
43876
43877
43881
43886
43888
43889
43891
43892
43893
43901
43904
43907
43908
43912
43917
43919
43920
43922
43923
43924
43932
43935
43938
43939
43943
43948
43950
43951
43953
43954
43955
43963
43966
43969
43970
43974
43979
43981
43982
43984
43985
43986
43994
43997
44000
44001
44005
44010
44012
44013
44015
44016
44017
44025
44028
44031
44032
44036
44041
44043
44044
44046
44047
44048
44056
44059
44062
44063
44067
44072
44073
44074
44075
44076
44077
44126
44146
44151
44155
44159
44165
44174
44178
44182
44183
44184
44188
44189
44190
44191
44192
44193
44194
44195
44198
44200
44201
44203
44204
44206
44207
44208
44210
44212
44217
44235
44240
44244
44245
44246
44247
44250
44251
44252
44254
44255
44256
44257
44258
44259
44260
44261
44262
44269
44273
44277
44278
44281
44288
44291
44292
44293
44294
44296
44302
44306
44309
44310
44312
44318
44321
44322
44323
44324
44326
44332
44336
44339
44340
44342
44348
44349
44350
44351
44352
44353
44354
44355
44356
44357
44358
44360
44365
44374
44377
44398
44402
44405
44426
44430
44432
44438
44444
44453
44454
44455
44457
44458
44459
44460
44461
44462
44463
44469
44470
44472
44473
44474
44482
44485
44488
44489
44493
44498
44500
44501
44503
44504
44505
44513
44516
44519
44520
44524
44529
44531
44532
44534
44535
44536
44544
44547
44550
44551
44555
44560
44562
44563
44565
44566
44567
44575
44578
44581
44582
44586
44591
44593
44594
44596
44597
44598
44606
44609
44612
44613
44617
44622
44624
44625
44627
44628
44629
44637
44640
44643
44644
44648
44653
44655
44656
44658
44659
44660
44668
44671
44674
44675
44679
44684
44686
44687
44689
44690
44691
44699
44702
44705
44706
44710
44715
44716
44717
44718
44719
44720
44769
44789
44794
44798
44802
44808
44817
44821
44825
44826
44827
44831
44832
44833
44834
44835
44836
44837
44838
44841
44843
44844
44846
44847
44849
44850
44851
44853
44855
44860
44878
44883
44887
44888
44889
44890
44893
44894
44895
44897
44898
44899
44900
44901
44902
44903
44904
44905
44906
44911
44929
44931
44949
44951
44952
44954
44960
44963
44964
44965
44966
44968
44974
44978
44981
44982
44984
44990
44993
44994
44995
44996
44998
45004
45008
45011
45012
45014
45020
45021
45022
45023
45024
45025
45026
45027
45028
45029
45030
45031
45032
45034
45035
45036
45038
45039
45051
45053
45054
45066
45068
45070
45075
45076
45082
45083
45084
45086
45087
45088
45089
45090
45091
45092
45098
45099
45101
45102
45103
45111
45114
45117
45118
45122
45127
45129
45130
45132
45133
45134
45142
45145
45148
45149
45153
45158
45160
45161
45163
45164
45165
45173
45176
45179
45180
45184
45189
45191
45192
45194
45195
45196
45204
45207
45210
45211
45215
45220
45222
45223
45225
45226
45227
45235
45238
45241
45242
45246
45251
45253
45254
45256
45257
45258
45266
45269
45272
45273
45277
45282
45284
45285
45287
45288
45289
45297
45300
45303
45304
45308
45313
45315
45316
45318
45319
45320
45328
45331
45334
45335
45339
45344
45345
45346
45347
45348
45349
45370
45375
45377
45379
45380
45386
45388
45390
45391
45392
45393
45394
45395
45396
45397
45398
45399
45400
45401
45402
45403
45404
45405
45406
45407
45409
45414
45423
45426
45447
45451
45454
45475
45479
45481
45487
45493
45502
45503
45504
45506
45507
45508
45509
45510
45511
45512
45518
45519
45521
45522
45523
45531
45534
45537
45538
45542
45547
45549
45550
45552
45553
45554
45562
45565
45568
45569
45573
45578
45580
45581
45583
45584
45585
45593
45596
45599
45600
45604
45609
45611
45612
45614
45615
45616
45624
45627
45630
45631
45635
45640
45642
45643
45645
45646
45647
45655
45658
45661
45662
45666
45671
45673
45674
45676
45677
45678
45686
45689
45692
45693
45697
45702
45704
45705
45707
45708
45709
45717
45720
45723
45724
45728
45733
45735
45736
45738
45739
45740
45748
45751
45754
45755
45759
45764
45765
45766
45767
45768
45769
45818
45838
45843
45847
45851
45857
45866
45870
45874
45875
45876
45880
45881
45882
45883
45884
45885
45886
45887
45890
45892
45893
45895
45896
45898
45899
45900
45902
45904
45909
45927
45932
45936
45937
45938
45939
45942
45943
45944
45946
45947
45948
45949
45950
45951
45952
45953
45954
45961
45965
45969
45970
45973
45980
45983
45984
45985
45986
45988
45994
45998
46001
46002
46004
46010
46013
46014
46015
46016
46018
46024
46028
46031
46032
46034
46040
46041
46042
46043
46044
46045
46046
46047
46048
46049
46050
46052
46057
46066
46069
46090
46094
46097
46118
46122
46124
46130
46136
46145
46146
46147
46149
46150
46151
46152
46153
46154
46155
46161
46162
46164
46165
46166
46174
46177
46180
46181
46185
46190
46192
46193
46195
46196
46197
46205
46208
46211
46212
46216
46221
46223
46224
46226
46227
46228
46236
46239
46242
46243
46247
46252
46254
46255
46257
46258
46259
46267
46270
46273
46274
46278
46283
46285
46286
46288
46289
46290
46298
46301
46304
46305
46309
46314
46316
46317
46319
46320
46321
46329
46332
46335
46336
46340
46345
46347
46348
46350
46351
46352
46360
46363
46366
46367
46371
46376
46378
46379
46381
46382
46383
46391
46394
46397
46398
46402
46407
46408
46409
46410
46411
46412
46461
46481
46486
46490
46494
46500
46509
46513
46517
46518
46519
46523
46524
46525
46526
46527
46528
46529
46530
46533
46535
46536
46538
46539
46541
46542
46543
46545
46547
46552
46570
46575
46579
46580
46581
46582
46585
46586
46587
46589
46590
46591
46592
46593
46594
46595
46596
46597
46598
46603
46621
46623
46641
46643
46644
46646
46652
46655
46656
46657
46658
46660
46666
46670
46673
46674
46676
46682
46685
46686
46687
46688
46690
46696
46700
46703
46704
46706
46712
46713
46714
46715
46716
46717
46718
46719
46720
46721
46722
46723
46724
46726
46727
46728
46730
46731
46743
46745
46746
46758
46760
46762
46767
46768
46774
46775
46776
46778
46779
46780
46781
46782
46783
46784
46790
46791
46793
46794
46795
46803
46806
46809
46810
46814
46819
46821
46822
46824
46825
46826
46834
46837
46840
46841
46845
46850
46852
46853
46855
46856
46857
46865
46868
46871
46872
46876
46881
46883
46884
46886
46887
46888
46896
46899
46902
46903
46907
46912
46914
46915
46917
46918
46919
46927
46930
46933
46934
46938
46943
46945
46946
46948
46949
46950
46958
46961
46964
46965
46969
46974
46976
46977
46979
46980
46981
46989
46992
46995
46996
47000
47005
47007
47008
47010
47011
47012
47020
47023
47026
47027
47031
47036
47037
47038
47039
47040
47041
47062
47067
47069
47071
47072
47078
47080
47082
47083
47084
47085
47086
47087
47088
47089
47090
47091
47092
47093
47094
47095
47096
47097
47098
47099
47101
47106
47115
47118
47139
47143
47146
47167
47171
47173
47179
47185
47194
47195
47196
47198
47199
47200
47201
47202
47203
47204
47210
47211
47213
47214
47215
47223
47226
47229
47230
47234
47239
47241
47242
47244
47245
47246
47254
47257
47260
47261
47265
47270
47272
47273
47275
47276
47277
47285
47288
47291
47292
47296
47301
47303
47304
47306
47307
47308
47316
47319
47322
47323
47327
47332
47334
47335
47337
47338
47339
47347
47350
47353
47354
47358
47363
47365
47366
47368
47369
47370
47378
47381
47384
47385
47389
47394
47396
47397
47399
47400
47401
47409
47412
47415
47416
47420
47425
47427
47428
47430
47431
47432
47440
47443
47446
47447
47451
47456
47457
47458
47459
47460
47461
47510
47530
47535
47539
47543
47549
47558
47562
47566
47567
47568
47572
47573
47574
47575
47576
47577
47578
47579
47582
47584
47585
47587
47588
47590
47591
47592
47594
47596
47601
47619
47624
47628
47629
47630
47631
47634
47635
47636
47638
47639
47640
47641
47642
47643
47644
47645
47646
47653
47657
47661
47662
47665
47672
47675
47676
47677
47678
47680
47686
47690
47693
47694
47696
47702
47705
47706
47707
47708
47710
47716
47720
47723
47724
47726
47732
47733
47734
47735
47736
47737
47738
47739
47740
47741
47742
47744
47749
47758
47761
47782
47786
47789
47810
47814
47816
47822
47828
47837
47838
47839
47841
47842
47843
47844
47845
47846
47847
47853
47854
47856
47857
47858
47866
47869
47872
47873
47877
47882
47884
47885
47887
47888
47889
47897
47900
47903
47904
47908
47913
47915
47916
47918
47919
47920
47928
47931
47934
47935
47939
47944
47946
47947
47949
47950
47951
47959
47962
47965
47966
47970
47975
47977
47978
47980
47981
47982
47990
47993
47996
47997
48001
48006
48008
48009
48011
48012
48013
48021
48024
48027
48028
48032
48037
48039
48040
48042
48043
48044
48052
48055
48058
48059
48063
48068
48070
48071
48073
48074
48075
48083
48086
48089
48090
48094
48099
48100
48101
48102
48103
48104
48153
48173
48178
48182
48186
48192
48201
48205
48209
48210
48211
48215
48216
48217
48218
48219
48220
48221
48222
48225
48227
48228
48230
48231
48233
48234
48235
48237
48239
48244
48262
48267
48271
48272
48273
48274
48277
48278
48279
48281
48282
48283
48284
48285
48286
48287
48288
48289
48290
48295
48313
48315
48333
48335
48336
48338
48344
48347
48348
48349
48350
48352
48358
48362
48365
48366
48368
48374
48377
48378
48379
48380
48382
48388
48392
48395
48396
48398
48404
48405
48406
48407
48408
48409
48410
48411
48412
48413
48414
48415
48416
48418
48419
48420
48422
48423
48435
48437
48438
48450
48452
48454
48459
48460
48466
48467
48468
48470
48471
48472
48473
48474
48475
48476
48482
48483
48485
48486
48487
48495
48498
48501
48502
48506
48511
48513
48514
48516
48517
48518
48526
48529
48532
48533
48537
48542
48544
48545
48547
48548
48549
48557
48560
48563
48564
48568
48573
48575
48576
48578
48579
48580
48588
48591
48594
48595
48599
48604
48606
48607
48609
48610
48611
48619
48622
48625
48626
48630
48635
48637
48638
48640
48641
48642
48650
48653
48656
48657
48661
48666
48668
48669
48671
48672
48673
48681
48684
48687
48688
48692
48697
48699
48700
48702
48703
48704
48712
48715
48718
48719
48723
48728
48729
48730
48731
48732
48733
48754
48759
48761
48763
48764
48770
48772
48774
48775
48776
48777
48778
48779
48780
48781
48782
48783
48784
48785
48786
48787
48788
48789
48790
48791
48793
48798
48807
48810
48831
48835
48838
48859
48863
48865
48871
48877
48886
48887
48888
48890
48891
48892
48893
48894
48895
48896
48902
48903
48905
48906
48907
48915
48918
48921
48922
48926
48931
48933
48934
48936
48937
48938
48946
48949
48952
48953
48957
48962
48964
48965
48967
48968
48969
48977
48980
48983
48984
48988
48993
48995
48996
48998
48999
49000
49008
49011
49014
49015
49019
49024
49026
49027
49029
49030
49031
49039
49042
49045
49046
49050
49055
49057
49058
49060
49061
49062
49070
49073
49076
49077
49081
49086
49088
49089
49091
49092
49093
49101
49104
49107
49108
49112
49117
49119
49120
49122
49123
49124
49132
49135
49138
49139
49143
49148
49149
49150
49151
49152
49153
49202
49222
49227
49231
49235
49241
49250
49254
49258
49259
49260
49264
49265
49266
49267
49268
49269
49270
49271
49274
49276
49277
49279
49280
49282
49283
49284
49286
49288
49293
49311
49316
49320
49321
49322
49323
49326
49327
49328
49330
49331
49332
49333
49334
49335
49336
49337
49338
49345
49347
49348
49352
49362
49364
49374
49376
49377
49378
49379
49380
49381
49382
49383
49384
49385
49386
49388
49393
49402
49405
49426
49430
49433
49454
49458
49460
49466
49472
49481
49482
49483
49485
49486
49487
49488
49489
49490
49491
49497
49498
49500
49501
49502
49510
49513
49516
49517
49521
49526
49528
49529
49531
49532
49533
49541
49544
49547
49548
49552
49557
49559
49560
49562
49563
49564
49572
49575
49578
49579
49583
49588
49590
49591
49593
49594
49595
49603
49606
49609
49610
49614
49619
49621
49622
49624
49625
49626
49634
49637
49640
49641
49645
49650
49652
49653
49655
49656
49657
49665
49668
49671
49672
49676
49681
49683
49684
49686
49687
49688
49696
49699
49702
49703
49707
49712
49714
49715
49717
49718
49719
49727
49730
49733
49734
49738
49743
49744
49745
49746
49747
49748
49797
49817
49822
49826
49830
49836
49845
49849
49853
49854
49855
49859
49860
49861
49862
49863
49864
49865
49866
49869
49871
49872
49874
49875
49877
49878
49879
49881
49883
49888
49906
49911
49915
49916
49917
49918
49921
49922
49923
49925
49926
49927
49928
49929
49930
49931
49932
49933
49938
49956
49958
49976
49978
49980
49982
49987
49989
49990
49992
49993
49998
49999
50004
50005
50008
50010
50015
50017
50018
50020
50021
50026
50027
50032
50033
50036
50038
50039
50040
50041
50042
50043
50044
50045
50049
50050
50051
50052
50053
50054
50055
50056
50059
50061
50062
50064
50065
50067
50068
50069
50071
50073
50078
50096
50101
50105
50106
50107
50108
50111
50112
50113
50115
50116
50117
50118
50119
50120
50121
50122
50123
50125
50127
50128
50129
50130
50131
50134
50135
50140
50141
50142
50145
50146
50147
50148
50149
50150
50161
50163
50164
50173
50175
50176
50185
50187
50189
50191
50192
50197
50206
50208
50209
50214
50223
50225
50235
50236
50239
50241
50242
50243
50244
50245
50246
50247
50250
50255
50270
50271
50273
50274
50275
50276
50278
50299
50300
50307
50308
50309
50311
50312
50313
50314
50315
50316
50317
50319
50324
50328
50330
50332
50333
50334
50336
50339
50342
50343
50344
50345
50346
50347
50350
50351
50352
50353
50355
50356
50357
50358
50359
50360
50365
50366
50367
50368
50370
50371
50372
50373
50374
50375
50376
50378
50383
50387
50389
50391
50392
50393
50395
50398
50401
50402
50403
50404
50405
50406
50409
50410
50411
50412
50414
50415
50416
50417
50418
50421
50425
50426
50428
50435
50438
50439
50440
50442
50443
50444
50445
50446
50447
50448
50450
50455
50459
50461
50463
50464
50465
50467
50470
50473
50474
50475
50476
50477
50478
50481
50482
50483
50484
50486
50487
50488
50489
50490
50491
50492
50493
50499
50500
50510
50519
50524
50525
50526
50528
50529
50530
50531
50532
50533
50534
50536
50541
50545
50547
50549
50550
50551
50553
50556
50559
50560
50561
50562
50563
50564
50567
50568
50569
50570
50572
50573
50574
50575
50576
50577
50578
50586
50593
50594
50595
50596
50598
50599
50600
50601
50602
50603
50604
50606
50611
50615
50617
50619
50620
50621
50623
50626
50629
50630
50631
50632
50633
50634
50637
50638
50639
50640
50642
50643
50644
50645
50646
50647
50648
50656
50665
50666
50667
50669
50670
50671
50672
50673
50674
50675
50677
50682
50686
50688
50690
50691
50692
50694
50697
50700
50701
50702
50703
50704
50705
50708
50709
50710
50711
50713
50714
50715
50716
50717
50718
50719
50727
50733
50742
50747
50748
50749
50751
50752
50753
50754
50755
50756
50757
50759
50764
50768
50770
50772
50773
50774
50776
50779
50782
50783
50784
50785
50786
50787
50790
50791
50792
50793
50795
50796
50797
50798
50799
50800
50801
50802
50805
50806
50807
50809
50810
50811
50812
50813
50814
50815
50817
50822
50826
50828
50830
50831
50832
50834
50837
50840
50841
50842
50843
50844
50845
50848
50849
50850
50851
50853
50854
50855
50856
50857
50859
50864
50865
50866
50868
50869
50870
50871
50872
50873
50874
50876
50881
50885
50887
50889
50890
50891
50893
50896
50899
50900
50901
50902
50903
50904
50907
50908
50909
50910
50912
50913
50914
50915
50916
50917
50918
50920
50925
50926
50927
50929
50930
50931
50932
50933
50934
50935
50937
50942
50946
50948
50950
50951
50952
50954
50957
50960
50961
50962
50963
50964
50965
50968
50969
50970
50971
50973
50974
50975
50976
50977
50978
50980
50984
50988
50989
50993
50999
51002
51017
51018
51019
51020
51021
51022
51023
51024
51025
51027
51028
51029
51030
51031
51032
51037
51039
51040
51043
51045
51046
51047
51048
51049
51050
51051
51054
51059
51074
51075
51077
51078
51079
51080
51082
51103
51104
51111
51112
51113
51115
51116
51117
51118
51119
51120
51121
51123
51128
51132
51134
51136
51137
51138
51140
51143
51146
51147
51148
51149
51150
51151
51154
51155
51156
51157
51159
51160
51161
51162
51163
51164
51169
51170
51171
51172
51174
51175
51176
51177
51178
51179
51180
51182
51187
51191
51193
51195
51196
51197
51199
51202
51205
51206
51207
51208
51209
51210
51213
51214
51215
51216
51218
51219
51220
51221
51222
51225
51229
51230
51232
51239
51242
51243
51244
51246
51247
51248
51249
51250
51251
51252
51254
51259
51263
51265
51267
51268
51269
51271
51274
51277
51278
51279
51280
51281
51282
51285
51286
51287
51288
51290
51291
51292
51293
51294
51295
51296
51297
51303
51304
51314
51323
51328
51329
51330
51332
51333
51334
51335
51336
51337
51338
51340
51345
51349
51351
51353
51354
51355
51357
51360
51363
51364
51365
51366
51367
51368
51371
51372
51373
51374
51376
51377
51378
51379
51380
51381
51382
51390
51397
51398
51399
51400
51402
51403
51404
51405
51406
51407
51408
51410
51415
51419
51421
51423
51424
51425
51427
51430
51433
51434
51435
51436
51437
51438
51441
51442
51443
51444
51446
51447
51448
51449
51450
51451
51452
51460
51469
51470
51471
51473
51474
51475
51476
51477
51478
51479
51481
51486
51490
51492
51494
51495
51496
51498
51501
51504
51505
51506
51507
51508
51509
51512
51513
51514
51515
51517
51518
51519
51520
51521
51522
51523
51531
51537
51546
51551
51552
51553
51555
51556
51557
51558
51559
51560
51561
51563
51568
51572
51574
51576
51577
51578
51580
51583
51586
51587
51588
51589
51590
51591
51594
51595
51596
51597
51599
51600
51601
51602
51603
51604
51605
51606
51609
51610
51611
51613
51614
51615
51616
51617
51618
51619
51621
51626
51630
51632
51634
51635
51636
51638
51641
51644
51645
51646
51647
51648
51649
51652
51653
51654
51655
51657
51658
51659
51660
51661
51663
51668
51669
51670
51672
51673
51674
51675
51676
51677
51678
51680
51685
51689
51691
51693
51694
51695
51697
51700
51703
51704
51705
51706
51707
51708
51711
51712
51713
51714
51716
51717
51718
51719
51720
51721
51722
51724
51729
51730
51731
51733
51734
51735
51736
51737
51738
51739
51741
51746
51750
51752
51754
51755
51756
51758
51761
51764
51765
51766
51767
51768
51769
51772
51773
51774
51775
51777
51778
51779
51780
51781
51782
51784
51788
51792
51793
51797
51803
51806
51821
51822
51823
51824
51825
51826
51827
51828
51829
51831
51832
51833
51834
51835
51836
51841
51843
51850
51851
51863
51875
51876
51877
51878
51879
51880
51881
51882
51883
51884
51885
51886
51887
51888
51889
51890
51893
51894
51895
51903
51906
51909
51913
51914
51915
51916
51924
51927
51930
51934
51935
51936
51937
51945
51948
51951
51955
51956
51957
51958
51966
51969
51972
51976
51977
51978
51979
51980
51981
51982
51983
51984
51985
51988
51989
51990
51998
52001
52004
52008
52009
52010
52011
52019
52022
52025
52029
52030
52031
52032
52040
52043
52046
52050
52051
52052
52053
52061
52064
52067
52071
52072
52073
52074
52075
52076
52077
52078
52079
52080
52083
52084
52085
52093
52096
52099
52103
52104
52105
52106
52114
52117
52120
52124
52125
52126
52127
52135
52138
52141
52145
52146
52147
52148
52156
52159
52162
52166
52167
52168
52169
52170
52171
52172
52173
52174
52175
52178
52179
52180
52188
52191
52194
52198
52199
52200
52201
52209
52212
52215
52219
52220
52221
52222
52230
52233
52236
52240
52241
52242
52243
52251
52254
52257
52261
52262
52263
52264
52273
52274
52275
52276
52277
52278
52279
52280
52285
52286
52287
52288
52289
52290
52297
52304
52307
52311
52315
52323
52324
52326
52327
52328
52329
52336
52349
52352
52353
52355
52356
52357
52358
52359
52364
52368
52370
52371
52373
52374
52378
52381
52385
52386
52387
52388
52397
52398
52399
52400
52401
52402
52403
52408
52409
52410
52411
52413
52416
52424
52430
52437
52440
52448
52454
52461
52464
52472
52479
52480
52493
52494
52495
52496
52497
52498
52499
52500
52501
52502
52503
52504
52505
52506
52507
52508
52515
52525
52526
52527
52528
52529
52530
52533
52540
52553
52554
52555
52556
52557
52559
52560
52561
52562
52564
52585
52586
52593
52594
52595
52597
52598
52599
52600
52601
52602
52603
52605
52610
52614
52616
52618
52619
52620
52622
52625
52628
52629
52630
52631
52632
52633
52636
52637
52638
52639
52641
52642
52643
52644
52645
52646
52651
52652
52653
52654
52656
52657
52658
52659
52660
52661
52662
52664
52669
52673
52675
52677
52678
52679
52681
52684
52687
52688
52689
52690
52691
52692
52695
52696
52697
52698
52700
52701
52702
52703
52704
52707
52711
52712
52714
52721
52724
52725
52726
52728
52729
52730
52731
52732
52733
52734
52736
52741
52745
52747
52749
52750
52751
52753
52756
52759
52760
52761
52762
52763
52764
52767
52768
52769
52770
52772
52773
52774
52775
52776
52777
52778
52779
52785
52786
52796
52805
52810
52811
52812
52814
52815
52816
52817
52818
52819
52820
52822
52827
52831
52833
52835
52836
52837
52839
52842
52845
52846
52847
52848
52849
52850
52853
52854
52855
52856
52858
52859
52860
52861
52862
52863
52864
52872
52879
52880
52881
52882
52884
52885
52886
52887
52888
52889
52890
52892
52897
52901
52903
52905
52906
52907
52909
52912
52915
52916
52917
52918
52919
52920
52923
52924
52925
52926
52928
52929
52930
52931
52932
52933
52934
52942
52951
52952
52953
52955
52956
52957
52958
52959
52960
52961
52963
52968
52972
52974
52976
52977
52978
52980
52983
52986
52987
52988
52989
52990
52991
52994
52995
52996
52997
52999
53000
53001
53002
53003
53004
53005
53013
53019
53028
53033
53034
53035
53037
53038
53039
53040
53041
53042
53043
53045
53050
53054
53056
53058
53059
53060
53062
53065
53068
53069
53070
53071
53072
53073
53076
53077
53078
53079
53081
53082
53083
53084
53085
53086
53087
53088
53091
53092
53093
53095
53096
53097
53098
53099
53100
53101
53103
53108
53112
53114
53116
53117
53118
53120
53123
53126
53127
53128
53129
53130
53131
53134
53135
53136
53137
53139
53140
53141
53142
53143
53145
53150
53151
53152
53154
53155
53156
53157
53158
53159
53160
53162
53167
53171
53173
53175
53176
53177
53179
53182
53185
53186
53187
53188
53189
53190
53193
53194
53195
53196
53198
53199
53200
53201
53202
53203
53204
53206
53211
53212
53213
53215
53216
53217
53218
53219
53220
53221
53223
53228
53232
53234
53236
53237
53238
53240
53243
53246
53247
53248
53249
53250
53251
53254
53255
53256
53257
53259
53260
53261
53262
53263
53264
53266
53270
53274
53275
53279
53285
53288
53303
53304
53305
53306
53307
53308
53309
53310
53313
53314
53315
53316
53317
53318
53325
53338
53339
53341
53342
53343
53344
53346
53361
53363
53366
53368
53369
53372
53378
53384
53391
53394
53402
53408
53415
53418
53426
53432
53446
53447
53448
53449
53450
53451
53452
53453
53454
53455
53456
53457
53458
53459
53460
53461
53472
53473
53474
53475
53476
53477
53507
53508
53509
53511
53512
53513
53514
53516
53537
53538
53545
53546
53547
53549
53550
53551
53552
53553
53554
53555
53557
53562
53566
53568
53570
53571
53572
53574
53577
53580
53581
53582
53583
53584
53585
53588
53589
53590
53591
53593
53594
53595
53596
53597
53598
53603
53604
53605
53606
53608
53609
53610
53611
53612
53613
53614
53616
53621
53625
53627
53629
53630
53631
53633
53636
53639
53640
53641
53642
53643
53644
53647
53648
53649
53650
53652
53653
53654
53655
53656
53659
53663
53664
53666
53673
53676
53677
53678
53680
53681
53682
53683
53684
53685
53686
53688
53693
53697
53699
53701
53702
53703
53705
53708
53711
53712
53713
53714
53715
53716
53719
53720
53721
53722
53724
53725
53726
53727
53728
53729
53730
53731
53737
53738
53748
53757
53762
53763
53764
53766
53767
53768
53769
53770
53771
53772
53774
53779
53783
53785
53787
53788
53789
53791
53794
53797
53798
53799
53800
53801
53802
53805
53806
53807
53808
53810
53811
53812
53813
53814
53815
53816
53824
53831
53832
53833
53834
53836
53837
53838
53839
53840
53841
53842
53844
53849
53853
53855
53857
53858
53859
53861
53864
53867
53868
53869
53870
53871
53872
53875
53876
53877
53878
53880
53881
53882
53883
53884
53885
53886
53894
53903
53904
53905
53907
53908
53909
53910
53911
53912
53913
53915
53920
53924
53926
53928
53929
53930
53932
53935
53938
53939
53940
53941
53942
53943
53946
53947
53948
53949
53951
53952
53953
53954
53955
53956
53957
53965
53971
53980
53985
53986
53987
53989
53990
53991
53992
53993
53994
53995
53997
54002
54006
54008
54010
54011
54012
54014
54017
54020
54021
54022
54023
54024
54025
54028
54029
54030
54031
54033
54034
54035
54036
54037
54038
54039
54040
54043
54044
54045
54047
54048
54049
54050
54051
54052
54053
54055
54060
54064
54066
54068
54069
54070
54072
54075
54078
54079
54080
54081
54082
54083
54086
54087
54088
54089
54091
54092
54093
54094
54095
54097
54102
54103
54104
54106
54107
54108
54109
54110
54111
54112
54114
54119
54123
54125
54127
54128
54129
54131
54134
54137
54138
54139
54140
54141
54142
54145
54146
54147
54148
54150
54151
54152
54153
54154
54155
54156
54158
54163
54164
54165
54167
54168
54169
54170
54171
54172
54173
54175
54180
54184
54186
54188
54189
54190
54192
54195
54198
54199
54200
54201
54202
54203
54206
54207
54208
54209
54211
54212
54213
54214
54215
54216
54218
54222
54226
54227
54231
54237
54240
54255
54256
54257
54258
54259
54260
54261
54262
54265
54266
54267
54268
54269
54270
54271
54274
54295
54296
54298
54299
54300
54301
54303
54318
54320
54323
54325
54326
54329
54335
54341
54348
54351
54359
54365
54372
54375
54383
54389
54403
54404
54405
54406
54407
54408
54409
54410
54411
54412
54413
54414
54415
54416
54417
54418
54427
54428
54429
54430
54431
54432
54436
54441
54445
54448
54456
54457
54459
54460
54461
54462
54464
54479
54481
54484
54486
54487
54490
54496
54502
54509
54512
54520
54526
54533
54536
54544
54550
54564
54565
54566
54567
54568
54569
54570
54571
54572
54573
54574
54575
54576
54577
54578
54579
54589
54593
54596
54602
54603
54615
54627
54630
54636
54637
54638
54639
54640
54641
54642
54643
54644
54645
54648
54652
54654
54656
54657
54658
54659
54660
54661
54662
54663
54664
54665
54666
54667
54668
54669
54670
54671
54674
54675
54676
54684
54687
54690
54694
54695
54696
54697
54705
54708
54711
54715
54716
54717
54718
54726
54729
54732
54736
54737
54738
54739
54747
54750
54753
54757
54758
54759
54760
54761
54762
54763
54764
54765
54766
54769
54770
54771
54779
54782
54785
54789
54790
54791
54792
54800
54803
54806
54810
54811
54812
54813
54821
54824
54827
54831
54832
54833
54834
54842
54845
54848
54852
54853
54854
54855
54856
54857
54858
54859
54860
54861
54864
54865
54866
54874
54877
54880
54884
54885
54886
54887
54895
54898
54901
54905
54906
54907
54908
54916
54919
54922
54926
54927
54928
54929
54937
54940
54943
54947
54948
54949
54950
54951
54952
54953
54954
54955
54956
54959
54960
54961
54969
54972
54975
54979
54980
54981
54982
54990
54993
54996
55000
55001
55002
55003
55011
55014
55017
55021
55022
55023
55024
55032
55035
55038
55042
55043
55044
55045
55054
55055
55056
55057
55058
55059
55060
55061
55062
55065
55066
55067
55068
55069
55070
55073
55087
55088
55090
55091
55092
55093
55095
55110
55112
55115
55117
55118
55121
55127
55133
55140
55143
55151
55157
55164
55167
55175
55181
55195
55196
55197
55198
55199
55200
55201
55202
55206
55207
55208
55209
55210
55211
55214
55219
55222
55223
55224
55226
55227
55229
55230
55231
55232
55239
55252
55255
55256
55258
55259
55260
55261
55262
55267
55271
55273
55274
55276
55277
55281
55284
55288
55289
55290
55291
55300
55301
55302
55303
55304
55305
55306
55311
55312
55313
55314
55316
55319
55327
55333
55340
55343
55351
55357
55364
55367
55375
55382
55383
55396
55397
55398
55399
55400
55401
55402
55403
55404
55405
55406
55407
55408
55409
55410
55411
55412
55413
55414
55415
55416
55417
55420
55421
55422
55430
55433
55436
55440
55441
55442
55443
55451
55454
55457
55461
55462
55463
55464
55472
55475
55478
55482
55483
55484
55485
55493
55496
55499
55503
55504
55505
55506
55507
55508
55509
55510
55511
55512
55515
55516
55517
55525
55528
55531
55535
55536
55537
55538
55546
55549
55552
55556
55557
55558
55559
55567
55570
55573
55577
55578
55579
55580
55588
55591
55594
55598
55599
55600
55601
55602
55603
55604
55605
55606
55607
55610
55611
55612
55620
55623
55626
55630
55631
55632
55633
55641
55644
55647
55651
55652
55653
55654
55662
55665
55668
55672
55673
55674
55675
55683
55686
55689
55693
55694
55695
55696
55697
55698
55699
55700
55701
55702
55705
55706
55707
55715
55718
55721
55725
55726
55727
55728
55736
55739
55742
55746
55747
55748
55749
55757
55760
55763
55767
55768
55769
55770
55778
55781
55784
55788
55789
55790
55791
55800
55801
55802
55803
55804
55805
55806
55807
55808
55809
55810
55811
55812
55813
55814
55815
55816
55817
55818
55819
55822
55823
55824
55832
55835
55838
55842
55843
55844
55845
55853
55856
55859
55863
55864
55865
55866
55874
55877
55880
55884
55885
55886
55887
55895
55898
55901
55905
55906
55907
55908
55909
55910
55911
55912
55913
55914
55917
55918
55919
55927
55930
55933
55937
55938
55939
55940
55948
55951
55954
55958
55959
55960
55961
55969
55972
55975
55979
55980
55981
55982
55990
55993
55996
56000
56001
56002
56003
56004
56005
56006
56007
56008
56009
56012
56013
56014
56022
56025
56028
56032
56033
56034
56035
56043
56046
56049
56053
56054
56055
56056
56064
56067
56070
56074
56075
56076
56077
56085
56088
56091
56095
56096
56097
56098
56099
56100
56101
56102
56103
56104
56107
56108
56109
56117
56120
56123
56127
56128
56129
56130
56138
56141
56144
56148
56149
56150
56151
56159
56162
56165
56169
56170
56171
56172
56180
56183
56186
56190
56191
56192
56193
56202
56203
56204
56205
56206
56207
56208
56209
56210
56211
56212
56213
56214
56215
56216
56217
56218
56219
56220
56221
56224
56225
56226
56234
56237
56240
56244
56245
56246
56247
56255
56258
56261
56265
56266
56267
56268
56276
56279
56282
56286
56287
56288
56289
56297
56300
56303
56307
56308
56309
56310
56311
56312
56313
56314
56315
56316
56319
56320
56321
56329
56332
56335
56339
56340
56341
56342
56350
56353
56356
56360
56361
56362
56363
56371
56374
56377
56381
56382
56383
56384
56392
56395
56398
56402
56403
56404
56405
56406
56407
56408
56409
56410
56411
56414
56415
56416
56424
56427
56430
56434
56435
56436
56437
56445
56448
56451
56455
56456
56457
56458
56466
56469
56472
56476
56477
56478
56479
56487
56490
56493
56497
56498
56499
56500
56501
56502
56503
56504
56505
56506
56509
56510
56511
56519
56522
56525
56529
56530
56531
56532
56540
56543
56546
56550
56551
56552
56553
56561
56564
56567
56571
56572
56573
56574
56582
56585
56588
56592
56593
56594
56595
56604
56605
56606
56607
56608
56609
56610
56613
56614
56615
56616
56617
56618
56619
56622
56625
56629
56634
56638
56642
56646
56647
56649
56650
56651
56652
56653
56684
56685
56686
56687
56688
56689
56690
56691
56695
56696
56697
56698
56699
56700
56705
56718
56719
56721
56722
56723
56724
56725
56756
56757
56758
56759
56760
56761
56762
56763
56764
56765
56766
56767
56768
56769
56770
56771
56776
56781
56782
56783
56784
56785
56786
56787
56790
56793
56801
56805
56809
56813
56814
56816
56817
56818
56819
56820
56851
56852
56853
56854
56855
56856
56857
56858
56861
56863
56864
56865
56866
56867
56868
56871
56874
56889
56890
56892
56893
56894
56895
56896
56927
56928
56929
56930
56931
56932
56933
56934
56937
56938
56939
56940
56941
56942
56943
56946
56959
56960
56962
56963
56964
56965
56966
56997
56998
56999
57000
57001
57002
57003
57004
57007
57009
57010
57011
57012
57013
57014
57017
57034
57035
57037
57038
57039
57040
57041
57072
57073
57074
57075
57076
57077
57078
57079
57082
57083
57084
57085
57086
57087
57090
57103
57104
57106
57107
57108
57109
57110
57141
57142
57143
57144
57145
57146
57147
57148
57149
57150
57151
57152
57153
57154
57155
57156
57180
57187
57188
57190
57191
57192
57193
57194
57200
57209
57215
57228
57229
57230
57231
57232
57233
57234
57235
57236
57239
57240
57241
57242
57243
57244
57245
57250
57265
57266
57268
57269
57270
57271
57272
57303
57304
57305
57306
57307
57308
57309
57310
57313
57318
57321
57328
57329
57331
57332
57333
57334
57335
57341
57350
57356
57369
57370
57371
57372
57373
57374
57375
57378
57379
57380
57381
57382
57383
57386
57401
57402
57404
57405
57406
57407
57408
57439
57440
57441
57442
57443
57444
57445
57446
57449
57450
57451
57452
57453
57454
57455
57460
57473
57476
57477
57479
57480
57481
57482
57483
57514
57515
57516
57517
57518
57519
57520
57521
57524
57525
57526
57527
57528
57529
57530
57533
57548
57549
57551
57552
57553
57554
57555
57586
57587
57588
57589
57590
57591
57592
57593
57596
57597
57598
57599
57600
57601
57602
57605
57608
57623
57624
57626
57627
57628
57629
57630
57661
57662
57663
57664
57665
57666
57667
57668
57671
57672
57673
57674
57675
57676
57679
57694
57695
57697
57698
57699
57700
57701
57732
57733
57734
57735
57736
57737
57738
57739
57740
57741
57742
57743
57744
57745
57746
57747
57764
57765
57766
57767
57768
57769
57770
57773
57776
57791
57792
57794
57795
57796
57797
57798
57829
57830
57831
57832
57833
57834
57835
57836
57839
57840
57841
57842
57843
57844
57847
57862
57863
57865
57866
57867
57868
57869
57900
57901
57902
57903
57904
57905
57906
57907
57908
57909
57910
57911
57912
57913
57914
57915
57930
57931
57932
57933
57934
57935
57936
57939
57942
57957
57958
57960
57961
57962
57963
57964
57995
57996
57997
57998
57999
58000
58001
58002
58005
58006
58007
58008
58009
58010
58013
58028
58029
58031
58032
58033
58034
58035
58066
58067
58068
58069
58070
58071
58072
58073
58074
58075
58076
58077
58078
58079
58080
58081
58088
58094
58095
58096
58097
58098
58099
58107
58116
58117
58119
58120
58121
58122
58123
58154
58155
58156
58157
58158
58159
58160
58161
58164
58165
58166
58167
58168
58169
58170
58175
58190
58191
58193
58194
58195
58196
58197
58228
58229
58230
58231
58232
58233
58234
58235
58244
58251
58252
58254
58255
58256
58257
58258
58264
58273
58279
58292
58293
58294
58295
58296
58297
58298
58301
58302
58303
58304
58305
58306
58307
58310
58313
58328
58329
58331
58332
58333
58334
58335
58366
58367
58368
58369
58370
58371
58372
58373
58376
58389
58390
58392
58393
58394
58395
58396
58402
58411
58417
58430
58431
58432
58433
58434
58435
58436
58439
58440
58441
58442
58443
58444
58447
58462
58463
58465
58466
58467
58468
58469
58500
58501
58502
58503
58504
58505
58506
58507
58508
58510
58511
58512
58513
58514
58515
58516
58519
58521
58522
58524
58525
58527
58528
58529
58531
58533
58538
58556
58561
58565
58566
58567
58568
58571
58572
58573
58575
58576
58577
58578
58581
58582
58583
58584
58585
58586
58587
58590
58593
58608
58609
58611
58612
58613
58614
58615
58646
58647
58648
58649
58650
58651
58652
58653
58656
58657
58658
58659
58660
58661
58664
58679
58680
58682
58683
58684
58685
58686
58717
58718
58719
58720
58721
58722
58723
58724
58727
58728
58729
58730
58731
58732
58733
58736
58739
58754
58755
58757
58758
58759
58760
58761
58792
58793
58794
58795
58796
58797
58798
58799
58802
58803
58804
58805
58806
58807
58810
58823
58824
58826
58827
58828
58829
58830
58861
58862
58863
58864
58865
58866
58867
58868
58869
58870
58871
58872
58873
58874
58875
58876
58893
58894
58895
58896
58897
58898
58899
58902
58905
58920
58921
58923
58924
58925
58926
58927
58958
58959
58960
58961
58962
58963
58964
58965
58968
58969
58970
58971
58972
58973
58976
58989
58990
58992
58993
58994
58995
58996
59027
59028
59029
59030
59031
59032
59033
59034
59035
59036
59037
59038
59039
59040
59041
59042
59057
59058
59059
59060
59061
59062
59063
59066
59069
59084
59085
59087
59088
59089
59090
59091
59122
59123
59124
59125
59126
59127
59128
59129
59132
59133
59134
59135
59136
59137
59140
59153
59154
59156
59157
59158
59159
59160
59191
59192
59193
59194
59195
59196
59197
59198
59199
59200
59201
59202
59203
59204
59205
59206
59216
59219
59220
59221
59222
59223
59224
59230
59243
59244
59246
59247
59248
59249
59250
59281
59282
59283
59284
59285
59286
59287
59288
59289
59290
59291
59292
59293
59294
59295
59296
59303
59309
59310
59311
59312
59313
59314
59318
59333
59334
59336
59337
59338
59339
59340
59371
59372
59373
59374
59375
59376
59377
59378
59379
59380
59381
59382
59383
59384
59385
59386
59405
59406
59421
59428
59429
59431
59432
59433
59434
59435
59441
59450
59456
59469
59470
59471
59472
59473
59474
59475
59476
59477
59480
59481
59482
59483
59484
59485
59486
59491
59506
59507
59509
59510
59511
59512
59513
59544
59545
59546
59547
59548
59549
59550
59551
59554
59559
59562
59569
59570
59572
59573
59574
59575
59576
59582
59591
59597
59610
59611
59612
59613
59614
59615
59616
59619
59620
59621
59622
59623
59624
59627
59642
59643
59645
59646
59647
59648
59649
59680
59681
59682
59683
59684
59685
59686
59687
59690
59691
59692
59693
59694
59695
59696
59701
59714
59717
59718
59720
59721
59722
59723
59724
59755
59756
59757
59758
59759
59760
59761
59762
59765
59766
59767
59768
59769
59770
59771
59774
59789
59790
59792
59793
59794
59795
59796
59827
59828
59829
59830
59831
59832
59833
59834
59837
59838
59839
59840
59841
59842
59843
59846
59849
59864
59865
59867
59868
59869
59870
59871
59902
59903
59904
59905
59906
59907
59908
59909
59912
59913
59914
59915
59916
59917
59920
59935
59936
59938
59939
59940
59941
59942
59973
59974
59975
59976
59977
59978
59979
59980
59981
59982
59983
59984
59985
59986
59987
59988
60005
60006
60007
60008
60009
60010
60011
60014
60017
60032
60033
60035
60036
60037
60038
60039
60070
60071
60072
60073
60074
60075
60076
60077
60080
60081
60082
60083
60084
60085
60088
60103
60104
60106
60107
60108
60109
60110
60141
60142
60143
60144
60145
60146
60147
60148
60149
60150
60151
60152
60153
60154
60155
60156
60171
60172
60173
60174
60175
60176
60177
60180
60183
60198
60199
60201
60202
60203
60204
60205
60236
60237
60238
60239
60240
60241
60242
60243
60246
60247
60248
60249
60250
60251
60254
60269
60270
60272
60273
60274
60275
60276
60307
60308
60309
60310
60311
60312
60313
60314
60315
60316
60317
60318
60319
60320
60321
60322
60329
60335
60336
60337
60338
60339
60340
60348
60357
60358
60360
60361
60362
60363
60364
60395
60396
60397
60398
60399
60400
60401
60402
60405
60406
60407
60408
60409
60410
60411
60416
60431
60432
60434
60435
60436
60437
60438
60469
60470
60471
60472
60473
60474
60475
60476
60485
60492
60493
60495
60496
60497
60498
60499
60505
60514
60520
60533
60534
60535
60536
60537
60538
60539
60542
60543
60544
60545
60546
60547
60548
60551
60554
60569
60570
60572
60573
60574
60575
60576
60607
60608
60609
60610
60611
60612
60613
60614
60617
60630
60631
60633
60634
60635
60636
60637
60643
60652
60658
60671
60672
60673
60674
60675
60676
60677
60680
60681
60682
60683
60684
60685
60688
60703
60704
60706
60707
60708
60709
60710
60741
60742
60743
60744
60745
60746
60747
60748
60749
60751
60752
60753
60754
60755
60756
60757
60760
60762
60763
60765
60766
60768
60769
60770
60772
60774
60779
60797
60802
60806
60807
60808
60809
60812
60813
60814
60816
60817
60818
60819
60822
60823
60824
60825
60826
60827
60828
60831
60834
60849
60850
60852
60853
60854
60855
60856
60887
60888
60889
60890
60891
60892
60893
60894
60897
60898
60899
60900
60901
60902
60905
60920
60921
60923
60924
60925
60926
60927
60958
60959
60960
60961
60962
60963
60964
60965
60968
60969
60970
60971
60972
60973
60974
60977
60980
60995
60996
60998
60999
61000
61001
61002
61033
61034
61035
61036
61037
61038
61039
61040
61043
61044
61045
61046
61047
61048
61051
61064
61065
61067
61068
61069
61070
61071
61102
61103
61104
61105
61106
61107
61108
61109
61110
61111
61112
61113
61114
61115
61116
61117
61134
61135
61136
61137
61138
61139
61140
61143
61146
61161
61162
61164
61165
61166
61167
61168
61199
61200
61201
61202
61203
61204
61205
61206
61209
61210
61211
61212
61213
61214
61217
61230
61231
61233
61234
61235
61236
61237
61268
61269
61270
61271
61272
61273
61274
61275
61276
61277
61278
61279
61280
61281
61282
61283
61298
61299
61300
61301
61302
61303
61304
61307
61310
61325
61326
61328
61329
61330
61331
61332
61363
61364
61365
61366
61367
61368
61369
61370
61373
61374
61375
61376
61377
61378
61381
61394
61395
61397
61398
61399
61400
61401
61432
61433
61434
61435
61436
61437
61438
61439
61440
61441
61442
61443
61444
61445
61446
61447
61457
61460
61461
61462
61463
61464
61465
61471
61484
61485
61487
61488
61489
61490
61491
61522
61523
61524
61525
61526
61527
61528
61529
61530
61531
61532
61533
61534
61535
61536
61537
61544
61550
61551
61552
61553
61554
61555
61559
61574
61575
61577
61578
61579
61580
61581
61612
61613
61614
61615
61616
61617
61618
61619
61620
61621
61622
61623
61624
61625
61626
61627
61646
61647
61662
61669
61670
61672
61673
61674
61675
61676
61682
61691
61697
61710
61711
61712
61713
61714
61715
61716
61717
61718
61721
61722
61723
61724
61725
61726
61727
61732
61747
61748
61750
61751
61752
61753
61754
61785
61786
61787
61788
61789
61790
61791
61792
61795
61800
61803
61810
61811
61813
61814
61815
61816
61817
61823
61832
61838
61851
61852
61853
61854
61855
61856
61857
61860
61861
61862
61863
61864
61865
61868
61883
61884
61886
61887
61888
61889
61890
61921
61922
61923
61924
61925
61926
61927
61928
61931
61932
61933
61934
61935
61936
61937
61942
61955
61958
61959
61961
61962
61963
61964
61965
61996
61997
61998
61999
62000
62001
62002
62003
62006
62007
62008
62009
62010
62011
62012
62015
62030
62031
62033
62034
62035
62036
62037
62068
62069
62070
62071
62072
62073
62074
62075
62078
62079
62080
62081
62082
62083
62084
62087
62090
62105
62106
62108
62109
62110
62111
62112
62143
62144
62145
62146
62147
62148
62149
62150
62153
62154
62155
62156
62157
62158
62161
62176
62177
62179
62180
62181
62182
62183
62214
62215
62216
62217
62218
62219
62220
62221
62222
62223
62224
62225
62226
62227
62228
62229
62246
62247
62248
62249
62250
62251
62252
62255
62258
62273
62274
62276
62277
62278
62279
62280
62311
62312
62313
62314
62315
62316
62317
62318
62321
62322
62323
62324
62325
62326
62329
62344
62345
62347
62348
62349
62350
62351
62382
62383
62384
62385
62386
62387
62388
62389
62390
62391
62392
62393
62394
62395
62396
62397
62412
62413
62414
62415
62416
62417
62418
62421
62424
62439
62440
62442
62443
62444
62445
62446
62477
62478
62479
62480
62481
62482
62483
62484
62487
62488
62489
62490
62491
62492
62495
62510
62511
62513
62514
62515
62516
62517
62548
62549
62550
62551
62552
62553
62554
62555
62556
62557
62558
62559
62560
62561
62562
62563
62570
62576
62577
62578
62579
62580
62581
62589
62598
62599
62601
62602
62603
62604
62605
62636
62637
62638
62639
62640
62641
62642
62643
62646
62647
62648
62649
62650
62651
62652
62657
62672
62673
62675
62676
62677
62678
62679
62710
62711
62712
62713
62714
62715
62716
62717
62726
62733
62734
62736
62737
62738
62739
62740
62746
62755
62761
62774
62775
62776
62777
62778
62779
62780
62783
62784
62785
62786
62787
62788
62789
62792
62795
62810
62811
62813
62814
62815
62816
62817
62848
62849
62850
62851
62852
62853
62854
62855
62858
62871
62872
62874
62875
62876
62877
62878
62884
62893
62899
62912
62913
62914
62915
62916
62917
62918
62921
62922
62923
62924
62925
62926
62929
62944
62945
62947
62948
62949
62950
62951
62982
62983
62984
62985
62986
62987
62988
62989
62990
62992
62993
62994
62995
62996
62997
62998
63001
63003
63004
63006
63007
63009
63010
63011
63013
63015
63020
63038
63043
63047
63048
63049
63050
63053
63054
63055
63057
63058
63059
63060
63063
63064
63065
63066
63067
63068
63069
63072
63075
63090
63091
63093
63094
63095
63096
63097
63128
63129
63130
63131
63132
63133
63134
63135
63138
63139
63140
63141
63142
63143
63146
63161
63162
63164
63165
63166
63167
63168
63199
63200
63201
63202
63203
63204
63205
63206
63209
63210
63211
63212
63213
63214
63215
63218
63221
63236
63237
63239
63240
63241
63242
63243
63274
63275
63276
63277
63278
63279
63280
63281
63284
63285
63286
63287
63288
63289
63292
63305
63306
63308
63309
63310
63311
63312
63343
63344
63345
63346
63347
63348
63349
63350
63351
63352
63353
63354
63355
63356
63357
63358
63375
63376
63377
63378
63379
63380
63381
63384
63387
63402
63403
63405
63406
63407
63408
63409
63440
63441
63442
63443
63444
63445
63446
63447
63450
63451
63452
63453
63454
63455
63458
63471
63472
63474
63475
63476
63477
63478
63509
63510
63511
63512
63513
63514
63515
63516
63517
63518
63519
63520
63521
63522
63523
63524
63539
63540
63541
63542
63543
63544
63545
63548
63551
63566
63567
63569
63570
63571
63572
63573
63604
63605
63606
63607
63608
63609
63610
63611
63614
63615
63616
63617
63618
63619
63622
63635
63636
63638
63639
63640
63641
63642
63673
63674
63675
63676
63677
63678
63679
63680
63681
63682
63683
63684
63685
63686
63687
63688
63698
63701
63702
63703
63704
63705
63706
63712
63725
63726
63728
63729
63730
63731
63732
63763
63764
63765
63766
63767
63768
63769
63770
63771
63772
63773
63774
63775
63776
63777
63778
63785
63791
63792
63793
63794
63795
63796
63800
63815
63816
63818
63819
63820
63821
63822
63853
63854
63855
63856
63857
63858
63859
63860
63861
63862
63863
63864
63865
63866
63867
63868
63887
63888
63903
63910
63911
63913
63914
63915
63916
63917
63923
63932
63938
63951
63952
63953
63954
63955
63956
63957
63958
63959
63962
63963
63964
63965
63966
63967
63968
63973
63988
63989
63991
63992
63993
63994
63995
64026
64027
64028
64029
64030
64031
64032
64033
64036
64041
64044
64051
64052
64054
64055
64056
64057
64058
64064
64073
64079
64092
64093
64094
64095
64096
64097
64098
64101
64102
64103
64104
64105
64106
64109
64124
64125
64127
64128
64129
64130
64131
64162
64163
64164
64165
64166
64167
64168
64169
64172
64173
64174
64175
64176
64177
64178
64183
64196
64199
64200
64202
64203
64204
64205
64206
64237
64238
64239
64240
64241
64242
64243
64244
64247
64248
64249
64250
64251
64252
64253
64256
64271
64272
64274
64275
64276
64277
64278
64309
64310
64311
64312
64313
64314
64315
64316
64319
64320
64321
64322
64323
64324
64325
64328
64331
64346
64347
64349
64350
64351
64352
64353
64384
64385
64386
64387
64388
64389
64390
64391
64394
64395
64396
64397
64398
64399
64402
64417
64418
64420
64421
64422
64423
64424
64455
64456
64457
64458
64459
64460
64461
64462
64463
64464
64465
64466
64467
64468
64469
64470
64487
64488
64489
64490
64491
64492
64493
64496
64499
64514
64515
64517
64518
64519
64520
64521
64552
64553
64554
64555
64556
64557
64558
64559
64562
64563
64564
64565
64566
64567
64570
64585
64586
64588
64589
64590
64591
64592
64623
64624
64625
64626
64627
64628
64629
64630
64631
64632
64633
64634
64635
64636
64637
64638
64653
64654
64655
64656
64657
64658
64659
64662
64665
64680
64681
64683
64684
64685
64686
64687
64718
64719
64720
64721
64722
64723
64724
64725
64728
64729
64730
64731
64732
64733
64736
64751
64752
64754
64755
64756
64757
64758
64789
64790
64791
64792
64793
64794
64795
64796
64797
64798
64799
64800
64801
64802
64803
64804
64811
64817
64818
64819
64820
64821
64822
64830
64839
64840
64842
64843
64844
64845
64846
64877
64878
64879
64880
64881
64882
64883
64884
64887
64888
64889
64890
64891
64892
64893
64898
64913
64914
64916
64917
64918
64919
64920
64951
64952
64953
64954
64955
64956
64957
64958
64967
64974
64975
64977
64978
64979
64980
64981
64987
64996
65002
65015
65016
65017
65018
65019
65020
65021
65024
65025
65026
65027
65028
65029
65030
65033
65036
65051
65052
65054
65055
65056
65057
65058
65089
65090
65091
65092
65093
65094
65095
65096
65099
65112
65113
65115
65116
65117
65118
65119
65125
65134
65140
65153
65154
65155
65156
65157
65158
65159
65162
65163
65164
65165
65166
65167
65170
65185
65186
65188
65189
65190
65191
65192
65223
65224
65225
65226
65227
65228
65229
65230
65231
65233
65234
65235
65236
65237
65238
65239
65242
65244
65245
65247
65248
65250
65251
65252
65254
65256
65261
65279
65284
65288
65289
65290
65291
65294
65295
65296
65298
65299
65300
65301
65304
65305
65306
65307
65308
65309
65310
65313
65316
65331
65332
65334
65335
65336
65337
65338
65369
65370
65371
65372
65373
65374
65375
65376
65379
65380
65381
65382
65383
65384
65387
65402
65403
65405
65406
65407
65408
65409
65440
65441
65442
65443
65444
65445
65446
65447
65450
65451
65452
65453
65454
65455
65456
65459
65462
65477
65478
65480
65481
65482
65483
65484
65515
65516
65517
65518
65519
65520
65521
65522
65525
65526
65527
65528
65529
65530
65533
65546
65547
65549
65550
65551
65552
65553
65584
65585
65586
65587
65588
65589
65590
65591
65592
65593
65594
65595
65596
65597
65598
65599
65616
65617
65618
65619
65620
65621
65622
65625
65628
65643
65644
65646
65647
65648
65649
65650
65681
65682
65683
65684
65685
65686
65687
65688
65691
65692
65693
65694
65695
65696
65699
65712
65713
65715
65716
65717
65718
65719
65750
65751
65752
65753
65754
65755
65756
65757
65758
65759
65760
65761
65762
65763
65764
65765
65780
65781
65782
65783
65784
65785
65786
65789
65792
65807
65808
65810
65811
65812
65813
65814
65845
65846
65847
65848
65849
65850
65851
65852
65855
65856
65857
65858
65859
65860
65863
65876
65877
65879
65880
65881
65882
65883
65914
65915
65916
65917
65918
65919
65920
65921
65922
65923
65924
65925
65926
65927
65928
65929
65939
65942
65943
65944
65945
65946
65947
65953
65966
65967
65969
65970
65971
65972
65973
66004
66005
66006
66007
66008
66009
66010
66011
66012
66013
66014
66015
66016
66017
66018
66019
66026
66032
66033
66034
66035
66036
66037
66041
66056
66057
66059
66060
66061
66062
66063
66094
66095
66096
66097
66098
66099
66100
66101
66102
66103
66104
66105
66106
66107
66108
66109
66128
66129
66144
66151
66152
66154
66155
66156
66157
66158
66164
66173
66179
66192
66193
66194
66195
66196
66197
66198
66199
66200
66203
66204
66205
66206
66207
66208
66209
66214
66229
66230
66232
66233
66234
66235
66236
66267
66268
66269
66270
66271
66272
66273
66274
66277
66282
66285
66292
66293
66295
66296
66297
66298
66299
66305
66314
66320
66333
66334
66335
66336
66337
66338
66339
66342
66343
66344
66345
66346
66347
66350
66365
66366
66368
66369
66370
66371
66372
66403
66404
66405
66406
66407
66408
66409
66410
66413
66414
66415
66416
66417
66418
66419
66424
66437
66440
66441
66443
66444
66445
66446
66447
66478
66479
66480
66481
66482
66483
66484
66485
66488
66489
66490
66491
66492
66493
66494
66497
66512
66513
66515
66516
66517
66518
66519
66550
66551
66552
66553
66554
66555
66556
66557
66560
66561
66562
66563
66564
66565
66566
66569
66572
66587
66588
66590
66591
66592
66593
66594
66625
66626
66627
66628
66629
66630
66631
66632
66635
66636
66637
66638
66639
66640
66643
66658
66659
66661
66662
66663
66664
66665
66696
66697
66698
66699
66700
66701
66702
66703
66704
66705
66706
66707
66708
66709
66710
66711
66728
66729
66730
66731
66732
66733
66734
66737
66740
66755
66756
66758
66759
66760
66761
66762
66793
66794
66795
66796
66797
66798
66799
66800
66803
66804
66805
66806
66807
66808
66811
66826
66827
66829
66830
66831
66832
66833
66864
66865
66866
66867
66868
66869
66870
66871
66872
66873
66874
66875
66876
66877
66878
66879
66894
66895
66896
66897
66898
66899
66900
66903
66906
66921
66922
66924
66925
66926
66927
66928
66959
66960
66961
66962
66963
66964
66965
66966
66969
66970
66971
66972
66973
66974
66977
66992
66993
66995
66996
66997
66998
66999
67030
67031
67032
67033
67034
67035
67036
67037
67038
67039
67040
67041
67042
67043
67044
67045
67052
67058
67059
67060
67061
67062
67063
67071
67080
67081
67083
67084
67085
67086
67087
67118
67119
67120
67121
67122
67123
67124
67125
67128
67129
67130
67131
67132
67133
67134
67139
67154
67155
67157
67158
67159
67160
67161
67192
67193
67194
67195
67196
67197
67198
67199
67208
67215
67216
67218
67219
67220
67221
67222
67228
67237
67243
67256
67257
67258
67259
67260
67261
67262
67265
67266
67267
67268
67269
67270
67271
67274
67277
67292
67293
67295
67296
67297
67298
67299
67330
67331
67332
67333
67334
67335
67336
67337
67340
67353
67354
67356
67357
67358
67359
67360
67366
67375
67381
67394
67395
67396
67397
67398
67399
67400
67403
67404
67405
67406
67407
67408
67411
67426
67427
67429
67430
67431
67432
67433
67464
67465
67466
67467
67468
67469
67470
67471
67472
67474
67475
67476
67477
67478
67479
67480
67483
67485
67486
67488
67489
67491
67492
67493
67495
67497
67502
67520
67525
67529
67530
67531
67532
67535
67536
67537
67539
67540
67541
67542
67545
67546
67547
67548
67549
67550
67551
67554
67557
67572
67573
67575
67576
67577
67578
67579
67610
67611
67612
67613
67614
67615
67616
67617
67620
67621
67622
67623
67624
67625
67628
67643
67644
67646
67647
67648
67649
67650
67681
67682
67683
67684
67685
67686
67687
67688
67691
67692
67693
67694
67695
67696
67697
67700
67703
67718
67719
67721
67722
67723
67724
67725
67756
67757
67758
67759
67760
67761
67762
67763
67766
67767
67768
67769
67770
67771
67774
67787
67788
67790
67791
67792
67793
67794
67825
67826
67827
67828
67829
67830
67831
67832
67833
67834
67835
67836
67837
67838
67839
67840
67857
67858
67859
67860
67861
67862
67863
67866
67869
67884
67885
67887
67888
67889
67890
67891
67922
67923
67924
67925
67926
67927
67928
67929
67932
67933
67934
67935
67936
67937
67940
67953
67954
67956
67957
67958
67959
67960
67991
67992
67993
67994
67995
67996
67997
67998
67999
68000
68001
68002
68003
68004
68005
68006
68021
68022
68023
68024
68025
68026
68027
68030
68033
68048
68049
68051
68052
68053
68054
68055
68086
68087
68088
68089
68090
68091
68092
68093
68096
68097
68098
68099
68100
68101
68104
68117
68118
68120
68121
68122
68123
68124
68155
68156
68157
68158
68159
68160
68161
68162
68163
68164
68165
68166
68167
68168
68169
68170
68180
68183
68184
68185
68186
68187
68188
68194
68207
68208
68210
68211
68212
68213
68214
68245
68246
68247
68248
68249
68250
68251
68252
68253
68254
68255
68256
68257
68258
68259
68260
68267
68273
68274
68275
68276
68277
68278
68282
68297
68298
68300
68301
68302
68303
68304
68335
68336
68337
68338
68339
68340
68341
68342
68343
68344
68345
68346
68347
68348
68349
68350
68369
68374
68383
68384
68403
68404
68407
68408
68409
68410
68411
68412
68413
68416
68419
68434
68435
68437
68438
68439
68440
68441
68472
68473
68474
68475
68476
68477
68478
68479
68482
68491
68492
68511
68512
68515
68516
68517
68518
68519
68520
68523
68538
68539
68541
68542
68543
68544
68545
68576
68577
68578
68579
68580
68581
68582
68583
68586
68587
68588
68589
68590
68591
68592
68595
68598
68613
68614
68616
68617
68618
68619
68620
68651
68652
68653
68654
68655
68656
68657
68658
68661
68662
68663
68664
68665
68666
68669
68684
68685
68687
68688
68689
68690
68691
68722
68723
68724
68725
68726
68727
68728
68729
68732
68733
68734
68735
68736
68737
68738
68741
68744
68759
68760
68762
68763
68764
68765
68766
68797
68798
68799
68800
68801
68802
68803
68804
68807
68808
68809
68810
68811
68812
68815
68830
68831
68833
68834
68835
68836
68837
68868
68869
68870
68871
68872
68873
68874
68875
68876
68877
68878
68879
68880
68881
68882
68883
68898
68899
68900
68901
68902
68903
68904
68907
68910
68925
68926
68928
68929
68930
68931
68932
68963
68964
68965
68966
68967
68968
68969
68970
68973
68974
68975
68976
68977
68978
68981
68996
68997
68999
69000
69001
69002
69003
69034
69035
69036
69037
69038
69039
69040
69041
69042
69043
69044
69045
69046
69047
69048
69049
69064
69065
69066
69067
69068
69069
69070
69073
69076
69091
69092
69094
69095
69096
69097
69098
69129
69130
69131
69132
69133
69134
69135
69136
69139
69140
69141
69142
69143
69144
69147
69162
69163
69165
69166
69167
69168
69169
69200
69201
69202
69203
69204
69205
69206
69207
69208
69209
69210
69211
69212
69213
69214
69215
69222
69228
69229
69230
69231
69232
69233
69241
69250
69251
69253
69254
69255
69256
69257
69288
69289
69290
69291
69292
69293
69294
69295
69298
69299
69300
69301
69302
69303
69304
69307
69324
69325
69327
69328
69329
69330
69331
69362
69363
69364
69365
69366
69367
69368
69369
69372
69381
69382
69401
69402
69405
69406
69407
69408
69409
69410
69411
69414
69417
69432
69433
69435
69436
69437
69438
69439
69470
69471
69472
69473
69474
69475
69476
69477
69480
69489
69490
69509
69510
69513
69514
69515
69516
69517
69518
69521
69536
69537
69539
69540
69541
69542
69543
69574
69575
69576
69577
69578
69579
69580
69581
69582
69584
69585
69586
69587
69588
69589
69590
69593
69595
69596
69598
69599
69601
69602
69603
69605
69607
69612
69630
69635
69639
69640
69641
69642
69645
69646
69647
69649
69650
69651
69652
69655
69656
69657
69658
69659
69660
69661
69664
69667
69682
69683
69685
69686
69687
69688
69689
69720
69721
69722
69723
69724
69725
69726
69727
69730
69731
69732
69733
69734
69735
69738
69753
69754
69756
69757
69758
69759
69760
69791
69792
69793
69794
69795
69796
69797
69798
69801
69802
69803
69804
69805
69806
69807
69810
69813
69828
69829
69831
69832
69833
69834
69835
69866
69867
69868
69869
69870
69871
69872
69873
69876
69877
69878
69879
69880
69881
69884
69897
69898
69900
69901
69902
69903
69904
69935
69936
69937
69938
69939
69940
69941
69942
69943
69944
69945
69946
69947
69948
69949
69950
69965
69966
69967
69968
69969
69970
69971
69974
69977
69992
69993
69995
69996
69997
69998
69999
70030
70031
70032
70033
70034
70035
70036
70037
70040
70041
70042
70043
70044
70045
70048
70061
70062
70064
70065
70066
70067
70068
70099
70100
70101
70102
70103
70104
70105
70106
70107
70108
70109
70110
70111
70112
70113
70114
70129
70130
70131
70132
70133
70134
70135
70138
70141
70156
70157
70159
70160
70161
70162
70163
70194
70195
70196
70197
70198
70199
70200
70201
70204
70205
70206
70207
70208
70209
70212
70225
70226
70228
70229
70230
70231
70232
70263
70264
70265
70266
70267
70268
70269
70270
70271
70272
70273
70274
70275
70276
70277
70278
70291
70294
70295
70296
70297
70298
70299
70302
70317
70318
70320
70321
70322
70323
70324
70355
70356
70357
70358
70359
70360
70361
70362
70363
70364
70365
70366
70367
70368
70369
70370
70385
70386
70387
70388
70389
70390
70391
70394
70411
70412
70414
70415
70416
70417
70418
70449
70450
70451
70452
70453
70454
70455
70456
70457
70458
70459
70460
70461
70462
70463
70464
70467
70490
70491
70510
70511
70514
70515
70516
70517
70518
70519
70520
70523
70526
70541
70542
70544
70545
70546
70547
70548
70579
70580
70581
70582
70583
70584
70585
70586
70589
70598
70599
70618
70619
70622
70623
70624
70625
70626
70627
70630
70645
70646
70648
70649
70650
70651
70652
70683
70684
70685
70686
70687
70688
70689
70690
70693
70694
70695
70696
70697
70698
70699
70702
70705
70720
70721
70723
70724
70725
70726
70727
70758
70759
70760
70761
70762
70763
70764
70765
70768
70769
70770
70771
70772
70773
70776
70791
70792
70794
70795
70796
70797
70798
70829
70830
70831
70832
70833
70834
70835
70836
70839
70840
70841
70842
70843
70844
70845
70848
70851
70866
70867
70869
70870
70871
70872
70873
70904
70905
70906
70907
70908
70909
70910
70911
70914
70915
70916
70917
70918
70919
70922
70937
70938
70940
70941
70942
70943
70944
70975
70976
70977
70978
70979
70980
70981
70982
70983
70984
70985
70986
70987
70988
70989
70990
70993
71006
71007
71008
71009
71010
71011
71012
71015
71030
71031
71033
71034
71035
71036
71037
71068
71069
71070
71071
71072
71073
71074
71075
71078
71079
71080
71081
71082
71083
71086
71101
71102
71104
71105
71106
71107
71108
71139
71140
71141
71142
71143
71144
71145
71146
71147
71148
71149
71150
71151
71152
71153
71154
71157
71170
71171
71172
71173
71174
71175
71176
71179
71194
71195
71197
71198
71199
71200
71201
71232
71233
71234
71235
71236
71237
71238
71239
71242
71243
71244
71245
71246
71247
71250
71265
71266
71268
71269
71270
71271
71272
71303
71304
71305
71306
71307
71308
71309
71310
71311
71312
71313
71314
71315
71316
71317
71318
71325
71330
71331
71332
71333
71334
71335
71342
71351
71352
71354
71355
71356
71357
71358
71389
71390
71391
71392
71393
71394
71395
71396
71399
71400
71401
71402
71403
71404
71405
71408
71411
71426
71427
71429
71430
71431
71432
71433
71464
71465
71466
71467
71468
71469
71470
71471
71475
71488
71489
71491
71492
71493
71494
71495
71501
71510
71516
71529
71530
71531
71532
71533
71534
71535
71538
71539
71540
71541
71542
71543
71544
71552
71561
71562
71564
71565
71566
71567
71568
71599
71600
71601
71602
71603
71604
71605
71606
71610
71611
71612
71613
71614
71615
71616
71619
71622
71639
71640
71642
71643
71644
71645
71646
71652
71661
71667
71680
71681
71682
71683
71684
71685
71686
71689
71690
71691
71692
71693
71694
71697
71710
71711
71712
71713
71714
71716
71717
71718
71719
71720
71751
71752
71753
71754
71755
71756
71757
71758
71761
71762
71763
71764
71765
71766
71767
71776
71779
71780
71781
71782
71783
71784
71789
71790
71794
71795
71796
71797
71798
71799
71800
71801
71806
71807
71811
71814
71818
71819
71827
71829
71830
71834
71837
71841
71842
71850
71852
71853
71855
71857
71858
71862
71865
71872
71874
71875
71879
71882
71889
71891
71892
71893
71894
71895
71896
71897
71898
71899
71901
71905
71906
71908
71909
71917
71923
71925
71926
71934
71940
71942
71943
71944
71945
71946
71947
71948
71949
71950
71951
71952
71953
71954
71955
71957
71958
71960
71961
71967
71969
71970
71976
71978
71980
71985
71986
71992
71993
71994
71995
71996
71997
72000
72001
72002
72010
72013
72016
72020
72021
72022
72023
72031
72034
72037
72041
72042
72043
72044
72052
72055
72058
72062
72063
72064
72065
72073
72076
72079
72083
72084
72085
72086
72097
72102
72104
72106
72107
72113
72115
72117
72118
72119
72120
72121
72122
72123
72124
72125
72126
72127
72128
72129
72130
72131
72132
72133
72134
72135
72136
72137
72140
72141
72142
72143
72145
72146
72147
72148
72149
72150
72151
72154
72155
72158
72162
72167
72170
72175
72178
72183
72186
72191
72194
72199
72202
72207
72210
72215
72218
72223
72224
72226
72227
72228
72229
72230
72231
72232
72233
72234
72235
72236
72237
72238
72241
72242
72245
72249
72254
72257
72262
72265
72270
72273
72278
72281
72286
72289
72294
72297
72302
72305
72310
72311
72313
72314
72315
72316
72319
72320
72326
72327
72330
72331
72332
72333
72334
72335
72336
72340
72341
72348
72349
72356
72359
72363
72364
72371
72374
72378
72379
72383
72387
72389
72390
72399
72400
72401
72402
72403
72404
72407
72408
72409
72417
72420
72423
72427
72428
72429
72430
72438
72441
72444
72448
72449
72450
72451
72459
72462
72465
72469
72470
72471
72472
72480
72483
72486
72490
72491
72492
72493
72496
72501
72516
72521
72526
72531
72535
72539
72541
72542
72551
72555
72559
72560
72561
72562
72566
72567
72568
72569
72570
72571
72572
72573
72576
72577
72580
72584
72589
72592
72597
72600
72605
72608
72613
72616
72621
72624
72629
72632
72637
72640
72645
72646
72648
72649
72650
72651
72652
72653
72654
72655
72656
72659
72662
72663
72664
72665
72666
72668
72669
72671
72672
72675
72676
72682
72684
72685
72688
72689
72695
72697
72698
72699
72700
72701
72702
72703
72704
72705
72706
72707
72708
72709
72710
72712
72713
72715
72716
72722
72724
72725
72731
72733
72735
72740
72741
72747
72748
72749
72750
72751
72752
72760
72763
72766
72767
72768
72769
72777
72780
72783
72784
72786
72787
72798
72803
72805
72807
72808
72814
72816
72818
72819
72820
72821
72822
72823
72824
72825
72826
72827
72828
72829
72830
72831
72832
72833
72834
72835
72836
72837
72838
72841
72842
72843
72844
72846
72847
72848
72849
72850
72851
72852
72855
72856
72859
72863
72868
72871
72876
72879
72884
72887
72892
72893
72895
72896
72897
72898
72899
72900
72901
72902
72903
72904
72905
72906
72907
72910
72911
72914
72918
72923
72926
72931
72934
72939
72942
72947
72948
72950
72951
72952
72953
72958
72964
72965
72968
72969
72970
72971
72972
72973
72974
72975
72976
72985
72987
72990
73001
73003
73006
73017
73019
73021
73025
73027
73028
73035
73036
73037
73038
73039
73040
73048
73051
73054
73055
73056
73057
73065
73068
73071
73072
73074
73075
73100
73107
73112
73116
73118
73120
73121
73128
73132
73134
73135
73136
73140
73141
73142
73143
73144
73145
73146
73147
73150
73151
73154
73158
73163
73166
73171
73174
73179
73182
73187
73188
73190
73191
73192
73193
73194
73195
73196
73197
73198
73201
73204
73205
73206
73207
73208
73210
73212
73214
73217
73218
73225
73227
73229
73232
73233
73240
73242
73243
73244
73245
73246
73247
73248
73249
73250
73251
73252
73253
73254
73256
73257
73259
73265
73267
73273
73275
73278
73290
73291
73292
73293
73294
73295
73303
73306
73309
73310
73311
73322
73327
73330
73332
73344
73347
73349
73350
73351
73352
73353
73354
73355
73356
73357
73358
73359
73360
73361
73362
73363
73364
73365
73366
73367
73368
73369
73372
73373
73374
73376
73377
73378
73379
73380
73381
73382
73385
73386
73389
73393
73398
73401
73406
73407
73409
73410
73411
73412
73413
73414
73415
73416
73417
73418
73419
73420
73421
73424
73425
73428
73432
73437
73440
73445
73446
73448
73449
73450
73451
73456
73462
73463
73466
73467
73468
73469
73470
73471
73472
73473
73474
73483
73485
73498
73500
73513
73515
73518
73520
73524
73525
73526
73527
73528
73529
73537
73540
73543
73544
73545
73570
73578
73580
73584
73586
73588
73592
73596
73598
73599
73600
73604
73605
73606
73607
73608
73609
73610
73613
73614
73617
73621
73626
73629
73634
73635
73637
73638
73639
73640
73641
73642
73643
73644
73645
73648
73651
73652
73653
73654
73655
73659
73661
73664
73665
73673
73675
73677
73680
73681
73689
73691
73692
73693
73694
73695
73696
73697
73698
73699
73700
73701
73702
73703
73705
73706
73708
73714
73716
73722
73724
73727
73739
73740
73741
73742
73743
73744
73752
73755
73758
73759
73760
73771
73776
73779
73781
73793
73796
73798
73799
73800
73801
73802
73803
73804
73805
73806
73807
73808
73809
73810
73811
73812
73813
73814
73815
73816
73817
73818
73821
73822
73823
73825
73826
73827
73828
73829
73830
73831
73834
73835
73838
73842
73847
73850
73855
73856
73858
73859
73860
73861
73862
73863
73864
73865
73866
73867
73868
73869
73870
73873
73874
73877
73881
73886
73889
73894
73895
73897
73898
73899
73900
73905
73911
73912
73915
73916
73917
73918
73919
73920
73921
73922
73923
73932
73934
73947
73949
73962
73964
73967
73969
73973
73974
73975
73976
73977
73978
73986
73989
73992
73993
73994
74019
74027
74029
74033
74035
74037
74041
74045
74047
74048
74049
74053
74054
74055
74056
74057
74058
74059
74062
74063
74066
74070
74075
74078
74083
74084
74086
74087
74088
74089
74090
74091
74092
74093
74094
74097
74100
74101
74102
74103
74104
74108
74110
74113
74114
74122
74124
74126
74129
74130
74138
74140
74141
74142
74143
74144
74145
74146
74147
74148
74149
74150
74151
74152
74154
74155
74157
74163
74165
74171
74173
74176
74188
74189
74190
74191
74192
74193
74201
74204
74207
74208
74209
74220
74225
74228
74230
74242
74245
74247
74248
74249
74250
74251
74252
74253
74254
74255
74256
74257
74258
74259
74260
74261
74262
74263
74264
74265
74266
74267
74270
74271
74272
74274
74275
74276
74277
74278
74279
74280
74283
74284
74287
74291
74296
74299
74304
74305
74307
74308
74309
74310
74311
74312
74313
74314
74315
74316
74317
74318
74319
74322
74323
74326
74330
74335
74338
74343
74344
74346
74347
74348
74349
74354
74360
74361
74364
74365
74366
74367
74368
74369
74370
74371
74372
74381
74383
74396
74398
74411
74413
74416
74418
74422
74423
74424
74425
74426
74427
74435
74438
74441
74442
74443
74468
74476
74478
74482
74484
74486
74490
74494
74496
74497
74498
74502
74503
74504
74505
74506
74507
74508
74511
74512
74515
74519
74524
74527
74532
74533
74535
74536
74537
74538
74539
74540
74541
74542
74543
74546
74549
74550
74551
74552
74553
74557
74559
74562
74563
74571
74573
74575
74578
74579
74587
74589
74590
74591
74592
74593
74594
74595
74596
74597
74598
74599
74600
74601
74603
74604
74606
74612
74614
74620
74622
74625
74637
74638
74639
74640
74641
74642
74650
74653
74656
74657
74658
74669
74674
74677
74679
74691
74694
74696
74697
74698
74699
74700
74701
74702
74703
74704
74705
74706
74707
74708
74709
74710
74711
74712
74713
74714
74715
74716
74719
74720
74721
74723
74724
74725
74726
74727
74728
74729
74732
74733
74736
74740
74745
74748
74753
74754
74756
74757
74758
74759
74760
74761
74762
74763
74764
74765
74766
74767
74768
74771
74772
74775
74779
74784
74787
74792
74793
74795
74796
74797
74798
74803
74809
74810
74813
74814
74815
74816
74817
74818
74819
74820
74821
74830
74832
74845
74847
74860
74862
74865
74867
74871
74872
74873
74874
74875
74876
74884
74887
74890
74891
74892
74917
74925
74927
74931
74933
74935
74939
74943
74945
74946
74947
74951
74952
74953
74954
74955
74956
74957
74960
74961
74964
74968
74973
74976
74981
74982
74984
74985
74986
74987
74988
74989
74990
74991
74992
74995
74998
74999
75000
75001
75002
75005
75007
75010
75012
75017
75018
75019
75021
75024
75026
75031
75032
75033
75035
75036
75037
75038
75039
75040
75042
75045
75056
75057
75062
75063
75072
75073
75083
75089
75102
75103
75118
75120
75121
75126
75127
75136
75137
75147
75153
75166
75167
75182
75184
75186
75187
75193
75194
75223
75225
75226
75255
75257
75258
75259
75260
75261
75262
75263
75264
75265
75266
75267
75268
75269
75271
75272
75273
75275
75276
75288
75290
75291
75303
75305
75307
75312
75313
75319
75320
75321
75323
75324
75325
75326
75327
75328
75329
75335
75336
75338
75339
75340
75348
75351
75354
75355
75359
75364
75366
75367
75369
75370
75371
75379
75382
75385
75386
75390
75395
75397
75398
75400
75401
75402
75410
75413
75416
75417
75421
75426
75428
75429
75431
75432
75433
75441
75444
75447
75448
75452
75457
75459
75460
75462
75463
75464
75472
75475
75478
75479
75483
75488
75490
75491
75493
75494
75495
75503
75506
75509
75510
75514
75519
75521
75522
75524
75525
75526
75534
75537
75540
75541
75545
75550
75552
75553
75555
75556
75557
75565
75568
75571
75572
75576
75581
75582
75583
75584
75585
75586
75607
75612
75614
75616
75617
75623
75625
75627
75628
75629
75630
75631
75632
75633
75634
75635
75636
75637
75638
75639
75640
75641
75642
75643
75644
75646
75651
75660
75663
75684
75688
75691
75712
75716
75718
75724
75730
75739
75740
75741
75743
75744
75745
75746
75747
75748
75749
75755
75756
75758
75759
75760
75768
75771
75774
75775
75779
75784
75786
75787
75789
75790
75791
75799
75802
75805
75806
75810
75815
75817
75818
75820
75821
75822
75830
75833
75836
75837
75841
75846
75848
75849
75851
75852
75853
75861
75864
75867
75868
75872
75877
75879
75880
75882
75883
75884
75892
75895
75898
75899
75903
75908
75910
75911
75913
75914
75915
75923
75926
75929
75930
75934
75939
75941
75942
75944
75945
75946
75954
75957
75960
75961
75965
75970
75972
75973
75975
75976
75977
75985
75988
75991
75992
75996
76001
76002
76003
76004
76005
76006
76055
76075
76080
76084
76088
76094
76103
76107
76111
76112
76113
76117
76118
76119
76120
76121
76122
76123
76124
76127
76129
76130
76132
76133
76135
76136
76137
76139
76141
76146
76164
76169
76173
76174
76175
76176
76179
76180
76181
76183
76184
76185
76186
76187
76188
76189
76190
76191
76196
76197
76218
76224
76226
76227
76248
76254
76256
76257
76258
76259
76260
76261
76262
76263
76264
76265
76266
76267
76268
76269
76272
76273
76274
76275
76276
76277
76278
76279
76280
76281
76282
76283
76286
76288
76289
76291
76292
76294
76295
76296
76298
76300
76305
76323
76328
76332
76333
76334
76335
76338
76339
76340
76342
76343
76344
76345
76346
76347
76348
76349
76350
76351
76352
76353
76354
76357
76359
76360
76362
76363
76365
76366
76367
76369
76371
76376
76394
76399
76403
76404
76405
76406
76409
76410
76411
76413
76414
76415
76416
76419
76420
76425
76430
76431
76438
76439
76442
76443
76444
76445
76446
76447
76448
76450
76455
76464
76467
76488
76492
76495
76516
76520
76522
76528
76534
76543
76544
76545
76547
76548
76549
76550
76551
76552
76553
76559
76560
76562
76563
76564
76572
76575
76578
76579
76583
76588
76590
76591
76593
76594
76595
76603
76606
76609
76610
76614
76619
76621
76622
76624
76625
76626
76634
76637
76640
76641
76645
76650
76652
76653
76655
76656
76657
76665
76668
76671
76672
76676
76681
76683
76684
76686
76687
76688
76696
76699
76702
76703
76707
76712
76714
76715
76717
76718
76719
76727
76730
76733
76734
76738
76743
76745
76746
76748
76749
76750
76758
76761
76764
76765
76769
76774
76776
76777
76779
76780
76781
76789
76792
76795
76796
76800
76805
76806
76807
76808
76809
76810
76859
76879
76884
76888
76892
76898
76907
76911
76915
76916
76917
76921
76922
76923
76924
76925
76926
76927
76928
76931
76933
76934
76936
76937
76939
76940
76941
76943
76945
76950
76968
76973
76977
76978
76979
76980
76983
76984
76985
76987
76988
76989
76990
76991
76992
76993
76994
76995
76998
77001
77002
77003
77004
77005
77006
77007
77008
77010
77012
77013
77016
77029
77031
77032
77035
77048
77050
77051
77052
77053
77054
77055
77056
77057
77058
77059
77061
77064
77065
77070
77072
77073
77074
77075
77076
77077
77078
77079
77080
77081
77082
77083
77084
77085
77087
77090
77092
77095
77096
77097
77099
77100
77102
77105
77107
77110
77114
77115
77116
77117
77118
77127
77130
77134
77135
77137
77138
77139
77140
77141
77142
77143
77146
77150
77152
77153
77156
77157
77158
77159
77160
77161
77162
77163
77164
77167
77168
77169
77170
77171
77172
77173
77174
77175
77176
77184
77187
77190
77191
77192
77193
77201
77204
77207
77208
77210
77211
77213
77214
77223
77226
77227
77234
77238
77240
77241
77248
77252
77254
77262
77263
77264
77265
77266
77268
77270
77271
77272
77275
77276
77277
77278
77279
77280
77283
77284
77287
77291
77296
77299
77304
77307
77312
77315
77320
77321
77323
77324
77325
77326
77327
77328
77329
77330
77331
77333
77334
77336
77337
77338
77348
77350
77351
77352
77362
77364
77365
77366
77367
77370
77371
77372
77373
77374
77375
77376
77377
77379
77380
77381
77383
77384
77388
77389
77390
77391
77392
77393
77394
77395
77396
77397
77400
77401
77404
77408
77413
77416
77421
77422
77424
77425
77426
77427
77428
77430
77431
77435
77438
77440
77441
77442
77443
77444
77445
77446
77447
77448
77449
77451
77452
77456
77461
77462
77463
77464
77465
77466
77468
77470
77471
77472
77473
77474
77475
77477
77478
77482
77487
77488
77489
77490
77491
77492
77493
77496
77497
77498
77499
77500
77501
77503
77507
77509
77511
77514
77515
77522
77524
77526
77529
77530
77537
77539
77540
77541
77542
77543
77544
77545
77546
77547
77548
77549
77550
77551
77552
77554
77555
77557
77563
77565
77571
77573
77576
77588
77589
77590
77591
77592
77593
77601
77604
77607
77608
77609
77620
77625
77628
77630
77642
77645
77647
77648
77649
77650
77651
77652
77653
77654
77655
77656
77657
77658
77659
77660
77661
77662
77663
77664
77665
77666
77667
77670
77671
77672
77674
77675
77676
77677
77678
77679
77680
77683
77684
77687
77691
77696
77699
77704
77705
77707
77708
77709
77710
77711
77712
77713
77714
77715
77716
77717
77718
77719
77722
77723
77726
77730
77735
77738
77743
77744
77746
77747
77748
77749
77754
77760
77761
77764
77765
77766
77767
77768
77769
77770
77771
77772
77781
77783
77796
77798
77811
77813
77816
77818
77822
77823
77824
77825
77826
77827
77835
77838
77841
77842
77843
77868
77876
77878
77882
77884
77886
77890
77894
77896
77897
77898
77902
77903
77904
77905
77906
77907
77908
77911
77912
77915
77919
77924
77927
77932
77933
77935
77936
77937
77938
77939
77940
77941
77942
77943
77946
77949
77950
77951
77952
77953
77958
77960
77965
77972
77974
77976
77981
77988
77990
77991
77992
77993
77994
77995
77996
77997
77998
77999
78000
78001
78002
78004
78005
78007
78013
78015
78021
78023
78026
78038
78039
78040
78041
78042
78043
78051
78054
78057
78058
78059
78070
78075
78078
78080
78092
78095
78097
78098
78099
78100
78101
78102
78103
78104
78105
78106
78107
78108
78109
78110
78111
78112
78113
78114
78115
78116
78117
78120
78121
78122
78124
78125
78126
78127
78128
78129
78130
78133
78134
78137
78141
78146
78149
78154
78155
78157
78158
78159
78160
78161
78162
78163
78164
78165
78166
78167
78168
78169
78172
78173
78176
78180
78185
78188
78193
78194
78196
78197
78198
78199
78204
78210
78211
78214
78215
78216
78217
78218
78219
78220
78221
78222
78231
78233
78246
78248
78261
78263
78266
78268
78272
78273
78274
78275
78276
78277
78285
78288
78291
78292
78293
78318
78326
78328
78332
78334
78336
78340
78344
78346
78347
78348
78352
78353
78354
78355
78356
78357
78358
78361
78362
78365
78369
78374
78377
78382
78383
78385
78386
78387
78388
78389
78390
78391
78392
78393
78396
78399
78400
78401
78402
78403
78408
78410
78415
78422
78424
78426
78431
78438
78440
78441
78442
78443
78444
78445
78446
78447
78448
78449
78450
78451
78452
78454
78455
78457
78463
78465
78471
78473
78476
78488
78489
78490
78491
78492
78493
78501
78504
78507
78508
78509
78520
78525
78528
78530
78542
78545
78547
78548
78549
78550
78551
78552
78553
78554
78555
78556
78557
78558
78559
78560
78561
78562
78563
78564
78565
78566
78567
78570
78571
78572
78574
78575
78576
78577
78578
78579
78580
78583
78584
78587
78591
78596
78599
78604
78605
78607
78608
78609
78610
78611
78612
78613
78614
78615
78616
78617
78618
78619
78622
78623
78626
78630
78635
78638
78643
78644
78646
78647
78648
78649
78654
78660
78661
78664
78665
78666
78667
78668
78669
78670
78671
78672
78681
78683
78696
78698
78711
78713
78716
78718
78722
78723
78724
78725
78726
78727
78735
78738
78741
78742
78743
78768
78776
78778
78782
78784
78786
78790
78794
78796
78797
78798
78802
78803
78804
78805
78806
78807
78808
78811
78812
78815
78819
78824
78827
78832
78833
78835
78836
78837
78838
78839
78840
78841
78842
78843
78846
78849
78850
78851
78852
78853
78858
78860
78865
78872
78874
78876
78881
78888
78890
78891
78892
78893
78894
78895
78896
78897
78898
78899
78900
78901
78902
78904
78905
78907
78913
78915
78921
78923
78926
78938
78939
78940
78941
78942
78943
78951
78954
78957
78958
78959
78970
78975
78978
78980
78992
78995
78997
78998
78999
79000
79001
79002
79003
79004
79005
79006
79007
79008
79009
79010
79011
79012
79013
79014
79015
79016
79017
79020
79021
79022
79024
79025
79026
79027
79028
79029
79030
79033
79034
79037
79041
79046
79049
79054
79055
79057
79058
79059
79060
79061
79062
79063
79064
79065
79066
79067
79068
79069
79072
79073
79076
79080
79085
79088
79093
79094
79096
79097
79098
79099
79104
79110
79111
79114
79115
79116
79117
79118
79119
79120
79121
79122
79131
79133
79146
79148
79161
79163
79166
79168
79172
79173
79174
79175
79176
79177
79185
79188
79191
79192
79193
79218
79226
79228
79232
79234
79236
79240
79244
79246
79247
79248
79252
79253
79254
79255
79256
79257
79258
79261
79262
79265
79269
79274
79277
79282
79283
79285
79286
79287
79288
79289
79290
79291
79292
79293
79296
79299
79300
79301
79302
79303
79307
79312
79317
79319
79324
79329
79331
79332
79333
79334
79335
79336
79337
79338
79339
79340
79341
79342
79345
79346
79347
79348
79349
79350
79351
79352
79354
79355
79356
79358
79359
79363
79364
79365
79366
79367
79368
79369
79370
79371
79372
79375
79376
79379
79383
79388
79391
79396
79397
79399
79400
79401
79402
79403
79405
79406
79410
79413
79415
79416
79417
79418
79419
79420
79421
79422
79423
79424
79426
79427
79431
79436
79437
79438
79439
79440
79441
79443
79445
79446
79447
79448
79449
79450
79452
79453
79457
79462
79463
79464
79465
79466
79467
79468
79471
79472
79473
79474
79475
79476
79478
79482
79484
79486
79489
79490
79497
79499
79501
79504
79505
79512
79514
79515
79516
79517
79518
79519
79520
79521
79522
79523
79524
79525
79526
79527
79529
79530
79532
79538
79540
79546
79548
79551
79563
79564
79565
79566
79567
79568
79576
79579
79582
79583
79584
79595
79600
79603
79605
79617
79620
79622
79623
79624
79625
79626
79627
79628
79629
79630
79631
79632
79633
79634
79635
79636
79637
79638
79639
79640
79641
79642
79645
79646
79647
79649
79650
79651
79652
79653
79654
79655
79658
79659
79662
79666
79671
79674
79679
79680
79682
79683
79684
79685
79686
79687
79688
79689
79690
79691
79692
79693
79694
79697
79698
79701
79705
79710
79713
79718
79719
79721
79722
79723
79724
79729
79735
79736
79739
79740
79741
79742
79743
79744
79745
79746
79747
79756
79758
79771
79773
79786
79788
79791
79793
79797
79798
79799
79800
79801
79802
79810
79813
79816
79817
79818
79843
79851
79853
79857
79859
79861
79865
79869
79871
79872
79873
79877
79878
79879
79880
79881
79882
79883
79886
79887
79890
79894
79899
79902
79907
79908
79910
79911
79912
79913
79914
79915
79916
79917
79918
79921
79924
79925
79926
79927
79928
79933
79935
79940
79947
79949
79951
79956
79963
79965
79966
79967
79968
79969
79970
79971
79972
79973
79974
79975
79976
79977
79979
79980
79982
79988
79990
79996
79998
80001
80013
80014
80015
80016
80017
80018
80026
80029
80032
80033
80034
80045
80050
80053
80055
80067
80070
80072
80073
80074
80075
80076
80077
80078
80079
80080
80081
80082
80083
80084
80085
80086
80087
80088
80089
80090
80091
80092
80095
80096
80097
80099
80100
80101
80102
80103
80104
80105
80108
80109
80112
80116
80121
80124
80129
80130
80132
80133
80134
80135
80136
80137
80138
80139
80140
80141
80142
80143
80144
80147
80148
80151
80155
80160
80163
80168
80169
80171
80172
80173
80174
80179
80185
80186
80189
80190
80191
80192
80193
80194
80195
80196
80197
80206
80208
80221
80223
80236
80238
80241
80243
80247
80248
80249
80250
80251
80252
80260
80263
80266
80267
80268
80293
80301
80303
80307
80309
80311
80315
80319
80321
80322
80323
80327
80328
80329
80330
80331
80332
80333
80336
80337
80340
80344
80349
80352
80357
80358
80360
80361
80362
80363
80364
80365
80366
80367
80368
80371
80374
80375
80376
80377
80378
80383
80385
80390
80397
80399
80401
80406
80413
80415
80416
80417
80418
80419
80420
80421
80422
80423
80424
80425
80426
80427
80429
80430
80432
80438
80440
80446
80448
80451
80463
80464
80465
80466
80467
80468
80476
80479
80482
80483
80484
80495
80500
80503
80505
80517
80520
80522
80523
80524
80525
80526
80527
80528
80529
80530
80531
80532
80533
80534
80535
80536
80537
80538
80539
80540
80541
80542
80545
80546
80547
80549
80550
80551
80552
80553
80554
80555
80558
80559
80562
80566
80571
80574
80579
80580
80582
80583
80584
80585
80586
80587
80588
80589
80590
80591
80592
80593
80594
80597
80598
80601
80605
80610
80613
80618
80619
80621
80622
80623
80624
80629
80635
80636
80639
80640
80641
80642
80643
80644
80645
80646
80647
80656
80658
80671
80673
80686
80688
80691
80693
80697
80698
80699
80700
80701
80702
80710
80713
80716
80717
80718
80743
80751
80753
80757
80759
80761
80765
80769
80771
80772
80773
80777
80778
80779
80780
80781
80782
80783
80786
80787
80790
80794
80799
80802
80807
80808
80810
80811
80812
80813
80814
80815
80816
80817
80818
80821
80824
80825
80826
80827
80828
80833
80835
80840
80847
80849
80851
80856
80863
80865
80866
80867
80868
80869
80870
80871
80872
80873
80874
80875
80876
80877
80879
80880
80882
80888
80890
80896
80898
80901
80913
80914
80915
80916
80917
80918
80926
80929
80932
80933
80934
80945
80950
80953
80955
80967
80970
80972
80973
80974
80975
80976
80977
80978
80979
80980
80981
80982
80983
80984
80985
80986
80987
80988
80989
80990
80991
80992
80995
80996
80997
80999
81000
81001
81002
81003
81004
81005
81008
81009
81012
81016
81021
81024
81029
81030
81032
81033
81034
81035
81036
81037
81038
81039
81040
81041
81042
81043
81044
81047
81048
81051
81055
81060
81063
81068
81069
81071
81072
81073
81074
81079
81085
81086
81089
81090
81091
81092
81093
81094
81095
81096
81097
81106
81108
81121
81123
81136
81138
81141
81143
81147
81148
81149
81150
81151
81152
81160
81163
81166
81167
81168
81193
81201
81203
81207
81209
81211
81215
81219
81221
81222
81223
81227
81228
81229
81230
81231
81232
81233
81236
81237
81240
81244
81249
81252
81257
81258
81260
81261
81262
81263
81264
81265
81266
81267
81268
81271
81274
81275
81276
81277
81278
81282
81287
81292
81294
81299
81304
81306
81307
81308
81309
81310
81311
81312
81313
81314
81315
81316
81318
81319
81321
81322
81323
81333
81335
81336
81337
81347
81349
81350
81351
81352
81353
81354
81355
81356
81357
81358
81359
81360
81369
81371
81384
81386
81399
81401
81404
81406
81410
81411
81412
81413
81414
81415
81423
81426
81429
81430
81431
81456
81464
81466
81470
81472
81474
81478
81482
81484
81485
81486
81490
81491
81492
81493
81494
81495
81496
81499
81500
81503
81507
81512
81515
81520
81521
81523
81524
81525
81526
81527
81528
81529
81530
81531
81535
81536
81551
81552
81555
81556
81559
81561
81562
81577
81578
81581
81582
81585
81587
81588
81589
81590
81591
81592
81593
81594
81595
81596
81597
81599
81604
81613
81616
81637
81641
81644
81665
81669
81671
81677
81683
81692
81693
81694
81696
81697
81698
81699
81700
81701
81702
81708
81709
81711
81712
81713
81721
81724
81727
81728
81732
81737
81739
81740
81742
81743
81744
81752
81755
81758
81759
81763
81768
81770
81771
81773
81774
81775
81783
81786
81789
81790
81794
81799
81801
81802
81804
81805
81806
81814
81817
81820
81821
81825
81830
81832
81833
81835
81836
81837
81845
81848
81851
81852
81856
81861
81863
81864
81866
81867
81868
81876
81879
81882
81883
81887
81892
81894
81895
81897
81898
81899
81907
81910
81913
81914
81918
81923
81925
81926
81928
81929
81930
81938
81941
81944
81945
81949
81954
81955
81956
81957
81958
81959
82008
82028
82033
82037
82041
82047
82056
82060
82064
82065
82066
82070
82071
82072
82073
82074
82075
82076
82077
82080
82082
82083
82085
82086
82088
82089
82090
82092
82094
82099
82117
82122
82126
82127
82128
82129
82132
82133
82134
82136
82137
82138
82139
82140
82141
82142
82143
82144
82149
82150
82151
82152
82153
82154
82155
82156
82157
82172
82175
82176
82177
82178
82179
82180
82181
82182
82184
82185
82189
82191
82192
82193
82194
82195
82196
82204
82207
82210
82211
82212
82213
82221
82224
82227
82228
82230
82231
82235
82242
82243
82244
82245
82246
82247
82255
82258
82261
82262
82263
82264
82272
82275
82278
82279
82281
82282
82283
82284
82285
82286
82287
82288
82296
82299
82302
82303
82304
82305
82313
82316
82319
82320
82322
82323
82324
82325
82326
82327
82328
82329
82337
82340
82343
82344
82345
82346
82354
82357
82360
82361
82363
82364
82365
82373
82375
82378
82382
82388
82395
82402
82407
82410
82417
82422
82433
82436
82443
82447
82452
82459
82464
82467
82474
82479
82490
82493
82500
82504
82509
82516
82521
82524
82531
82536
82547
82550
82557
82561
82564
82566
82571
82577
82580
82584
82585
82594
82595
82596
82597
82598
82599
82600
82601
82606
82607
82611
82612
82614
82616
82617
82618
82619
82620
82622
82623
82627
82628
82630
82632
82633
82634
82635
82636
82638
82641
82642
82649
82654
82655
82656
82657
82658
82659
82660
82661
82663
82668
82677
82680
82701
82705
82708
82729
82733
82735
82741
82747
82756
82757
82758
82760
82761
82762
82763
82764
82765
82766
82772
82773
82775
82776
82777
82785
82788
82791
82792
82796
82801
82803
82804
82806
82807
82808
82816
82819
82822
82823
82827
82832
82834
82835
82837
82838
82839
82847
82850
82853
82854
82858
82863
82865
82866
82868
82869
82870
82878
82881
82884
82885
82889
82894
82896
82897
82899
82900
82901
82909
82912
82915
82916
82920
82925
82927
82928
82930
82931
82932
82940
82943
82946
82947
82951
82956
82958
82959
82961
82962
82963
82971
82974
82977
82978
82982
82987
82989
82990
82992
82993
82994
83002
83005
83008
83009
83013
83018
83019
83020
83021
83022
83023
83072
83092
83097
83101
83105
83111
83120
83124
83128
83129
83130
83134
83135
83136
83137
83138
83139
83140
83141
83144
83146
83147
83149
83150
83152
83153
83154
83156
83158
83163
83181
83186
83190
83191
83192
83193
83196
83197
83198
83200
83201
83202
83203
83204
83205
83206
83207
83208
83209
83212
83214
83217
83223
83225
83228
83232
83234
83237
83243
83245
83248
83252
83254
83255
83256
83257
83258
83259
83260
83261
83262
83263
83264
83265
83274
83276
83279
83290
83292
83295
83306
83308
83310
83314
83316
83317
83324
83325
83326
83327
83328
83329
83337
83340
83343
83344
83345
83346
83354
83357
83360
83361
83363
83364
83389
83396
83401
83405
83407
83409
83410
83417
83421
83423
83424
83425
83429
83430
83431
83432
83433
83434
83435
83436
83439
83440
83443
83447
83452
83455
83460
83463
83468
83471
83476
83477
83479
83480
83481
83482
83483
83484
83485
83486
83487
83488
83489
83490
83491
83492
83493
83494
83495
83496
83497
83498
83500
83504
83506
83513
83519
83521
83528
83534
83536
83537
83538
83539
83540
83541
83542
83543
83544
83545
83546
83555
83557
83560
83571
83573
83576
83587
83589
83591
83595
83597
83598
83605
83606
83607
83608
83609
83610
83618
83621
83624
83625
83626
83627
83635
83638
83641
83642
83644
83645
83670
83677
83682
83686
83688
83690
83691
83698
83702
83704
83705
83706
83710
83711
83712
83713
83714
83715
83716
83717
83720
83721
83724
83728
83733
83736
83741
83744
83749
83752
83757
83758
83760
83761
83762
83763
83764
83765
83766
83767
83768
83776
83777
83784
83789
83791
83792
83799
83804
83806
83807
83808
83809
83810
83811
83812
83813
83814
83815
83816
83817
83818
83827
83829
83832
83843
83845
83848
83859
83861
83863
83867
83869
83870
83877
83878
83879
83880
83881
83882
83890
83893
83896
83897
83898
83899
83907
83910
83913
83914
83916
83917
83942
83949
83954
83958
83960
83962
83963
83970
83974
83976
83977
83978
83982
83983
83984
83985
83986
83987
83988
83989
83992
83993
83996
84000
84005
84008
84013
84016
84021
84024
84029
84030
84032
84033
84034
84035
84036
84037
84038
84039
84040
84041
84044
84045
84048
84060
84062
84063
84066
84078
84080
84083
84084
84085
84094
84099
84101
84102
84103
84112
84117
84119
84120
84121
84122
84123
84124
84125
84126
84127
84128
84129
84130
84131
84133
84134
84136
84137
84143
84145
84146
84152
84154
84156
84161
84162
84168
84169
84170
84171
84172
84173
84181
84184
84187
84188
84189
84190
84198
84201
84204
84205
84207
84208
84219
84224
84226
84228
84229
84235
84237
84239
84240
84241
84242
84243
84244
84245
84246
84247
84248
84249
84250
84252
84253
84254
84255
84256
84257
84258
84267
84269
84272
84283
84285
84288
84299
84301
84303
84307
84309
84310
84317
84318
84319
84320
84321
84322
84330
84333
84336
84337
84338
84339
84347
84350
84353
84354
84356
84357
84382
84389
84394
84398
84400
84402
84403
84410
84414
84416
84417
84418
84422
84423
84424
84425
84426
84427
84428
84429
84432
84433
84436
84440
84445
84448
84453
84456
84461
84464
84469
84470
84472
84473
84474
84475
84476
84477
84478
84479
84480
84482
84489
84490
84497
84502
84504
84505
84512
84517
84519
84520
84521
84522
84523
84524
84525
84526
84527
84528
84529
84530
84531
84540
84542
84545
84556
84558
84561
84572
84574
84576
84580
84582
84583
84590
84591
84592
84593
84594
84595
84603
84606
84609
84610
84611
84612
84620
84623
84626
84627
84629
84630
84655
84662
84667
84671
84673
84675
84676
84683
84687
84689
84690
84691
84695
84696
84697
84698
84699
84700
84701
84702
84705
84706
84709
84713
84718
84721
84726
84729
84734
84737
84742
84743
84745
84746
84747
84748
84749
84750
84751
84752
84753
84754
84757
84758
84761
84773
84775
84776
84779
84791
84793
84796
84797
84798
84807
84812
84814
84815
84816
84825
84830
84832
84833
84834
84835
84836
84837
84838
84839
84840
84841
84842
84843
84844
84846
84847
84849
84850
84856
84858
84859
84865
84867
84869
84874
84875
84881
84882
84883
84884
84885
84886
84894
84897
84900
84901
84902
84903
84911
84914
84917
84918
84920
84921
84932
84937
84939
84941
84942
84948
84950
84952
84953
84954
84955
84956
84957
84958
84959
84960
84961
84962
84963
84965
84966
84967
84968
84969
84970
84971
84980
84982
84985
84996
84998
85001
85012
85014
85016
85020
85022
85023
85030
85031
85032
85033
85034
85035
85043
85046
85049
85050
85051
85052
85060
85063
85066
85067
85069
85070
85095
85102
85107
85111
85113
85115
85116
85123
85127
85129
85130
85131
85135
85136
85137
85138
85139
85140
85141
85142
85145
85146
85149
85153
85158
85161
85166
85169
85174
85177
85182
85183
85185
85186
85187
85188
85189
85190
85191
85192
85193
85195
85202
85203
85210
85215
85217
85218
85225
85230
85232
85233
85234
85235
85236
85237
85238
85239
85240
85241
85242
85243
85244
85253
85255
85258
85269
85271
85274
85285
85287
85289
85293
85295
85296
85303
85304
85305
85306
85307
85308
85316
85319
85322
85323
85324
85325
85333
85336
85339
85340
85342
85343
85368
85375
85380
85384
85386
85388
85389
85396
85400
85402
85403
85404
85408
85409
85410
85411
85412
85413
85414
85415
85418
85419
85422
85426
85431
85434
85439
85442
85447
85450
85455
85456
85458
85459
85460
85461
85462
85463
85464
85465
85466
85467
85470
85471
85474
85486
85488
85489
85492
85504
85506
85509
85510
85511
85520
85525
85527
85528
85529
85538
85543
85545
85546
85547
85548
85549
85550
85551
85552
85553
85554
85555
85556
85557
85559
85560
85562
85563
85569
85571
85572
85578
85580
85582
85587
85588
85594
85595
85596
85597
85598
85599
85607
85610
85613
85614
85615
85616
85624
85627
85630
85631
85633
85634
85645
85650
85652
85654
85655
85661
85663
85665
85666
85667
85668
85669
85670
85671
85672
85673
85674
85675
85676
85678
85679
85680
85681
85682
85683
85684
85693
85695
85698
85709
85711
85714
85725
85727
85729
85733
85735
85736
85743
85744
85745
85746
85747
85748
85756
85759
85762
85763
85764
85765
85773
85776
85779
85780
85782
85783
85808
85815
85820
85824
85826
85828
85829
85836
85840
85842
85843
85844
85848
85849
85850
85851
85852
85853
85854
85855
85858
85859
85862
85866
85871
85874
85879
85882
85887
85890
85895
85896
85898
85899
85900
85901
85902
85903
85904
85905
85906
85908
85911
85913
85916
85917
85922
85924
85926
85929
85930
85935
85937
85938
85939
85940
85941
85942
85943
85944
85945
85946
85947
85948
85957
85959
85962
85973
85975
85978
85989
85991
85993
85997
85999
86000
86007
86008
86009
86010
86011
86012
86020
86023
86026
86027
86028
86029
86037
86040
86043
86044
86046
86047
86072
86079
86084
86088
86090
86092
86093
86100
86104
86106
86107
86108
86112
86113
86114
86115
86116
86117
86118
86119
86122
86123
86126
86130
86135
86138
86143
86146
86151
86154
86159
86160
86162
86163
86164
86165
86166
86167
86168
86169
86170
86173
86175
86176
86187
86189
86191
86192
86203
86205
86207
86209
86210
86215
86222
86224
86225
86230
86237
86239
86240
86241
86242
86243
86244
86245
86246
86247
86248
86249
86250
86251
86252
86253
86254
86255
86256
86258
86259
86261
86262
86268
86270
86271
86277
86279
86281
86286
86287
86293
86294
86295
86296
86297
86298
86306
86309
86312
86313
86314
86315
86323
86326
86329
86330
86332
86333
86344
86349
86351
86353
86354
86360
86362
86364
86365
86366
86367
86368
86369
86370
86371
86374
86375
86376
86377
86378
86379
86380
86381
86382
86383
86384
86386
86387
86389
86395
86397
86403
86405
86408
86420
86421
86422
86423
86424
86425
86433
86436
86439
86440
86441
86452
86457
86460
86462
86474
86477
86479
86480
86481
86482
86483
86484
86485
86486
86489
86490
86491
86500
86501
86502
86504
86507
86511
86522
86526
86528
86529
86530
86539
86540
86541
86543
86546
86550
86561
86565
86567
86569
86570
86572
86575
86578
86581
86582
86588
86590
86593
86596
86599
86600
86606
86608
86609
86610
86611
86612
86613
86614
86615
86616
86617
86618
86619
86620
86621
86623
86624
86626
86632
86634
86640
86642
86645
86657
86658
86659
86660
86661
86662
86670
86673
86676
86677
86678
86689
86694
86697
86699
86711
86714
86716
86717
86718
86719
86720
86721
86722
86723
86724
86725
86726
86727
86728
86729
86730
86731
86732
86733
86734
86735
86736
86739
86740
86741
86743
86744
86745
86746
86747
86748
86749
86752
86753
86756
86760
86765
86768
86773
86774
86776
86777
86778
86779
86780
86781
86782
86783
86784
86785
86786
86787
86788
86791
86792
86795
86799
86804
86807
86812
86813
86815
86816
86817
86818
86823
86829
86830
86833
86834
86835
86836
86837
86838
86839
86840
86841
86850
86852
86865
86867
86880
86882
86885
86887
86891
86892
86893
86894
86895
86896
86904
86907
86910
86911
86912
86937
86945
86947
86951
86953
86955
86959
86963
86965
86966
86967
86971
86972
86973
86974
86975
86976
86977
86980
86981
86984
86988
86993
86996
87001
87002
87004
87005
87006
87007
87008
87009
87010
87011
87012
87015
87018
87019
87020
87021
87022
87023
87024
87025
87026
87027
87028
87029
87030
87031
87032
87033
87042
87044
87057
87059
87072
87074
87077
87079
87083
87084
87085
87086
87087
87088
87096
87099
87102
87103
87104
87129
87137
87139
87143
87145
87147
87151
87155
87157
87158
87159
87163
87164
87165
87166
87167
87168
87169
87172
87173
87176
87180
87185
87188
87193
87194
87196
87197
87198
87199
87200
87201
87202
87203
87204
87207
87209
87217
87224
87226
87234
87241
87243
87244
87245
87246
87247
87248
87249
87250
87251
87252
87253
87257
87261
87263
87264
87284
87294
87296
87297
87317
87327
87329
87330
87333
87334
87335
87336
87337
87338
87339
87341
87346
87355
87358
87379
87383
87386
87407
87411
87413
87419
87425
87434
87435
87436
87438
87439
87440
87441
87442
87443
87444
87450
87451
87453
87454
87455
87463
87466
87469
87470
87474
87479
87481
87482
87484
87485
87486
87494
87497
87500
87501
87505
87510
87512
87513
87515
87516
87517
87525
87528
87531
87532
87536
87541
87543
87544
87546
87547
87548
87556
87559
87562
87563
87567
87572
87574
87575
87577
87578
87579
87587
87590
87593
87594
87598
87603
87605
87606
87608
87609
87610
87618
87621
87624
87625
87629
87634
87636
87637
87639
87640
87641
87649
87652
87655
87656
87660
87665
87667
87668
87670
87671
87672
87680
87683
87686
87687
87691
87696
87697
87698
87699
87700
87701
87750
87770
87775
87779
87783
87789
87798
87802
87806
87807
87808
87812
87813
87814
87815
87816
87817
87818
87819
87822
87824
87825
87827
87828
87830
87831
87832
87834
87836
87841
87859
87864
87868
87869
87870
87871
87874
87875
87876
87878
87879
87880
87881
87882
87883
87884
87885
87886
87893
87897
87898
87901
87908
87911
87912
87913
87914
87916
87922
87926
87929
87930
87932
87938
87941
87942
87943
87944
87946
87952
87956
87959
87960
87962
87968
87969
87970
87971
87972
87973
87974
87975
87976
87977
87978
87980
87985
87994
87997
88018
88022
88025
88046
88050
88052
88058
88064
88073
88074
88075
88077
88078
88079
88080
88081
88082
88083
88089
88090
88092
88093
88094
88102
88105
88108
88109
88113
88118
88120
88121
88123
88124
88125
88133
88136
88139
88140
88144
88149
88151
88152
88154
88155
88156
88164
88167
88170
88171
88175
88180
88182
88183
88185
88186
88187
88195
88198
88201
88202
88206
88211
88213
88214
88216
88217
88218
88226
88229
88232
88233
88237
88242
88244
88245
88247
88248
88249
88257
88260
88263
88264
88268
88273
88275
88276
88278
88279
88280
88288
88291
88294
88295
88299
88304
88306
88307
88309
88310
88311
88319
88322
88325
88326
88330
88335
88336
88337
88338
88339
88340
88389
88409
88414
88418
88422
88428
88437
88441
88445
88446
88447
88451
88452
88453
88454
88455
88456
88457
88458
88461
88463
88464
88466
88467
88469
88470
88471
88473
88475
88480
88498
88503
88507
88508
88509
88510
88513
88514
88515
88517
88518
88519
88520
88521
88522
88523
88524
88525
88526
88531
88549
88551
88569
88571
88572
88574
88580
88583
88584
88585
88586
88588
88594
88598
88601
88602
88604
88610
88613
88614
88615
88616
88618
88624
88628
88631
88632
88634
88640
88641
88642
88643
88644
88645
88646
88647
88648
88649
88650
88651
88652
88654
88655
88656
88658
88659
88671
88673
88674
88686
88688
88690
88695
88696
88702
88703
88704
88706
88707
88708
88709
88710
88711
88712
88718
88719
88721
88722
88723
88731
88734
88737
88738
88742
88747
88749
88750
88752
88753
88754
88762
88765
88768
88769
88773
88778
88780
88781
88783
88784
88785
88793
88796
88799
88800
88804
88809
88811
88812
88814
88815
88816
88824
88827
88830
88831
88835
88840
88842
88843
88845
88846
88847
88855
88858
88861
88862
88866
88871
88873
88874
88876
88877
88878
88886
88889
88892
88893
88897
88902
88904
88905
88907
88908
88909
88917
88920
88923
88924
88928
88933
88935
88936
88938
88939
88940
88948
88951
88954
88955
88959
88964
88965
88966
88967
88968
88969
88990
88995
88997
88999
89000
89006
89008
89010
89011
89012
89013
89014
89015
89016
89017
89018
89019
89020
89021
89022
89023
89024
89025
89026
89027
89029
89034
89043
89046
89067
89071
89074
89095
89099
89101
89107
89113
89122
89123
89124
89126
89127
89128
89129
89130
89131
89132
89138
89139
89141
89142
89143
89151
89154
89157
89158
89162
89167
89169
89170
89172
89173
89174
89182
89185
89188
89189
89193
89198
89200
89201
89203
89204
89205
89213
89216
89219
89220
89224
89229
89231
89232
89234
89235
89236
89244
89247
89250
89251
89255
89260
89262
89263
89265
89266
89267
89275
89278
89281
89282
89286
89291
89293
89294
89296
89297
89298
89306
89309
89312
89313
89317
89322
89324
89325
89327
89328
89329
89337
89340
89343
89344
89348
89353
89355
89356
89358
89359
89360
89368
89371
89374
89375
89379
89384
89385
89386
89387
89388
89389
89438
89458
89463
89467
89471
89477
89486
89490
89494
89495
89496
89500
89501
89502
89503
89504
89505
89506
89507
89510
89512
89513
89515
89516
89518
89519
89520
89522
89524
89529
89547
89552
89556
89557
89558
89559
89562
89563
89564
89566
89567
89568
89569
89570
89571
89572
89573
89574
89581
89585
89589
89590
89593
89600
89603
89604
89605
89606
89608
89614
89618
89621
89622
89624
89630
89633
89634
89635
89636
89638
89644
89648
89651
89652
89654
89660
89661
89662
89663
89664
89665
89666
89667
89668
89669
89670
89672
89677
89686
89689
89710
89714
89717
89738
89742
89744
89750
89756
89765
89766
89767
89769
89770
89771
89772
89773
89774
89775
89781
89782
89784
89785
89786
89794
89797
89800
89801
89805
89810
89812
89813
89815
89816
89817
89825
89828
89831
89832
89836
89841
89843
89844
89846
89847
89848
89856
89859
89862
89863
89867
89872
89874
89875
89877
89878
89879
89887
89890
89893
89894
89898
89903
89905
89906
89908
89909
89910
89918
89921
89924
89925
89929
89934
89936
89937
89939
89940
89941
89949
89952
89955
89956
89960
89965
89967
89968
89970
89971
89972
89980
89983
89986
89987
89991
89996
89998
89999
90001
90002
90003
90011
90014
90017
90018
90022
90027
90028
90029
90030
90031
90032
90081
90101
90106
90110
90114
90120
90129
90133
90137
90138
90139
90143
90144
90145
90146
90147
90148
90149
90150
90153
90155
90156
90158
90159
90161
90162
90163
90165
90167
90172
90190
90195
90199
90200
90201
90202
90205
90206
90207
90209
90210
90211
90212
90213
90214
90215
90216
90217
90218
90223
90241
90243
90261
90263
90264
90266
90272
90275
90276
90277
90278
90280
90286
90290
90293
90294
90296
90302
90305
90306
90307
90308
90310
90316
90320
90323
90324
90326
90332
90333
90334
90335
90336
90337
90338
90339
90340
90341
90342
90343
90344
90346
90347
90348
90350
90351
90363
90365
90366
90378
90380
90382
90387
90388
90394
90395
90396
90398
90399
90400
90401
90402
90403
90404
90410
90411
90413
90414
90415
90423
90426
90429
90430
90434
90439
90441
90442
90444
90445
90446
90454
90457
90460
90461
90465
90470
90472
90473
90475
90476
90477
90485
90488
90491
90492
90496
90501
90503
90504
90506
90507
90508
90516
90519
90522
90523
90527
90532
90534
90535
90537
90538
90539
90547
90550
90553
90554
90558
90563
90565
90566
90568
90569
90570
90578
90581
90584
90585
90589
90594
90596
90597
90599
90600
90601
90609
90612
90615
90616
90620
90625
90627
90628
90630
90631
90632
90640
90643
90646
90647
90651
90656
90657
90658
90659
90660
90661
90682
90687
90689
90691
90692
90698
90700
90702
90703
90704
90705
90706
90707
90708
90709
90710
90711
90712
90713
90714
90715
90716
90717
90718
90719
90721
90726
90735
90738
90759
90763
90766
90787
90791
90793
90799
90805
90814
90815
90816
90818
90819
90820
90821
90822
90823
90824
90830
90831
90833
90834
90835
90843
90846
90849
90850
90854
90859
90861
90862
90864
90865
90866
90874
90877
90880
90881
90885
90890
90892
90893
90895
90896
90897
90905
90908
90911
90912
90916
90921
90923
90924
90926
90927
90928
90936
90939
90942
90943
90947
90952
90954
90955
90957
90958
90959
90967
90970
90973
90974
90978
90983
90985
90986
90988
90989
90990
90998
91001
91004
91005
91009
91014
91016
91017
91019
91020
91021
91029
91032
91035
91036
91040
91045
91047
91048
91050
91051
91052
91060
91063
91066
91067
91071
91076
91077
91078
91079
91080
91081
91130
91150
91155
91159
91163
91169
91178
91182
91186
91187
91188
91192
91193
91194
91195
91196
91197
91198
91199
91202
91204
91205
91207
91208
91210
91211
91212
91214
91216
91221
91239
91244
91248
91249
91250
91251
91254
91255
91256
91258
91259
91260
91261
91262
91263
91264
91265
91266
91273
91277
91281
91282
91285
91292
91295
91296
91297
91298
91300
91306
91310
91313
91314
91316
91322
91325
91326
91327
91328
91330
91336
91340
91343
91344
91346
91352
91353
91354
91355
91356
91357
91358
91359
91360
91361
91362
91364
91369
91378
91381
91402
91406
91409
91430
91434
91436
91442
91448
91457
91458
91459
91461
91462
91463
91464
91465
91466
91467
91473
91474
91476
91477
91478
91486
91489
91492
91493
91497
91502
91504
91505
91507
91508
91509
91517
91520
91523
91524
91528
91533
91535
91536
91538
91539
91540
91548
91551
91554
91555
91559
91564
91566
91567
91569
91570
91571
91579
91582
91585
91586
91590
91595
91597
91598
91600
91601
91602
91610
91613
91616
91617
91621
91626
91628
91629
91631
91632
91633
91641
91644
91647
91648
91652
91657
91659
91660
91662
91663
91664
91672
91675
91678
91679
91683
91688
91690
91691
91693
91694
91695
91703
91706
91709
91710
91714
91719
91720
91721
91722
91723
91724
91773
91793
91798
91802
91806
91812
91821
91825
91829
91830
91831
91835
91836
91837
91838
91839
91840
91841
91842
91845
91847
91848
91850
91851
91853
91854
91855
91857
91859
91864
91882
91887
91891
91892
91893
91894
91897
91898
91899
91901
91902
91903
91904
91905
91906
91907
91908
91909
91910
91915
91933
91935
91953
91955
91956
91958
91964
91967
91968
91969
91970
91972
91978
91982
91985
91986
91988
91994
91997
91998
91999
92000
92002
92008
92012
92015
92016
92018
92024
92025
92026
92027
92028
92029
92030
92031
92032
92033
92034
92035
92036
92038
92039
92040
92042
92043
92055
92057
92058
92070
92072
92074
92079
92080
92086
92087
92088
92090
92091
92092
92093
92094
92095
92096
92102
92103
92105
92106
92107
92115
92118
92121
92122
92126
92131
92133
92134
92136
92137
92138
92146
92149
92152
92153
92157
92162
92164
92165
92167
92168
92169
92177
92180
92183
92184
92188
92193
92195
92196
92198
92199
92200
92208
92211
92214
92215
92219
92224
92226
92227
92229
92230
92231
92239
92242
92245
92246
92250
92255
92257
92258
92260
92261
92262
92270
92273
92276
92277
92281
92286
92288
92289
92291
92292
92293
92301
92304
92307
92308
92312
92317
92319
92320
92322
92323
92324
92332
92335
92338
92339
92343
92348
92349
92350
92351
92352
92353
92374
92379
92381
92383
92384
92390
92392
92394
92395
92396
92397
92398
92399
92400
92401
92402
92403
92404
92405
92406
92407
92408
92409
92410
92411
92413
92418
92427
92430
92451
92455
92458
92479
92483
92485
92491
92497
92506
92507
92508
92510
92511
92512
92513
92514
92515
92516
92522
92523
92525
92526
92527
92535
92538
92541
92542
92546
92551
92553
92554
92556
92557
92558
92566
92569
92572
92573
92577
92582
92584
92585
92587
92588
92589
92597
92600
92603
92604
92608
92613
92615
92616
92618
92619
92620
92628
92631
92634
92635
92639
92644
92646
92647
92649
92650
92651
92659
92662
92665
92666
92670
92675
92677
92678
92680
92681
92682
92690
92693
92696
92697
92701
92706
92708
92709
92711
92712
92713
92721
92724
92727
92728
92732
92737
92739
92740
92742
92743
92744
92752
92755
92758
92759
92763
92768
92769
92770
92771
92772
92773
92822
92842
92847
92851
92855
92861
92870
92874
92878
92879
92880
92884
92885
92886
92887
92888
92889
92890
92891
92894
92896
92897
92899
92900
92902
92903
92904
92906
92908
92913
92931
92936
92940
92941
92942
92943
92946
92947
92948
92950
92951
92952
92953
92954
92955
92956
92957
92958
92965
92969
92973
92974
92977
92984
92987
92988
92989
92990
92992
92998
93002
93005
93006
93008
93014
93017
93018
93019
93020
93022
93028
93032
93035
93036
93038
93044
93045
93046
93047
93048
93049
93050
93051
93052
93053
93054
93056
93061
93070
93073
93094
93098
93101
93122
93126
93128
93134
93140
93149
93150
93151
93153
93154
93155
93156
93157
93158
93159
93165
93166
93168
93169
93170
93178
93181
93184
93185
93189
93194
93196
93197
93199
93200
93201
93209
93212
93215
93216
93220
93225
93227
93228
93230
93231
93232
93240
93243
93246
93247
93251
93256
93258
93259
93261
93262
93263
93271
93274
93277
93278
93282
93287
93289
93290
93292
93293
93294
93302
93305
93308
93309
93313
93318
93320
93321
93323
93324
93325
93333
93336
93339
93340
93344
93349
93351
93352
93354
93355
93356
93364
93367
93370
93371
93375
93380
93382
93383
93385
93386
93387
93395
93398
93401
93402
93406
93411
93412
93413
93414
93415
93416
93465
93485
93490
93494
93498
93504
93513
93517
93521
93522
93523
93527
93528
93529
93530
93531
93532
93533
93534
93537
93539
93540
93542
93543
93545
93546
93547
93549
93551
93556
93574
93579
93583
93584
93585
93586
93589
93590
93591
93593
93594
93595
93596
93597
93598
93599
93600
93601
93602
93607
93625
93627
93645
93647
93648
93650
93656
93659
93660
93661
93662
93664
93670
93674
93677
93678
93680
93686
93689
93690
93691
93692
93694
93700
93704
93707
93708
93710
93716
93717
93718
93719
93720
93721
93722
93723
93724
93725
93726
93727
93728
93730
93731
93732
93734
93735
93747
93749
93750
93762
93764
93766
93771
93772
93778
93779
93780
93782
93783
93784
93785
93786
93787
93788
93794
93795
93797
93798
93799
93807
93810
93813
93814
93818
93823
93825
93826
93828
93829
93830
93838
93841
93844
93845
93849
93854
93856
93857
93859
93860
93861
93869
93872
93875
93876
93880
93885
93887
93888
93890
93891
93892
93900
93903
93906
93907
93911
93916
93918
93919
93921
93922
93923
93931
93934
93937
93938
93942
93947
93949
93950
93952
93953
93954
93962
93965
93968
93969
93973
93978
93980
93981
93983
93984
93985
93993
93996
93999
94000
94004
94009
94011
94012
94014
94015
94016
94024
94027
94030
94031
94035
94040
94041
94042
94043
94044
94045
94066
94071
94073
94075
94076
94082
94084
94086
94087
94088
94089
94090
94091
94092
94093
94094
94095
94096
94097
94098
94099
94100
94101
94102
94103
94105
94110
94119
94122
94143
94147
94150
94171
94175
94177
94183
94189
94198
94199
94200
94202
94203
94204
94205
94206
94207
94208
94214
94215
94217
94218
94219
94227
94230
94233
94234
94238
94243
94245
94246
94248
94249
94250
94258
94261
94264
94265
94269
94274
94276
94277
94279
94280
94281
94289
94292
94295
94296
94300
94305
94307
94308
94310
94311
94312
94320
94323
94326
94327
94331
94336
94338
94339
94341
94342
94343
94351
94354
94357
94358
94362
94367
94369
94370
94372
94373
94374
94382
94385
94388
94389
94393
94398
94400
94401
94403
94404
94405
94413
94416
94419
94420
94424
94429
94431
94432
94434
94435
94436
94444
94447
94450
94451
94455
94460
94461
94462
94463
94464
94465
94514
94534
94539
94543
94547
94553
94562
94566
94570
94571
94572
94576
94577
94578
94579
94580
94581
94582
94583
94586
94588
94589
94591
94592
94594
94595
94596
94598
94600
94605
94623
94628
94632
94633
94634
94635
94638
94639
94640
94642
94643
94644
94645
94646
94647
94648
94649
94650
94657
94661
94665
94666
94669
94676
94679
94680
94681
94682
94684
94690
94694
94697
94698
94700
94706
94709
94710
94711
94712
94714
94720
94724
94727
94728
94730
94736
94737
94738
94739
94740
94741
94742
94743
94744
94745
94746
94748
94753
94762
94765
94786
94790
94793
94814
94818
94820
94826
94832
94841
94842
94843
94845
94846
94847
94848
94849
94850
94851
94857
94858
94860
94861
94862
94870
94873
94876
94877
94881
94886
94888
94889
94891
94892
94893
94901
94904
94907
94908
94912
94917
94919
94920
94922
94923
94924
94932
94935
94938
94939
94943
94948
94950
94951
94953
94954
94955
94963
94966
94969
94970
94974
94979
94981
94982
94984
94985
94986
94994
94997
95000
95001
95005
95010
95012
95013
95015
95016
95017
95025
95028
95031
95032
95036
95041
95043
95044
95046
95047
95048
95056
95059
95062
95063
95067
95072
95074
95075
95077
95078
95079
95087
95090
95093
95094
95098
95103
95104
95105
95106
95107
95108
95157
95177
95182
95186
95190
95196
95205
95209
95213
95214
95215
95219
95220
95221
95222
95223
95224
95225
95226
95229
95231
95232
95234
95235
95237
95238
95239
95241
95243
95248
95266
95271
95275
95276
95277
95278
95281
95282
95283
95285
95286
95287
95288
95289
95290
95291
95292
95293
95294
95299
95317
95319
95337
95339
95340
95342
95348
95351
95352
95353
95354
95356
95362
95366
95369
95370
95372
95378
95381
95382
95383
95384
95386
95392
95396
95399
95400
95402
95408
95409
95410
95411
95412
95413
95414
95415
95416
95417
95418
95419
95420
95422
95423
95424
95426
95427
95439
95441
95442
95454
95456
95458
95463
95464
95470
95471
95472
95474
95475
95476
95477
95478
95479
95480
95486
95487
95489
95490
95491
95499
95502
95505
95506
95510
95515
95517
95518
95520
95521
95522
95530
95533
95536
95537
95541
95546
95548
95549
95551
95552
95553
95561
95564
95567
95568
95572
95577
95579
95580
95582
95583
95584
95592
95595
95598
95599
95603
95608
95610
95611
95613
95614
95615
95623
95626
95629
95630
95634
95639
95641
95642
95644
95645
95646
95654
95657
95660
95661
95665
95670
95672
95673
95675
95676
95677
95685
95688
95691
95692
95696
95701
95703
95704
95706
95707
95708
95716
95719
95722
95723
95727
95732
95733
95734
95735
95736
95737
95758
95763
95765
95767
95768
95774
95776
95778
95779
95780
95781
95782
95783
95784
95785
95786
95787
95788
95789
95790
95791
95792
95793
95794
95795
95797
95802
95811
95814
95835
95839
95842
95863
95867
95869
95875
95881
95890
95891
95892
95894
95895
95896
95897
95898
95899
95900
95906
95907
95909
95910
95911
95919
95922
95925
95926
95930
95935
95937
95938
95940
95941
95942
95950
95953
95956
95957
95961
95966
95968
95969
95971
95972
95973
95981
95984
95987
95988
95992
95997
95999
96000
96002
96003
96004
96012
96015
96018
96019
96023
96028
96030
96031
96033
96034
96035
96043
96046
96049
96050
96054
96059
96061
96062
96064
96065
96066
96074
96077
96080
96081
96085
96090
96092
96093
96095
96096
96097
96105
96108
96111
96112
96116
96121
96123
96124
96126
96127
96128
96136
96139
96142
96143
96147
96152
96153
96154
96155
96156
96157
96206
96226
96231
96235
96239
96245
96254
96258
96262
96263
96264
96268
96269
96270
96271
96272
96273
96274
96275
96278
96280
96281
96283
96284
96286
96287
96288
96290
96292
96297
96315
96320
96324
96325
96326
96327
96330
96331
96332
96334
96335
96336
96337
96338
96339
96340
96341
96342
96349
96351
96352
96356
96366
96368
96378
96380
96381
96382
96383
96384
96385
96386
96387
96388
96389
96390
96392
96397
96406
96409
96430
96434
96437
96458
96462
96464
96470
96476
96485
96486
96487
96489
96490
96491
96492
96493
96494
96495
96501
96502
96504
96505
96506
96514
96517
96520
96521
96525
96530
96532
96533
96535
96536
96537
96545
96548
96551
96552
96556
96561
96563
96564
96566
96567
96568
96576
96579
96582
96583
96587
96592
96594
96595
96597
96598
96599
96607
96610
96613
96614
96618
96623
96625
96626
96628
96629
96630
96638
96641
96644
96645
96649
96654
96656
96657
96659
96660
96661
96669
96672
96675
96676
96680
96685
96687
96688
96690
96691
96692
96700
96703
96706
96707
96711
96716
96718
96719
96721
96722
96723
96731
96734
96737
96738
96742
96747
96748
96749
96750
96751
96752
96801
96821
96826
96830
96834
96840
96849
96853
96857
96858
96859
96863
96864
96865
96866
96867
96868
96869
96870
96873
96875
96876
96878
96879
96881
96882
96883
96885
96887
96892
96910
96915
96919
96920
96921
96922
96925
96926
96927
96929
96930
96931
96932
96933
96934
96935
96936
96937
96942
96960
96962
96980
96982
96984
96986
96991
96993
96994
96996
96997
97002
97003
97008
97009
97012
97014
97019
97021
97022
97024
97025
97030
97031
97036
97037
97040
97042
97043
97044
97045
97046
97047
97048
97049
97053
97054
97055
97056
97057
97058
97059
97060
97063
97065
97066
97068
97069
97071
97072
97073
97075
97077
97082
97100
97105
97109
97110
97111
97112
97115
97116
97117
97119
97120
97121
97122
97123
97124
97125
97126
97127
97129
97131
97132
97133
97134
97135
97136
97137
97138
97139
97140
97141
97142
97146
97156
97157
97169
97171
97172
97173
97174
97175
97176
97177
97178
97179
97180
97181
97182
97183
97184
97198
97200
97202
97203
97204
97205
97206
97207
97208
97209
97210
97211
97212
97213
97214
97216
97219
97221
97224
97225
97226
97228
97229
97231
97234
97236
97237
97239
97242
97246
97247
97248
97249
97250
97258
97262
97263
97266
97274
97277
97280
97289
97290
97295
97299
97300
97303
97311
97314
97317
97326
97327
97332
97336
97339
97340
97347
97348
97351
97354
97355
97356
97357
97358
97359
97363
97367
97369
97370
97390
97400
97402
97403
97423
97433
97435
97436
97439
97440
97441
97442
97443
97444
97445
97447
97452
97461
97464
97485
97489
97492
97513
97517
97519
97525
97531
97540
97541
97542
97544
97545
97546
97547
97548
97549
97550
97556
97557
97559
97560
97561
97569
97572
97575
97576
97580
97585
97587
97588
97590
97591
97592
97600
97603
97606
97607
97611
97616
97618
97619
97621
97622
97623
97631
97634
97637
97638
97642
97647
97649
97650
97652
97653
97654
97662
97665
97668
97669
97673
97678
97680
97681
97683
97684
97685
97693
97696
97699
97700
97704
97709
97711
97712
97714
97715
97716
97724
97727
97730
97731
97735
97740
97742
97743
97745
97746
97747
97755
97758
97761
97762
97766
97771
97773
97774
97776
97777
97778
97786
97789
97792
97793
97797
97802
97803
97804
97805
97806
97807
97856
97876
97881
97885
97889
97895
97904
97908
97912
97913
97914
97918
97919
97920
97921
97922
97923
97924
97925
97928
97930
97931
97933
97934
97936
97937
97938
97940
97942
97947
97965
97970
97974
97975
97976
97977
97980
97981
97982
97984
97985
97986
97987
97988
97989
97990
97991
97992
97999
98003
98004
98007
98014
98017
98018
98019
98020
98022
98028
98032
98035
98036
98038
98044
98047
98048
98049
98050
98052
98058
98062
98065
98066
98068
98074
98075
98076
98077
98078
98079
98080
98081
98082
98083
98084
98086
98091
98100
98103
98124
98128
98131
98152
98156
98158
98164
98170
98179
98180
98181
98183
98184
98185
98186
98187
98188
98189
98195
98196
98198
98199
98200
98208
98211
98214
98215
98219
98224
98226
98227
98229
98230
98231
98239
98242
98245
98246
98250
98255
98257
98258
98260
98261
98262
98270
98273
98276
98277
98281
98286
98288
98289
98291
98292
98293
98301
98304
98307
98308
98312
98317
98319
98320
98322
98323
98324
98332
98335
98338
98339
98343
98348
98350
98351
98353
98354
98355
98363
98366
98369
98370
98374
98379
98381
98382
98384
98385
98386
98394
98397
98400
98401
98405
98410
98412
98413
98415
98416
98417
98425
98428
98431
98432
98436
98441
98442
98443
98444
98445
98446
98495
98515
98520
98524
98528
98534
98543
98547
98551
98552
98553
98557
98558
98559
98560
98561
98562
98563
98564
98567
98569
98570
98572
98573
98575
98576
98577
98579
98581
98586
98604
98609
98613
98614
98615
98616
98619
98620
98621
98623
98624
98625
98626
98627
98628
98629
98630
98631
98632
98637
98655
98657
98675
98677
98678
98680
98686
98689
98690
98691
98692
98694
98700
98704
98707
98708
98710
98716
98719
98720
98721
98722
98724
98730
98734
98737
98738
98740
98746
98747
98748
98749
98750
98751
98752
98753
98754
98755
98756
98757
98758
98760
98761
98762
98764
98765
98777
98779
98780
98792
98794
98796
98801
98802
98808
98809
98810
98812
98813
98814
98815
98816
98817
98818
98824
98825
98827
98828
98829
98837
98840
98843
98844
98848
98853
98855
98856
98858
98859
98860
98868
98871
98874
98875
98879
98884
98886
98887
98889
98890
98891
98899
98902
98905
98906
98910
98915
98917
98918
98920
98921
98922
98930
98933
98936
98937
98941
98946
98948
98949
98951
98952
98953
98961
98964
98967
98968
98972
98977
98979
98980
98982
98983
98984
98992
98995
98998
98999
99003
99008
99010
99011
99013
99014
99015
99023
99026
99029
99030
99034
99039
99041
99042
99044
99045
99046
99054
99057
99060
99061
99065
99070
99071
99072
99073
99074
99075
99096
99101
99103
99105
99106
99112
99114
99116
99117
99118
99119
99120
99121
99122
99123
99124
99125
99126
99127
99128
99129
99130
99131
99132
99133
99135
99140
99149
99152
99173
99177
99180
99201
99205
99207
99213
99219
99228
99229
99230
99232
99233
99234
99235
99236
99237
99238
99244
99245
99247
99248
99249
99257
99260
99263
99264
99268
99273
99275
99276
99278
99279
99280
99288
99291
99294
99295
99299
99304
99306
99307
99309
99310
99311
99319
99322
99325
99326
99330
99335
99337
99338
99340
99341
99342
99350
99353
99356
99357
99361
99366
99368
99369
99371
99372
99373
99381
99384
99387
99388
99392
99397
99399
99400
99402
99403
99404
99412
99415
99418
99419
99423
99428
99430
99431
99433
99434
99435
99443
99446
99449
99450
99454
99459
99461
99462
99464
99465
99466
99474
99477
99480
99481
99485
99490
99491
99492
99493
99494
99495
99544
99564
99569
99573
99577
99583
99592
99596
99600
99601
99602
99606
99607
99608
99609
99610
99611
99612
99613
99616
99618
99619
99621
99622
99624
99625
99626
99628
99630
99635
99653
99658
99662
99663
99664
99665
99668
99669
99670
99672
99673
99674
99675
99676
99677
99678
99679
99680
99687
99691
99695
99696
99699
99706
99709
99710
99711
99712
99714
99720
99724
99727
99728
99730
99736
99739
99740
99741
99742
99744
99750
99754
99757
99758
99760
99766
99767
99768
99769
99770
99771
99772
99773
99774
99775
99776
99778
99783
99792
99795
99816
99820
99823
99844
99848
99850
99856
99862
99871
99872
99873
99875
99876
99877
99878
99879
99880
99881
99887
99888
99890
99891
99892
99900
99903
99906
99907
99911
99916
99918
99919
99921
99922
99923
99931
99934
99937
99938
99942
99947
99949
99950
99952
99953
99954
99962
99965
99968
99969
99973
99978
99980
99981
99983
99984
99985
99993
99996
99999
100000
100004
100009
100011
100012
100014
100015
100016
100024
100027
100030
100031
100035
100040
100042
100043
100045
100046
100047
100055
100058
100061
100062
100066
100071
100073
100074
100076
100077
100078
100086
100089
100092
100093
100097
100102
100104
100105
100107
100108
100109
100117
100120
100123
100124
100128
100133
100134
100135
100136
100137
100138
100187
100207
100212
100216
100220
100226
100235
100239
100243
100244
100245
100249
100250
100251
100252
100253
100254
100255
100256
100259
100261
100262
100264
100265
100267
100268
100269
100271
100273
100278
100296
100301
100305
100306
100307
100308
100311
100312
100313
100315
100316
100317
100318
100319
100320
100321
100322
100323
100324
100329
100347
100349
100367
100369
100370
100372
100378
100381
100382
100383
100384
100386
100392
100396
100399
100400
100402
100408
100411
100412
100413
100414
100416
100422
100426
100429
100430
100432
100438
100439
100440
100441
100442
100443
100444
100445
100446
100447
100448
100449
100450
100452
100453
100454
100456
100457
100469
100471
100472
100484
100486
100488
100493
100494
100500
100501
100502
100504
100505
100506
100507
100508
100509
100510
100516
100517
100519
100520
100521
100529
100532
100535
100536
100540
100545
100547
100548
100550
100551
100552
100560
100563
100566
100567
100571
100576
100578
100579
100581
100582
100583
100591
100594
100597
100598
100602
100607
100609
100610
100612
100613
100614
100622
100625
100628
100629
100633
100638
100640
100641
100643
100644
100645
100653
100656
100659
100660
100664
100669
100671
100672
100674
100675
100676
100684
100687
100690
100691
100695
100700
100702
100703
100705
100706
100707
100715
100718
100721
100722
100726
100731
100733
100734
100736
100737
100738
100746
100749
100752
100753
100757
100762
100763
100764
100765
100766
100767
100788
100793
100795
100797
100798
100804
100806
100808
100809
100810
100811
100812
100813
100814
100815
100816
100817
100818
100819
100820
100821
100822
100823
100824
100825
100827
100832
100841
100844
100865
100869
100872
100893
100897
100899
100905
100911
100920
100921
100922
100924
100925
100926
100927
100928
100929
100930
100936
100937
100939
100940
100941
100949
100952
100955
100956
100960
100965
100967
100968
100970
100971
100972
100980
100983
100986
100987
100991
100996
100998
100999
101001
101002
101003
101011
101014
101017
101018
101022
101027
101029
101030
101032
101033
101034
101042
101045
101048
101049
101053
101058
101060
101061
101063
101064
101065
101073
101076
101079
101080
101084
101089
101091
101092
101094
101095
101096
101104
101107
101110
101111
101115
101120
101122
101123
101125
101126
101127
101135
101138
101141
101142
101146
101151
101153
101154
101156
101157
101158
101166
101169
101172
101173
101177
101182
101183
101184
101185
101186
101187
101236
101256
101261
101265
101269
101275
101284
101288
101292
101293
101294
101298
101299
101300
101301
101302
101303
101304
101305
101308
101310
101311
101313
101314
101316
101317
101318
101320
101322
101327
101345
101350
101354
101355
101356
101357
101360
101361
101362
101364
101365
101366
101367
101368
101369
101370
101371
101372
101379
101383
101387
101388
101391
101398
101401
101402
101403
101404
101406
101412
101416
101419
101420
101422
101428
101431
101432
101433
101434
101436
101442
101446
101449
101450
101452
101458
101459
101460
101461
101462
101463
101464
101465
101466
101467
101468
101470
101475
101484
101487
101508
101512
101515
101536
101540
101542
101548
101554
101563
101564
101565
101567
101568
101569
101570
101571
101572
101573
101579
101580
101582
101583
101584
101592
101595
101598
101599
101603
101608
101610
101611
101613
101614
101615
101623
101626
101629
101630
101634
101639
101641
101642
101644
101645
101646
101654
101657
101660
101661
101665
101670
101672
101673
101675
101676
101677
101685
101688
101691
101692
101696
101701
101703
101704
101706
101707
101708
101716
101719
101722
101723
101727
101732
101734
101735
101737
101738
101739
101747
101750
101753
101754
101758
101763
101765
101766
101768
101769
101770
101778
101781
101784
101785
101789
101794
101796
101797
101799
101800
101801
101809
101812
101815
101816
101820
101825
101826
101827
101828
101829
101830
101879
101899
101904
101908
101912
101918
101927
101931
101935
101936
101937
101941
101942
101943
101944
101945
101946
101947
101948
101951
101953
101954
101956
101957
101959
101960
101961
101963
101965
101970
101988
101993
101997
101998
101999
102000
102003
102004
102005
102007
102008
102009
102010
102011
102012
102013
102014
102015
102016
102021
102039
102041
102059
102061
102062
102064
102070
102073
102074
102075
102076
102078
102084
102088
102091
102092
102094
102100
102103
102104
102105
102106
102108
102114
102118
102121
102122
102124
102130
102131
102132
102133
102134
102135
102136
102137
102138
102139
102140
102141
102142
102144
102145
102146
102148
102149
102161
102163
102164
102176
102178
102180
102185
102186
102192
102193
102194
102196
102197
102198
102199
102200
102201
102202
102208
102209
102211
102212
102213
102221
102224
102227
102228
102232
102237
102239
102240
102242
102243
102244
102252
102255
102258
102259
102263
102268
102270
102271
102273
102274
102275
102283
102286
102289
102290
102294
102299
102301
102302
102304
102305
102306
102314
102317
102320
102321
102325
102330
102332
102333
102335
102336
102337
102345
102348
102351
102352
102356
102361
102363
102364
102366
102367
102368
102376
102379
102382
102383
102387
102392
102394
102395
102397
102398
102399
102407
102410
102413
102414
102418
102423
102425
102426
102428
102429
102430
102438
102441
102444
102445
102449
102454
102455
102456
102457
102458
102459
102480
102485
102487
102489
102490
102496
102498
102500
102501
102502
102503
102504
102505
102506
102507
102508
102509
102510
102511
102512
102513
102514
102515
102516
102517
102519
102524
102533
102536
102557
102561
102564
102585
102589
102591
102597
102603
102612
102613
102614
102616
102617
102618
102619
102620
102621
102622
102628
102629
102631
102632
102633
102641
102644
102647
102648
102652
102657
102659
102660
102662
102663
102664
102672
102675
102678
102679
102683
102688
102690
102691
102693
102694
102695
102703
102706
102709
102710
102714
102719
102721
102722
102724
102725
102726
102734
102737
102740
102741
102745
102750
102752
102753
102755
102756
102757
102765
102768
102771
102772
102776
102781
102783
102784
102786
102787
102788
102796
102799
102802
102803
102807
102812
102814
102815
102817
102818
102819
102827
102830
102833
102834
102838
102843
102845
102846
102848
102849
102850
102858
102861
102864
102865
102869
102874
102875
102876
102877
102878
102879
102928
102948
102953
102957
102961
102967
102976
102980
102984
102985
102986
102990
102991
102992
102993
102994
102995
102996
102997
103000
103002
103003
103005
103006
103008
103009
103010
103012
103014
103019
103037
103042
103046
103047
103048
103049
103052
103053
103054
103056
103057
103058
103059
103060
103061
103062
103063
103064
103071
103075
103079
103080
103083
103090
103093
103094
103095
103096
103098
103104
103108
103111
103112
103114
103120
103123
103124
103125
103126
103128
103134
103138
103141
103142
103144
103150
103151
103152
103153
103154
103155
103156
103157
103158
103159
103160
103162
103167
103176
103179
103200
103204
103207
103228
103232
103234
103240
103246
103255
103256
103257
103259
103260
103261
103262
103263
103264
103265
103271
103272
103274
103275
103276
103284
103287
103290
103291
103295
103300
103302
103303
103305
103306
103307
103315
103318
103321
103322
103326
103331
103333
103334
103336
103337
103338
103346
103349
103352
103353
103357
103362
103364
103365
103367
103368
103369
103377
103380
103383
103384
103388
103393
103395
103396
103398
103399
103400
103408
103411
103414
103415
103419
103424
103426
103427
103429
103430
103431
103439
103442
103445
103446
103450
103455
103457
103458
103460
103461
103462
103470
103473
103476
103477
103481
103486
103488
103489
103491
103492
103493
103501
103504
103507
103508
103512
103517
103518
103519
103520
103521
103522
103571
103591
103596
103600
103604
103610
103619
103623
103627
103628
103629
103633
103634
103635
103636
103637
103638
103639
103640
103643
103645
103646
103648
103649
103651
103652
103653
103655
103657
103662
103680
103685
103689
103690
103691
103692
103695
103696
103697
103699
103700
103701
103702
103703
103704
103705
103706
103707
103708
103713
103731
103733
103751
103753
103754
103756
103762
103765
103766
103767
103768
103770
103776
103780
103783
103784
103786
103792
103795
103796
103797
103798
103800
103806
103810
103813
103814
103816
103822
103823
103824
103825
103826
103827
103828
103829
103830
103831
103832
103833
103834
103836
103837
103838
103840
103841
103853
103855
103856
103868
103870
103872
103877
103878
103884
103885
103886
103888
103889
103890
103891
103892
103893
103894
103900
103901
103903
103904
103905
103913
103916
103919
103920
103924
103929
103931
103932
103934
103935
103936
103944
103947
103950
103951
103955
103960
103962
103963
103965
103966
103967
103975
103978
103981
103982
103986
103991
103993
103994
103996
103997
103998
104006
104009
104012
104013
104017
104022
104024
104025
104027
104028
104029
104037
104040
104043
104044
104048
104053
104055
104056
104058
104059
104060
104068
104071
104074
104075
104079
104084
104086
104087
104089
104090
104091
104099
104102
104105
104106
104110
104115
104117
104118
104120
104121
104122
104130
104133
104136
104137
104141
104146
104147
104148
104149
104150
104151
104172
104177
104179
104181
104182
104188
104190
104192
104193
104194
104195
104196
104197
104198
104199
104200
104201
104202
104203
104204
104205
104206
104207
104208
104209
104211
104216
104225
104228
104249
104253
104256
104277
104281
104283
104289
104295
104304
104305
104306
104308
104309
104310
104311
104312
104313
104314
104320
104321
104323
104324
104325
104333
104336
104339
104340
104344
104349
104351
104352
104354
104355
104356
104364
104367
104370
104371
104375
104380
104382
104383
104385
104386
104387
104395
104398
104401
104402
104406
104411
104413
104414
104416
104417
104418
104426
104429
104432
104433
104437
104442
104444
104445
104447
104448
104449
104457
104460
104463
104464
104468
104473
104475
104476
104478
104479
104480
104488
104491
104494
104495
104499
104504
104506
104507
104509
104510
104511
104519
104522
104525
104526
104530
104535
104537
104538
104540
104541
104542
104550
104553
104556
104557
104561
104566
104567
104568
104569
104570
104571
104620
104640
104645
104649
104653
104659
104668
104672
104676
104677
104678
104682
104683
104684
104685
104686
104687
104688
104689
104692
104694
104695
104697
104698
104700
104701
104702
104704
104706
104711
104729
104734
104738
104739
104740
104741
104744
104745
104746
104748
104749
104750
104751
104752
104753
104754
104755
104756
104763
104767
104771
104772
104775
104782
104785
104786
104787
104788
104790
104796
104800
104803
104804
104806
104812
104815
104816
104817
104818
104820
104826
104830
104833
104834
104836
104842
104843
104844
104845
104846
104847
104848
104849
104850
104851
104852
104854
104859
104868
104871
104892
104896
104899
104920
104924
104926
104932
104938
104947
104948
104949
104951
104952
104953
104954
104955
104956
104957
104963
104964
104966
104967
104968
104976
104979
104982
104983
104987
104992
104994
104995
104997
104998
104999
105007
105010
105013
105014
105018
105023
105025
105026
105028
105029
105030
105038
105041
105044
105045
105049
105054
105056
105057
105059
105060
105061
105069
105072
105075
105076
105080
105085
105087
105088
105090
105091
105092
105100
105103
105106
105107
105111
105116
105118
105119
105121
105122
105123
105131
105134
105137
105138
105142
105147
105149
105150
105152
105153
105154
105162
105165
105168
105169
105173
105178
105180
105181
105183
105184
105185
105193
105196
105199
105200
105204
105209
105210
105211
105212
105213
105214
105263
105283
105288
105292
105296
105302
105311
105315
105319
105320
105321
105325
105326
105327
105328
105329
105330
105331
105332
105335
105337
105338
105340
105341
105343
105344
105345
105347
105349
105354
105372
105377
105381
105382
105383
105384
105387
105388
105389
105391
105392
105393
105394
105395
105396
105397
105398
105399
105400
105405
105423
105425
105443
105445
105446
105448
105454
105457
105458
105459
105460
105462
105468
105472
105475
105476
105478
105484
105487
105488
105489
105490
105492
105498
105502
105505
105506
105508
105514
105515
105516
105517
105518
105519
105520
105521
105522
105523
105524
105525
105526
105528
105529
105530
105532
105533
105545
105547
105548
105560
105562
105564
105569
105570
105576
105577
105578
105580
105581
105582
105583
105584
105585
105586
105592
105593
105595
105596
105597
105605
105608
105611
105612
105616
105621
105623
105624
105626
105627
105628
105636
105639
105642
105643
105647
105652
105654
105655
105657
105658
105659
105667
105670
105673
105674
105678
105683
105685
105686
105688
105689
105690
105698
105701
105704
105705
105709
105714
105716
105717
105719
105720
105721
105729
105732
105735
105736
105740
105745
105747
105748
105750
105751
105752
105760
105763
105766
105767
105771
105776
105778
105779
105781
105782
105783
105791
105794
105797
105798
105802
105807
105809
105810
105812
105813
105814
105822
105825
105828
105829
105833
105838
105839
105840
105841
105842
105843
105864
105869
105871
105873
105874
105880
105882
105884
105885
105886
105887
105888
105889
105890
105891
105892
105893
105894
105895
105896
105897
105898
105899
105900
105901
105903
105908
105917
105920
105941
105945
105948
105969
105973
105975
105981
105987
105996
105997
105998
106000
106001
106002
106003
106004
106005
106006
106012
106013
106015
106016
106017
106025
106028
106031
106032
106036
106041
106043
106044
106046
106047
106048
106056
106059
106062
106063
106067
106072
106074
106075
106077
106078
106079
106087
106090
106093
106094
106098
106103
106105
106106
106108
106109
106110
106118
106121
106124
106125
106129
106134
106136
106137
106139
106140
106141
106149
106152
106155
106156
106160
106165
106167
106168
106170
106171
106172
106180
106183
106186
106187
106191
106196
106198
106199
106201
106202
106203
106211
106214
106217
106218
106222
106227
106229
106230
106232
106233
106234
106242
106245
106248
106249
106253
106258
106259
106260
106261
106262
106263
106312
106332
106337
106341
106345
106351
106360
106364
106368
106369
106370
106374
106375
106376
106377
106378
106379
106380
106381
106384
106386
106387
106389
106390
106392
106393
106394
106396
106398
106403
106421
106426
106430
106431
106432
106433
106436
106437
106438
106440
106441
106442
106443
106444
106445
106446
106447
106448
106455
106457
106458
106462
106472
106474
106484
106486
106487
106488
106489
106490
106491
106492
106493
106494
106495
106496
106498
106503
106512
106515
106536
106540
106543
106564
106568
106570
106576
106582
106591
106592
106593
106595
106596
106597
106598
106599
106600
106601
106607
106608
106610
106611
106612
106620
106623
106626
106627
106631
106636
106638
106639
106641
106642
106643
106651
106654
106657
106658
106662
106667
106669
106670
106672
106673
106674
106682
106685
106688
106689
106693
106698
106700
106701
106703
106704
106705
106713
106716
106719
106720
106724
106729
106731
106732
106734
106735
106736
106744
106747
106750
106751
106755
106760
106762
106763
106765
106766
106767
106775
106778
106781
106782
106786
106791
106793
106794
106796
106797
106798
106806
106809
106812
106813
106817
106822
106824
106825
106827
106828
106829
106837
106840
106843
106844
106848
106853
106854
106855
106856
106857
106858
106907
106927
106932
106936
106940
106946
106955
106959
106963
106964
106965
106969
106970
106971
106972
106973
106974
106975
106976
106979
106981
106982
106984
106985
106987
106988
106989
106991
106993
106998
107016
107021
107025
107026
107027
107028
107031
107032
107033
107035
107036
107037
107038
107039
107040
107041
107042
107043
107048
107066
107068
107086
107088
107090
107092
107097
107099
107100
107102
107103
107108
107109
107114
107115
107118
107120
107125
107127
107128
107130
107131
107136
107137
107142
107143
107146
107148
107149
107150
107151
107152
107153
107155
107156
107160
107161
107165
107169
107173
107174
107178
107182
107186
107187
107188
107190
107191
107192
107193
107196
107197
107198
107199
107200
107201
107204
107206
107207
107209
107210
107212
107213
107214
107216
107218
107223
107241
107246
107250
107251
107252
107253
107256
107257
107258
107260
107261
107262
107263
107266
107267
107281
107282
107283
107286
107287
107288
107289
107290
107291
107293
107297
107298
107300
107301
107309
107315
107317
107318
107326
107332
107334
107335
107336
107337
107338
107339
107340
107341
107342
107343
107344
107345
107346
107347
107349
107350
107352
107353
107359
107361
107362
107368
107370
107372
107377
107378
107384
107385
107386
107387
107388
107389
107392
107393
107394
107402
107405
107408
107412
107413
107414
107415
107423
107426
107429
107433
107434
107435
107436
107444
107447
107450
107454
107455
107456
107457
107465
107468
107471
107475
107476
107477
107478
107489
107494
107496
107498
107499
107505
107507
107509
107510
107511
107512
107513
107514
107515
107516
107517
107518
107519
107520
107521
107522
107523
107524
107525
107526
107527
107528
107529
107532
107533
107534
107535
107537
107538
107539
107540
107541
107542
107543
107546
107547
107550
107554
107559
107562
107567
107570
107575
107578
107583
107586
107591
107594
107599
107602
107607
107610
107615
107616
107618
107619
107620
107621
107622
107623
107624
107625
107626
107627
107628
107629
107630
107633
107634
107637
107641
107646
107649
107654
107657
107662
107665
107670
107673
107678
107681
107686
107689
107694
107697
107702
107703
107705
107706
107707
107708
107711
107712
107718
107719
107722
107723
107724
107725
107726
107727
107728
107732
107733
107740
107741
107748
107751
107755
107756
107763
107766
107770
107771
107775
107779
107781
107782
107791
107792
107793
107794
107795
107796
107799
107800
107801
107809
107812
107815
107819
107820
107821
107822
107830
107833
107836
107840
107841
107842
107843
107851
107854
107857
107861
107862
107863
107864
107872
107875
107878
107882
107883
107884
107885
107888
107893
107908
107913
107918
107923
107927
107931
107933
107934
107943
107947
107951
107952
107953
107954
107958
107959
107960
107961
107962
107963
107964
107965
107968
107969
107972
107976
107981
107984
107989
107992
107997
108000
108005
108008
108013
108016
108021
108024
108029
108032
108037
108038
108040
108041
108042
108043
108044
108045
108046
108047
108048
108051
108054
108055
108056
108057
108058
108060
108061
108063
108064
108067
108068
108074
108076
108077
108080
108081
108087
108089
108090
108091
108092
108093
108094
108095
108096
108097
108098
108099
108100
108101
108102
108104
108105
108107
108108
108114
108116
108117
108123
108125
108127
108132
108133
108139
108140
108141
108142
108143
108144
108152
108155
108158
108159
108160
108161
108169
108172
108175
108176
108178
108179
108190
108195
108197
108199
108200
108206
108208
108210
108211
108212
108213
108214
108215
108216
108217
108218
108219
108220
108221
108222
108223
108224
108225
108226
108227
108228
108229
108230
108233
108234
108235
108236
108238
108239
108240
108241
108242
108243
108244
108247
108248
108251
108255
108260
108263
108268
108271
108276
108279
108284
108285
108287
108288
108289
108290
108291
108292
108293
108294
108295
108296
108297
108298
108299
108302
108303
108306
108310
108315
108318
108323
108326
108331
108334
108339
108340
108342
108343
108344
108345
108350
108356
108357
108360
108361
108362
108363
108364
108365
108366
108367
108368
108377
108379
108382
108393
108395
108398
108409
108411
108413
108417
108419
108420
108427
108428
108429
108430
108431
108432
108440
108443
108446
108447
108448
108449
108457
108460
108463
108464
108466
108467
108492
108499
108504
108508
108510
108512
108513
108520
108524
108526
108527
108528
108532
108533
108534
108535
108536
108537
108538
108539
108542
108543
108546
108550
108555
108558
108563
108566
108571
108574
108579
108580
108582
108583
108584
108585
108586
108587
108588
108589
108590
108593
108596
108597
108598
108599
108600
108602
108604
108606
108609
108610
108617
108619
108621
108624
108625
108632
108634
108635
108636
108637
108638
108639
108640
108641
108642
108643
108644
108645
108646
108648
108649
108651
108657
108659
108665
108667
108670
108682
108683
108684
108685
108686
108687
108695
108698
108701
108702
108703
108714
108719
108722
108724
108736
108739
108741
108742
108743
108744
108745
108746
108747
108748
108749
108750
108751
108752
108753
108754
108755
108756
108757
108758
108759
108760
108761
108764
108765
108766
108768
108769
108770
108771
108772
108773
108774
108777
108778
108781
108785
108790
108793
108798
108799
108801
108802
108803
108804
108805
108806
108807
108808
108809
108810
108811
108812
108813
108816
108817
108820
108824
108829
108832
108837
108838
108840
108841
108842
108843
108848
108854
108855
108858
108859
108860
108861
108862
108863
108864
108865
108866
108875
108877
108890
108892
108905
108907
108910
108912
108916
108917
108918
108919
108920
108921
108929
108932
108935
108936
108937
108962
108970
108972
108976
108978
108980
108984
108988
108990
108991
108992
108996
108997
108998
108999
109000
109001
109002
109005
109006
109009
109013
109018
109021
109026
109027
109029
109030
109031
109032
109033
109034
109035
109036
109037
109040
109043
109044
109045
109046
109047
109051
109053
109056
109057
109065
109067
109069
109072
109073
109081
109083
109084
109085
109086
109087
109088
109089
109090
109091
109092
109093
109094
109095
109097
109098
109100
109106
109108
109114
109116
109119
109131
109132
109133
109134
109135
109136
109144
109147
109150
109151
109152
109163
109168
109171
109173
109185
109188
109190
109191
109192
109193
109194
109195
109196
109197
109198
109199
109200
109201
109202
109203
109204
109205
109206
109207
109208
109209
109210
109213
109214
109215
109217
109218
109219
109220
109221
109222
109223
109226
109227
109230
109234
109239
109242
109247
109248
109250
109251
109252
109253
109254
109255
109256
109257
109258
109259
109260
109261
109262
109265
109266
109269
109273
109278
109281
109286
109287
109289
109290
109291
109292
109297
109303
109304
109307
109308
109309
109310
109311
109312
109313
109314
109315
109324
109326
109339
109341
109354
109356
109359
109361
109365
109366
109367
109368
109369
109370
109378
109381
109384
109385
109386
109411
109419
109421
109425
109427
109429
109433
109437
109439
109440
109441
109445
109446
109447
109448
109449
109450
109451
109454
109455
109458
109462
109467
109470
109475
109476
109478
109479
109480
109481
109482
109483
109484
109485
109486
109489
109492
109493
109494
109495
109496
109500
109502
109505
109506
109514
109516
109518
109521
109522
109530
109532
109533
109534
109535
109536
109537
109538
109539
109540
109541
109542
109543
109544
109546
109547
109549
109555
109557
109563
109565
109568
109580
109581
109582
109583
109584
109585
109593
109596
109599
109600
109601
109612
109617
109620
109622
109634
109637
109639
109640
109641
109642
109643
109644
109645
109646
109647
109648
109649
109650
109651
109652
109653
109654
109655
109656
109657
109658
109659
109662
109663
109664
109666
109667
109668
109669
109670
109671
109672
109675
109676
109679
109683
109688
109691
109696
109697
109699
109700
109701
109702
109703
109704
109705
109706
109707
109708
109709
109710
109711
109714
109715
109718
109722
109727
109730
109735
109736
109738
109739
109740
109741
109746
109752
109753
109756
109757
109758
109759
109760
109761
109762
109763
109764
109773
109775
109788
109790
109803
109805
109808
109810
109814
109815
109816
109817
109818
109819
109827
109830
109833
109834
109835
109860
109868
109870
109874
109876
109878
109882
109886
109888
109889
109890
109894
109895
109896
109897
109898
109899
109900
109903
109904
109907
109911
109916
109919
109924
109925
109927
109928
109929
109930
109931
109932
109933
109934
109935
109938
109941
109942
109943
109944
109945
109949
109951
109954
109955
109963
109965
109967
109970
109971
109979
109981
109982
109983
109984
109985
109986
109987
109988
109989
109990
109991
109992
109993
109995
109996
109998
110004
110006
110012
110014
110017
110029
110030
110031
110032
110033
110034
110042
110045
110048
110049
110050
110061
110066
110069
110071
110083
110086
110088
110089
110090
110091
110092
110093
110094
110095
110096
110097
110098
110099
110100
110101
110102
110103
110104
110105
110106
110107
110108
110111
110112
110113
110115
110116
110117
110118
110119
110120
110121
110124
110125
110128
110132
110137
110140
110145
110146
110148
110149
110150
110151
110152
110153
110154
110155
110156
110157
110158
110159
110160
110163
110164
110167
110171
110176
110179
110184
110185
110187
110188
110189
110190
110195
110201
110202
110205
110206
110207
110208
110209
110210
110211
110212
110213
110222
110224
110237
110239
110252
110254
110257
110259
110263
110264
110265
110266
110267
110268
110276
110279
110282
110283
110284
110309
110317
110319
110323
110325
110327
110331
110335
110337
110338
110339
110343
110344
110345
110346
110347
110348
110349
110352
110353
110356
110360
110365
110368
110373
110374
110376
110377
110378
110379
110380
110381
110382
110383
110384
110387
110390
110391
110392
110393
110394
110397
110399
110402
110404
110409
110410
110411
110413
110416
110418
110423
110424
110425
110427
110428
110429
110430
110431
110432
110433
110434
110439
110440
110451
110455
110456
110467
110471
110474
110475
110482
110483
110484
110487
110488
110489
110490
110491
110492
110494
110498
110499
110501
110502
110510
110516
110518
110519
110527
110533
110535
110536
110537
110538
110539
110540
110541
110542
110543
110544
110545
110546
110547
110548
110550
110551
110553
110554
110560
110562
110563
110569
110571
110573
110578
110579
110585
110586
110587
110588
110589
110590
110593
110594
110595
110603
110606
110609
110613
110614
110615
110616
110624
110627
110630
110634
110635
110636
110637
110645
110648
110651
110655
110656
110657
110658
110666
110669
110672
110676
110677
110678
110679
110690
110695
110697
110699
110700
110706
110708
110710
110711
110712
110713
110714
110715
110716
110717
110718
110719
110720
110721
110722
110723
110724
110725
110726
110727
110728
110729
110730
110733
110734
110735
110736
110738
110739
110740
110741
110742
110743
110744
110747
110748
110751
110755
110760
110763
110768
110771
110776
110779
110784
110787
110792
110795
110800
110803
110808
110811
110816
110817
110819
110820
110821
110822
110823
110824
110825
110826
110827
110828
110829
110830
110831
110834
110835
110838
110842
110847
110850
110855
110858
110863
110866
110871
110874
110879
110882
110887
110890
110895
110898
110903
110904
110906
110907
110908
110909
110912
110913
110919
110920
110923
110924
110925
110926
110927
110928
110929
110933
110934
110941
110942
110949
110952
110956
110957
110964
110967
110971
110972
110976
110980
110982
110983
110992
110993
110994
110995
110996
110997
111000
111001
111002
111010
111013
111016
111020
111021
111022
111023
111031
111034
111037
111041
111042
111043
111044
111052
111055
111058
111062
111063
111064
111065
111073
111076
111079
111083
111084
111085
111086
111089
111094
111109
111114
111119
111124
111128
111132
111134
111135
111144
111148
111152
111153
111154
111155
111159
111160
111161
111162
111163
111164
111165
111166
111169
111170
111173
111177
111182
111185
111190
111193
111198
111201
111206
111209
111214
111217
111222
111225
111230
111233
111238
111239
111241
111242
111243
111244
111245
111246
111247
111248
111249
111252
111255
111256
111257
111258
111259
111261
111262
111264
111265
111268
111269
111275
111277
111278
111281
111282
111288
111290
111291
111292
111293
111294
111295
111296
111297
111298
111299
111300
111301
111302
111303
111305
111306
111308
111309
111315
111317
111318
111324
111326
111328
111333
111334
111340
111341
111342
111343
111344
111345
111353
111356
111359
111360
111361
111362
111370
111373
111376
111377
111379
111380
111391
111396
111398
111400
111401
111407
111409
111411
111412
111413
111414
111415
111416
111417
111418
111419
111420
111421
111422
111423
111424
111425
111426
111427
111428
111429
111430
111431
111434
111435
111436
111437
111439
111440
111441
111442
111443
111444
111445
111448
111449
111452
111456
111461
111464
111469
111472
111477
111480
111485
111486
111488
111489
111490
111491
111492
111493
111494
111495
111496
111497
111498
111499
111500
111503
111504
111507
111511
111516
111519
111524
111527
111532
111535
111540
111541
111543
111544
111545
111546
111551
111557
111558
111561
111562
111563
111564
111565
111566
111567
111568
111569
111578
111580
111583
111594
111596
111599
111610
111612
111614
111618
111620
111621
111628
111629
111630
111631
111632
111633
111641
111644
111647
111648
111649
111650
111658
111661
111664
111665
111667
111668
111693
111700
111705
111709
111711
111713
111714
111721
111725
111727
111728
111729
111733
111734
111735
111736
111737
111738
111739
111740
111743
111744
111747
111751
111756
111759
111764
111767
111772
111775
111780
111781
111783
111784
111785
111786
111787
111788
111789
111790
111791
111794
111797
111798
111799
111800
111801
111803
111805
111807
111810
111811
111818
111820
111822
111825
111826
111833
111835
111836
111837
111838
111839
111840
111841
111842
111843
111844
111845
111846
111847
111849
111850
111852
111858
111860
111866
111868
111871
111883
111884
111885
111886
111887
111888
111896
111899
111902
111903
111904
111915
111920
111923
111925
111937
111940
111942
111943
111944
111945
111946
111947
111948
111949
111950
111951
111952
111953
111954
111955
111956
111957
111958
111959
111960
111961
111962
111965
111966
111967
111969
111970
111971
111972
111973
111974
111975
111978
111979
111982
111986
111991
111994
111999
112000
112002
112003
112004
112005
112006
112007
112008
112009
112010
112011
112012
112013
112014
112017
112018
112021
112025
112030
112033
112038
112039
112041
112042
112043
112044
112049
112055
112056
112059
112060
112061
112062
112063
112064
112065
112066
112067
112076
112078
112091
112093
112106
112108
112111
112113
112117
112118
112119
112120
112121
112122
112130
112133
112136
112137
112138
112163
112171
112173
112177
112179
112181
112185
112189
112191
112192
112193
112197
112198
112199
112200
112201
112202
112203
112206
112207
112210
112214
112219
112222
112227
112228
112230
112231
112232
112233
112234
112235
112236
112237
112238
112241
112244
112245
112246
112247
112248
112252
112254
112257
112258
112266
112268
112270
112273
112274
112282
112284
112285
112286
112287
112288
112289
112290
112291
112292
112293
112294
112295
112296
112298
112299
112301
112307
112309
112315
112317
112320
112332
112333
112334
112335
112336
112337
112345
112348
112351
112352
112353
112364
112369
112372
112374
112386
112389
112391
112392
112393
112394
112395
112396
112397
112398
112399
112400
112401
112402
112403
112404
112405
112406
112407
112408
112409
112410
112411
112414
112415
112416
112418
112419
112420
112421
112422
112423
112424
112427
112428
112431
112435
112440
112443
112448
112449
112451
112452
112453
112454
112455
112456
112457
112458
112459
112460
112461
112462
112463
112466
112467
112470
112474
112479
112482
112487
112488
112490
112491
112492
112493
112498
112504
112505
112508
112509
112510
112511
112512
112513
112514
112515
112516
112525
112527
112540
112542
112555
112557
112560
112562
112566
112567
112568
112569
112570
112571
112579
112582
112585
112586
112587
112612
112620
112622
112626
112628
112630
112634
112638
112640
112641
112642
112646
112647
112648
112649
112650
112651
112652
112655
112656
112659
112663
112668
112671
112676
112677
112679
112680
112681
112682
112683
112684
112685
112686
112687
112690
112693
112694
112695
112696
112697
112701
112703
112706
112707
112715
112717
112719
112722
112723
112731
112733
112734
112735
112736
112737
112738
112739
112740
112741
112742
112743
112744
112745
112747
112748
112750
112756
112758
112764
112766
112769
112781
112782
112783
112784
112785
112786
112794
112797
112800
112801
112802
112813
112818
112821
112823
112835
112838
112840
112841
112842
112843
112844
112845
112846
112847
112848
112849
112850
112851
112852
112853
112854
112855
112856
112857
112858
112859
112860
112863
112864
112865
112867
112868
112869
112870
112871
112872
112873
112876
112877
112880
112884
112889
112892
112897
112898
112900
112901
112902
112903
112904
112905
112906
112907
112908
112909
112910
112911
112912
112915
112916
112919
112923
112928
112931
112936
112937
112939
112940
112941
112942
112947
112953
112954
112957
112958
112959
112960
112961
112962
112963
112964
112965
112974
112976
112989
112991
113004
113006
113009
113011
113015
113016
113017
113018
113019
113020
113028
113031
113034
113035
113036
113061
113069
113071
113075
113077
113079
113083
113087
113089
113090
113091
113095
113096
113097
113098
113099
113100
113101
113104
113105
113108
113112
113117
113120
113125
113126
113128
113129
113130
113131
113132
113133
113134
113135
113136
113139
113142
113143
113144
113145
113146
113150
113152
113155
113156
113164
113166
113168
113171
113172
113180
113182
113183
113184
113185
113186
113187
113188
113189
113190
113191
113192
113193
113194
113196
113197
113199
113205
113207
113213
113215
113218
113230
113231
113232
113233
113234
113235
113243
113246
113249
113250
113251
113262
113267
113270
113272
113284
113287
113289
113290
113291
113292
113293
113294
113295
113296
113297
113298
113299
113300
113301
113302
113303
113304
113305
113306
113307
113308
113309
113312
113313
113314
113316
113317
113318
113319
113320
113321
113322
113325
113326
113329
113333
113338
113341
113346
113347
113349
113350
113351
113352
113353
113354
113355
113356
113357
113358
113359
113360
113361
113364
113365
113368
113372
113377
113380
113385
113386
113388
113389
113390
113391
113396
113402
113403
113406
113407
113408
113409
113410
113411
113412
113413
113414
113423
113425
113438
113440
113453
113455
113458
113460
113464
113465
113466
113467
113468
113469
113477
113480
113483
113484
113485
113510
113518
113520
113524
113526
113528
113532
113536
113538
113539
113540
113544
113545
113546
113547
113548
113549
113550
113553
113554
113557
113561
113566
113569
113574
113575
113577
113578
113579
113580
113581
113582
113583
113584
113585
113588
113591
113592
113593
113594
113595
113598
113600
113603
113605
113610
113611
113612
113614
113617
113619
113624
113625
113626
113628
113629
113630
113631
113632
113633
113635
113639
113640
113651
113655
113656
113667
113671
113674
113678
113679
113683
113690
113695
113699
113703
113704
113708
113715
113720
113724
113728
113729
113732
113733
113734
113737
113738
113741
113742
113743
113744
113745
113746
113747
113748
113757
113759
113772
113774
113787
113789
113792
113794
113798
113799
113800
113801
113802
113803
113811
113814
113817
113818
113819
113844
113852
113854
113858
113860
113862
113866
113870
113872
113873
113874
113878
113879
113880
113881
113882
113883
113884
113887
113888
113891
113895
113900
113903
113908
113909
113911
113912
113913
113914
113915
113916
113917
113918
113919
113920
113923
113924
113925
113926
113927
113928
113929
113930
113931
113932
113933
113936
113937
113938
113940
113941
113942
113943
113944
113945
113946
113949
113950
113953
113957
113962
113965
113970
113971
113973
113974
113975
113976
113977
113978
113979
113980
113981
113982
113983
113984
113985
113988
113989
113992
113996
114001
114004
114009
114010
114012
114013
114014
114015
114020
114026
114027
114030
114031
114032
114033
114034
114035
114036
114037
114038
114047
114049
114062
114064
114077
114079
114082
114084
114088
114089
114090
114091
114092
114093
114101
114104
114107
114108
114109
114134
114142
114144
114148
114150
114152
114156
114160
114162
114163
114164
114168
114169
114170
114171
114172
114173
114174
114177
114178
114181
114185
114190
114193
114198
114199
114201
114202
114203
114204
114205
114206
114207
114208
114209
114212
114215
114216
114217
114218
114219
114222
114226
114227
114242
114243
114244
114245
114246
114250
114251
114266
114267
114268
114269
114270
114274
114276
114280
114281
114284
114305
114309
114310
114313
114334
114338
114339
114340
114341
114342
114343
114344
114345
114346
114347
114348
114350
114355
114364
114367
114388
114392
114395
114416
114420
114422
114428
114434
114443
114444
114445
114447
114448
114449
114450
114451
114452
114453
114459
114460
114462
114463
114464
114472
114475
114478
114479
114483
114488
114490
114491
114493
114494
114495
114503
114506
114509
114510
114514
114519
114521
114522
114524
114525
114526
114534
114537
114540
114541
114545
114550
114552
114553
114555
114556
114557
114565
114568
114571
114572
114576
114581
114583
114584
114586
114587
114588
114596
114599
114602
114603
114607
114612
114614
114615
114617
114618
114619
114627
114630
114633
114634
114638
114643
114645
114646
114648
114649
114650
114658
114661
114664
114665
114669
114674
114676
114677
114679
114680
114681
114689
114692
114695
114696
114700
114705
114706
114707
114708
114709
114710
114759
114779
114784
114788
114792
114798
114807
114811
114815
114816
114817
114821
114822
114823
114824
114825
114826
114827
114828
114831
114833
114834
114836
114837
114839
114840
114841
114843
114845
114850
114868
114873
114877
114878
114879
114880
114883
114884
114885
114887
114888
114889
114890
114891
114892
114893
114894
114895
114897
114898
114902
114903
114909
114934
114943
114947
114948
114954
114979
114988
114992
114993
114994
114995
114998
115004
115005
115009
115013
115014
115015
115020
115024
115025
115026
115033
115034
115035
115036
115044
115053
115057
115058
115062
115066
115067
115068
115073
115077
115078
115079
115086
115087
115088
115089
115097
115106
115110
115111
115112
115113
115114
115115
115116
115117
115118
115119
115121
115125
115127
115129
115132
115133
115140
115142
115144
115147
115148
115155
115157
115158
115159
115160
115161
115162
115163
115164
115165
115166
115167
115168
115169
115170
115172
115173
115175
115181
115183
115189
115191
115194
115206
115207
115208
115209
115210
115211
115219
115222
115225
115226
115227
115238
115243
115246
115248
115260
115263
115265
115266
115267
115268
115269
115270
115271
115272
115273
115274
115275
115276
115277
115278
115279
115280
115281
115282
115283
115284
115285
115288
115289
115290
115292
115293
115294
115295
115296
115297
115298
115301
115302
115305
115309
115314
115317
115322
115323
115325
115326
115327
115328
115329
115330
115331
115332
115333
115334
115335
115336
115337
115340
115341
115344
115348
115353
115356
115361
115362
115364
115365
115366
115367
115372
115378
115379
115382
115383
115384
115385
115386
115387
115388
115389
115390
115399
115401
115414
115416
115429
115431
115434
115436
115440
115441
115442
115443
115444
115445
115453
115456
115459
115460
115461
115486
115494
115496
115500
115502
115504
115508
115512
115514
115515
115516
115520
115521
115522
115523
115524
115525
115526
115529
115530
115533
115537
115542
115545
115550
115551
115553
115554
115555
115556
115557
115558
115559
115560
115561
115564
115567
115568
115569
115570
115571
115576
115578
115583
115590
115592
115594
115599
115606
115608
115609
115610
115611
115612
115613
115614
115615
115616
115617
115618
115619
115620
115622
115623
115625
115631
115633
115639
115641
115644
115656
115657
115658
115659
115660
115661
115669
115672
115675
115676
115677
115688
115693
115696
115698
115710
115713
115715
115716
115717
115718
115719
115720
115721
115722
115723
115724
115725
115726
115727
115728
115729
115730
115731
115732
115733
115734
115735
115738
115739
115740
115742
115743
115744
115745
115746
115747
115748
115751
115752
115755
115759
115764
115767
115772
115773
115775
115776
115777
115778
115779
115780
115781
115782
115783
115784
115785
115786
115787
115790
115791
115794
115798
115803
115806
115811
115812
115814
115815
115816
115817
115822
115828
115829
115832
115833
115834
115835
115836
115837
115838
115839
115840
115849
115851
115864
115866
115879
115881
115884
115886
115890
115891
115892
115893
115894
115895
115903
115906
115909
115910
115911
115936
115944
115946
115950
115952
115954
115958
115962
115964
115965
115966
115970
115971
115972
115973
115974
115975
115976
115979
115980
115983
115987
115992
115995
116000
116001
116003
116004
116005
116006
116007
116008
116009
116010
116011
116014
116017
116018
116019
116020
116021
116026
116028
116033
116040
116042
116044
116049
116056
116058
116059
116060
116061
116062
116063
116064
116065
116066
116067
116068
116069
116070
116072
116073
116075
116081
116083
116089
116091
116094
116106
116107
116108
116109
116110
116111
116119
116122
116125
116126
116127
116138
116143
116146
116148
116160
116163
116165
116166
116167
116168
116169
116170
116171
116172
116173
116174
116175
116176
116177
116178
116179
116180
116181
116182
116183
116184
116185
116188
116189
116190
116192
116193
116194
116195
116196
116197
116198
116201
116202
116205
116209
116214
116217
116222
116223
116225
116226
116227
116228
116229
116230
116231
116232
116233
116234
116235
116236
116237
116240
116241
116244
116248
116253
116256
116261
116262
116264
116265
116266
116267
116272
116278
116279
116282
116283
116284
116285
116286
116287
116288
116289
116290
116299
116301
116314
116316
116329
116331
116334
116336
116340
116341
116342
116343
116344
116345
116353
116356
116359
116360
116361
116386
116394
116396
116400
116402
116404
116408
116412
116414
116415
116416
116420
116421
116422
116423
116424
116425
116426
116429
116430
116433
116437
116442
116445
116450
116451
116453
116454
116455
116456
116457
116458
116459
116460
116461
116464
116467
116468
116469
116470
116471
116476
116478
116483
116490
116492
116494
116499
116506
116508
116509
116510
116511
116512
116513
116514
116515
116516
116517
116518
116519
116520
116522
116523
116525
116531
116533
116539
116541
116544
116556
116557
116558
116559
116560
116561
116569
116572
116575
116576
116577
116588
116593
116596
116598
116610
116613
116615
116616
116617
116618
116619
116620
116621
116622
116623
116624
116625
116626
116627
116628
116629
116630
116631
116632
116633
116634
116635
116638
116639
116640
116642
116643
116644
116645
116646
116647
116648
116651
116652
116655
116659
116664
116667
116672
116673
116675
116676
116677
116678
116679
116680
116681
116682
116683
116684
116685
116686
116687
116690
116691
116694
116698
116703
116706
116711
116712
116714
116715
116716
116717
116722
116728
116729
116732
116733
116734
116735
116736
116737
116738
116739
116740
116749
116751
116764
116766
116779
116781
116784
116786
116790
116791
116792
116793
116794
116795
116803
116806
116809
116810
116811
116836
116844
116846
116850
116852
116854
116858
116862
116864
116865
116866
116870
116871
116872
116873
116874
116875
116876
116879
116880
116883
116887
116892
116895
116900
116901
116903
116904
116905
116906
116907
116908
116909
116910
116911
116914
116917
116918
116919
116920
116921
116925
116930
116935
116937
116942
116947
116949
116950
116951
116952
116953
116954
116955
116957
116964
116965
116968
116969
116972
116973
116977
116978
116985
116990
116994
116995
116998
116999
117002
117003
117007
117008
117015
117020
117024
117025
117026
117027
117028
117029
117030
117031
117032
117033
117034
117036
117037
117039
117040
117041
117042
117043
117044
117045
117046
117047
117048
117051
117052
117055
117059
117064
117067
117072
117075
117080
117083
117088
117089
117091
117092
117093
117094
117096
117099
117100
117101
117102
117103
117104
117105
117106
117107
117108
117109
117110
117113
117114
117115
117116
117117
117118
117126
117129
117132
117133
117134
117135
117143
117146
117149
117150
117152
117153
117154
117155
117156
117157
117158
117159
117167
117170
117173
117174
117175
117176
117184
117187
117190
117191
117193
117194
117200
117201
117203
117206
117209
117211
117222
117223
117224
117225
117226
117227
117228
117229
117230
117232
117238
117240
117242
117243
117246
117250
117251
117252
117253
117254
117255
117257
117261
117263
117265
117268
117269
117276
117278
117280
117283
117284
117291
117293
117294
117295
117296
117297
117298
117299
117300
117301
117302
117303
117304
117305
117306
117308
117309
117311
117317
117319
117325
117327
117330
117342
117343
117344
117345
117346
117347
117355
117358
117361
117362
117363
117374
117379
117382
117384
117396
117399
117401
117402
117403
117404
117405
117406
117407
117408
117409
117410
117411
117412
117413
117414
117415
117416
117417
117418
117419
117420
117421
117424
117425
117426
117428
117429
117430
117431
117432
117433
117434
117437
117438
117441
117445
117450
117453
117458
117459
117461
117462
117463
117464
117465
117466
117467
117468
117469
117470
117471
117472
117473
117476
117477
117480
117484
117489
117492
117497
117498
117500
117501
117502
117503
117508
117514
117515
117518
117519
117520
117521
117522
117523
117524
117525
117526
117535
117537
117550
117552
117565
117567
117570
117572
117576
117577
117578
117579
117580
117581
117589
117592
117595
117596
117597
117622
117630
117632
117636
117638
117640
117644
117648
117650
117651
117652
117656
117657
117658
117659
117660
117661
117662
117665
117666
117669
117673
117678
117681
117686
117687
117689
117690
117691
117692
117693
117694
117695
117696
117697
117700
117703
117704
117705
117706
117707
117712
117714
117719
117726
117728
117730
117735
117742
117744
117745
117746
117747
117748
117749
117750
117751
117752
117753
117754
117755
117756
117758
117759
117761
117767
117769
117775
117777
117780
117792
117793
117794
117795
117796
117797
117805
117808
117811
117812
117813
117824
117829
117832
117834
117846
117849
117851
117852
117853
117854
117855
117856
117857
117858
117859
117860
117861
117862
117863
117864
117865
117866
117867
117868
117869
117870
117871
117874
117875
117876
117878
117879
117880
117881
117882
117883
117884
117887
117888
117891
117895
117900
117903
117908
117909
117911
117912
117913
117914
117915
117916
117917
117918
117919
117920
117921
117922
117923
117926
117927
117930
117934
117939
117942
117947
117948
117950
117951
117952
117953
117958
117964
117965
117968
117969
117970
117971
117972
117973
117974
117975
117976
117985
117987
118000
118002
118015
118017
118020
118022
118026
118027
118028
118029
118030
118031
118039
118042
118045
118046
118047
118072
118080
118082
118086
118088
118090
118094
118098
118100
118101
118102
118106
118107
118108
118109
118110
118111
118112
118115
118116
118119
118123
118128
118131
118136
118137
118139
118140
118141
118142
118143
118144
118145
118146
118147
118150
118153
118154
118155
118156
118157
118162
118164
118169
118176
118178
118180
118185
118192
118194
118195
118196
118197
118198
118199
118200
118201
118202
118203
118204
118205
118206
118208
118209
118211
118217
118219
118225
118227
118230
118242
118243
118244
118245
118246
118247
118255
118258
118261
118262
118263
118274
118279
118282
118284
118296
118299
118301
118302
118303
118304
118305
118306
118307
118308
118309
118310
118311
118312
118313
118314
118315
118316
118317
118318
118319
118320
118321
118324
118325
118326
118328
118329
118330
118331
118332
118333
118334
118337
118338
118341
118345
118350
118353
118358
118359
118361
118362
118363
118364
118365
118366
118367
118368
118369
118370
118371
118372
118373
118376
118377
118380
118384
118389
118392
118397
118398
118400
118401
118402
118403
118408
118414
118415
118418
118419
118420
118421
118422
118423
118424
118425
118426
118435
118437
118450
118452
118465
118467
118470
118472
118476
118477
118478
118479
118480
118481
118489
118492
118495
118496
118497
118522
118530
118532
118536
118538
118540
118544
118548
118550
118551
118552
118556
118557
118558
118559
118560
118561
118562
118565
118566
118569
118573
118578
118581
118586
118587
118589
118590
118591
118592
118593
118594
118595
118596
118597
118600
118603
118604
118605
118606
118607
118612
118614
118619
118626
118628
118630
118635
118642
118644
118645
118646
118647
118648
118649
118650
118651
118652
118653
118654
118655
118656
118658
118659
118661
118667
118669
118675
118677
118680
118692
118693
118694
118695
118696
118697
118705
118708
118711
118712
118713
118724
118729
118732
118734
118746
118749
118751
118752
118753
118754
118755
118756
118757
118758
118759
118760
118761
118762
118763
118764
118765
118766
118767
118768
118769
118770
118771
118774
118775
118776
118778
118779
118780
118781
118782
118783
118784
118787
118788
118791
118795
118800
118803
118808
118809
118811
118812
118813
118814
118815
118816
118817
118818
118819
118820
118821
118822
118823
118826
118827
118830
118834
118839
118842
118847
118848
118850
118851
118852
118853
118858
118864
118865
118868
118869
118870
118871
118872
118873
118874
118875
118876
118885
118887
118900
118902
118915
118917
118920
118922
118926
118927
118928
118929
118930
118931
118939
118942
118945
118946
118947
118972
118980
118982
118986
118988
118990
118994
118998
119000
119001
119002
119006
119007
119008
119009
119010
119011
119012
119015
119016
119019
119023
119028
119031
119036
119037
119039
119040
119041
119042
119043
119044
119045
119046
119047
119050
119053
119054
119055
119056
119057
119061
119066
119071
119073
119078
119083
119085
119086
119087
119088
119089
119090
119091
119096
119097
119100
119101
119104
119105
119109
119110
119117
119122
119126
119127
119130
119131
119134
119135
119139
119140
119147
119152
119156
119157
119158
119159
119160
119161
119162
119163
119164
119165
119166
119167
119169
119170
119172
119173
119174
119175
119176
119177
119178
119179
119180
119181
119184
119185
119188
119192
119197
119200
119205
119208
119213
119216
119221
119222
119224
119225
119226
119227
119229
119232
119233
119234
119235
119236
119237
119238
119239
119240
119241
119242
119243
119246
119247
119248
119249
119250
119251
119259
119262
119265
119266
119267
119268
119276
119279
119282
119283
119285
119286
119287
119288
119289
119290
119291
119292
119300
119303
119306
119307
119308
119309
119317
119320
119323
119324
119326
119327
119333
119334
119336
119339
119342
119344
119355
119356
119357
119358
119359
119360
119361
119362
119363
119368
119373
119374
119379
119380
119389
119392
119399
119403
119404
119413
119416
119423
119427
119428
119436
119437
119438
119439
119440
119441
119442
119443
119444
119446
119447
119451
119453
119454
119455
119456
119457
119458
119466
119469
119472
119473
119474
119475
119483
119486
119489
119490
119492
119493
119497
119504
119505
119506
119507
119508
119509
119517
119520
119523
119524
119525
119526
119534
119537
119540
119541
119543
119544
119545
119546
119547
119548
119549
119550
119558
119561
119564
119565
119566
119567
119575
119578
119581
119582
119584
119585
119586
119587
119588
119589
119590
119591
119599
119602
119605
119606
119607
119608
119616
119619
119622
119623
119625
119626
119627
119635
119637
119640
119644
119650
119657
119664
119669
119672
119679
119684
119695
119698
119705
119709
119714
119721
119726
119729
119736
119741
119752
119755
119762
119766
119771
119778
119783
119786
119793
119798
119809
119812
119819
119823
119826
119828
119833
119839
119842
119846
119847
119856
119857
119858
119859
119860
119861
119862
119869
119870
119873
119877
119888
119889
119890
119891
119892
119896
119897
119900
119904
119915
119916
119917
119918
119919
119923
119924
119926
119927
119928
119929
119930
119931
119932
119933
119934
119936
119941
119950
119953
119974
119978
119981
120002
120006
120008
120014
120020
120029
120030
120031
120033
120034
120035
120036
120037
120038
120039
120045
120046
120048
120049
120050
120058
120061
120064
120065
120069
120074
120076
120077
120079
120080
120081
120089
120092
120095
120096
120100
120105
120107
120108
120110
120111
120112
120120
120123
120126
120127
120131
120136
120138
120139
120141
120142
120143
120151
120154
120157
120158
120162
120167
120169
120170
120172
120173
120174
120182
120185
120188
120189
120193
120198
120200
120201
120203
120204
120205
120213
120216
120219
120220
120224
120229
120231
120232
120234
120235
120236
120244
120247
120250
120251
120255
120260
120262
120263
120265
120266
120267
120275
120278
120281
120282
120286
120291
120292
120293
120294
120295
120296
120345
120365
120370
120374
120378
120384
120393
120397
120401
120402
120403
120407
120408
120409
120410
120411
120412
120413
120414
120417
120419
120420
120422
120423
120425
120426
120427
120429
120431
120436
120454
120459
120463
120464
120465
120466
120469
120470
120471
120473
120474
120475
120476
120477
120478
120479
120480
120481
120482
120484
120487
120488
120489
120490
120491
120492
120493
120501
120514
120516
120518
120519
120520
120521
120522
120523
120524
120525
120526
120527
120528
120529
120530
120532
120535
120537
120540
120541
120542
120544
120545
120547
120550
120552
120553
120555
120558
120562
120563
120564
120565
120566
120568
120572
120575
120580
120586
120587
120588
120589
120590
120591
120594
120595
120597
120599
120601
120607
120608
120611
120612
120614
120615
120617
120621
120622
120630
120632
120633
120635
120636
120639
120643
120646
120647
120648
120650
120656
120660
120663
120666
120667
120669
120670
120672
120678
120682
120687
120688
120689
120690
120691
120692
120693
120703
120704
120705
120706
120707
120708
120709
120712
120713
120715
120717
120719
120725
120726
120729
120730
120732
120733
120735
120739
120740
120748
120750
120751
120753
120754
120757
120761
120764
120765
120766
120768
120774
120778
120781
120784
120785
120787
120788
120790
120796
120800
120805
120806
120807
120808
120809
120810
120812
120813
120814
120818
120821
120826
120832
120833
120834
120835
120836
120837
120840
120841
120843
120845
120847
120853
120854
120857
120858
120860
120861
120863
120867
120868
120876
120878
120879
120881
120882
120885
120889
120892
120893
120894
120896
120902
120906
120909
120912
120913
120915
120916
120918
120924
120928
120933
120934
120935
120936
120937
120938
120939
120949
120950
120951
120952
120953
120954
120955
120958
120959
120961
120963
120965
120971
120972
120975
120976
120978
120979
120981
120985
120986
120994
120996
120997
120999
121000
121003
121007
121010
121011
121012
121014
121020
121024
121027
121030
121031
121033
121034
121036
121042
121046
121051
121052
121053
121054
121055
121056
121058
121059
121060
121064
121066
121067
121074
121075
121076
121077
121080
121081
121082
121083
121084
121085
121086
121087
121088
121089
121092
121093
121105
121107
121108
121120
121122
121123
121127
121128
121129
121131
121132
121133
121134
121135
121136
121137
121143
121144
121146
121147
121148
121156
121159
121162
121163
121167
121172
121174
121175
121177
121178
121179
121187
121190
121193
121194
121198
121203
121205
121206
121208
121209
121210
121218
121221
121224
121225
121229
121234
121236
121237
121239
121240
121241
121249
121252
121255
121256
121260
121265
121267
121268
121270
121271
121272
121280
121283
121286
121287
121291
121296
121298
121299
121301
121302
121303
121311
121314
121317
121318
121322
121327
121329
121330
121332
121333
121334
121342
121345
121348
121349
121353
121358
121360
121361
121363
121364
121365
121373
121376
121379
121380
121384
121389
121390
121391
121392
121393
121394
121417
121419
121420
121421
121422
121423
121424
121425
121428
121429
121430
121431
121432
121433
121434
121435
121436
121437
121438
121441
121442
121454
121456
121457
121469
121471
121472
121476
121477
121478
121480
121481
121482
121483
121484
121485
121486
121492
121493
121495
121496
121497
121505
121508
121511
121512
121516
121521
121523
121524
121526
121527
121528
121536
121539
121542
121543
121547
121552
121554
121555
121557
121558
121559
121567
121570
121573
121574
121578
121583
121585
121586
121588
121589
121590
121598
121601
121604
121605
121609
121614
121616
121617
121619
121620
121621
121629
121632
121635
121636
121640
121645
121647
121648
121650
121651
121652
121660
121663
121666
121667
121671
121676
121678
121679
121681
121682
121683
121691
121694
121697
121698
121702
121707
121709
121710
121712
121713
121714
121722
121725
121728
121729
121733
121738
121739
121740
121741
121742
121743
121766
121768
121769
121770
121771
121772
121773
121776
121779
121788
121789
121790
121791
121792
121793
121796
121797
121799
121801
121803
121809
121810
121813
121814
121816
121817
121819
121823
121824
121832
121834
121835
121837
121838
121841
121845
121848
121849
121850
121852
121858
121862
121865
121868
121869
121871
121872
121874
121880
121884
121889
121890
121891
121892
121893
121894
121897
121898
121903
121904
121905
121906
121907
121908
121911
121912
121914
121916
121918
121924
121925
121928
121929
121931
121932
121934
121938
121939
121947
121949
121950
121952
121953
121956
121960
121963
121964
121965
121967
121973
121977
121980
121983
121984
121986
121987
121989
121995
121999
122004
122005
122006
122007
122008
122009
122012
122013
122015
122022
122023
122024
122025
122026
122027
122030
122031
122033
122035
122037
122043
122044
122047
122048
122050
122051
122053
122057
122058
122066
122068
122069
122071
122072
122075
122079
122082
122083
122084
122086
122092
122096
122099
122102
122103
122105
122106
122108
122114
122118
122123
122124
122125
122126
122127
122128
122131
122132
122137
122138
122139
122140
122141
122142
122145
122146
122148
122150
122152
122158
122159
122162
122163
122165
122166
122168
122172
122173
122181
122183
122184
122186
122187
122190
122194
122197
122198
122199
122201
122207
122211
122214
122217
122218
122220
122221
122223
122229
122233
122238
122239
122240
122241
122242
122243
122246
122247
122249
122251
122255
122259
122262
122268
122271
122278
122281
122282
122284
122290
122294
122316
122319
122326
122329
122330
122332
122338
122342
122364
122366
122368
122370
122373
122379
122382
122389
122392
122393
122395
122401
122405
122427
122430
122437
122440
122441
122443
122449
122453
122475
122477
122479
122481
122484
122490
122493
122500
122503
122504
122506
122512
122516
122538
122541
122548
122551
122552
122554
122560
122564
122586
122588
122590
122592
122595
122601
122604
122611
122614
122615
122617
122623
122627
122649
122652
122659
122662
122663
122665
122671
122675
122697
122699
122701
122703
122706
122712
122715
122722
122725
122726
122728
122734
122738
122760
122763
122770
122773
122774
122776
122782
122786
122808
122810
122812
122814
122817
122823
122826
122833
122836
122837
122839
122845
122849
122871
122874
122881
122884
122885
122887
122893
122897
122919
122921
122923
122926
122929
122930
122931
122932
122933
122934
122935
122937
122942
122951
122954
122975
122979
122982
123003
123007
123009
123015
123021
123030
123031
123032
123034
123035
123036
123037
123038
123039
123040
123046
123047
123049
123050
123051
123059
123062
123065
123066
123070
123075
123077
123078
123080
123081
123082
123090
123093
123096
123097
123101
123106
123108
123109
123111
123112
123113
123121
123124
123127
123128
123132
123137
123139
123140
123142
123143
123144
123152
123155
123158
123159
123163
123168
123170
123171
123173
123174
123175
123183
123186
123189
123190
123194
123199
123201
123202
123204
123205
123206
123214
123217
123220
123221
123225
123230
123232
123233
123235
123236
123237
123245
123248
123251
123252
123256
123261
123263
123264
123266
123267
123268
123276
123279
123282
123283
123287
123292
123293
123294
123295
123296
123297
123346
123366
123371
123375
123379
123385
123394
123398
123402
123403
123404
123408
123409
123410
123411
123412
123413
123414
123415
123418
123420
123421
123423
123424
123426
123427
123428
123430
123432
123437
123455
123460
123464
123465
123466
123467
123470
123471
123472
123474
123475
123476
123477
123478
123479
123480
123481
123482
123483
123488
123491
123499
123510
123514
123517
123525
123536
123540
123541
123542
123543
123544
123545
123546
123547
123548
123550
123554
123555
123557
123558
123566
123572
123574
123575
123583
123589
123591
123592
123593
123594
123595
123596
123597
123598
123599
123600
123601
123602
123603
123604
123606
123607
123609
123610
123616
123618
123619
123625
123627
123629
123634
123635
123641
123642
123643
123644
123645
123646
123649
123650
123651
123659
123662
123665
123669
123670
123671
123672
123680
123683
123686
123690
123691
123692
123693
123701
123704
123707
123711
123712
123713
123714
123722
123725
123728
123732
123733
123734
123735
123746
123751
123753
123755
123756
123762
123764
123766
123767
123768
123769
123770
123771
123772
123773
123774
123775
123776
123777
123778
123779
123780
123781
123782
123783
123784
123785
123786
123789
123790
123791
123792
123794
123795
123796
123797
123798
123799
123800
123803
123804
123807
123811
123816
123819
123824
123827
123832
123835
123840
123843
123848
123851
123856
123859
123864
123867
123872
123873
123875
123876
123877
123878
123879
123880
123881
123882
123883
123884
123885
123886
123887
123890
123891
123894
123898
123903
123906
123911
123914
123919
123922
123927
123930
123935
123938
123943
123946
123951
123954
123959
123960
123962
123963
123964
123965
123968
123969
123975
123976
123979
123980
123981
123982
123983
123984
123985
123989
123990
123997
123998
124005
124008
124012
124013
124020
124023
124027
124028
124032
124036
124038
124039
124048
124049
124050
124051
124052
124053
124056
124057
124058
124066
124069
124072
124076
124077
124078
124079
124087
124090
124093
124097
124098
124099
124100
124108
124111
124114
124118
124119
124120
124121
124129
124132
124135
124139
124140
124141
124142
124145
124150
124165
124170
124175
124180
124184
124188
124190
124191
124200
124204
124208
124209
124210
124211
124215
124216
124217
124218
124219
124220
124221
124222
124225
124226
124229
124233
124238
124241
124246
124249
124254
124257
124262
124265
124270
124273
124278
124281
124286
124289
124294
124295
124297
124298
124299
124300
124301
124302
124303
124304
124305
124308
124311
124312
124313
124314
124315
124317
124318
124320
124321
124324
124325
124331
124333
124334
124337
124338
124344
124346
124347
124348
124349
124350
124351
124352
124353
124354
124355
124356
124357
124358
124359
124361
124362
124364
124365
124371
124373
124374
124380
124382
124384
124389
124390
124396
124397
124398
124399
124400
124401
124409
124412
124415
124416
124417
124418
124426
124429
124432
124433
124435
124436
124447
124452
124454
124456
124457
124463
124465
124467
124468
124469
124470
124471
124472
124473
124474
124475
124476
124477
124478
124479
124480
124481
124482
124483
124484
124485
124486
124487
124490
124491
124492
124493
124495
124496
124497
124498
124499
124500
124501
124504
124505
124508
124512
124517
124520
124525
124528
124533
124536
124541
124542
124544
124545
124546
124547
124548
124549
124550
124551
124552
124553
124554
124555
124556
124559
124560
124563
124567
124572
124575
124580
124583
124588
124591
124596
124597
124599
124600
124601
124602
124607
124613
124614
124617
124618
124619
124620
124621
124622
124623
124624
124625
124634
124636
124639
124650
124652
124655
124666
124668
124670
124674
124676
124677
124684
124685
124686
124687
124688
124689
124697
124700
124703
124704
124705
124706
124714
124717
124720
124721
124723
124724
124749
124756
124761
124765
124767
124769
124770
124777
124781
124783
124784
124785
124789
124790
124791
124792
124793
124794
124795
124796
124799
124800
124803
124807
124812
124815
124820
124823
124828
124831
124836
124837
124839
124840
124841
124842
124843
124844
124845
124846
124847
124850
124853
124854
124855
124856
124857
124859
124861
124863
124866
124867
124874
124876
124878
124881
124882
124889
124891
124892
124893
124894
124895
124896
124897
124898
124899
124900
124901
124902
124903
124905
124906
124908
124914
124916
124922
124924
124927
124939
124940
124941
124942
124943
124944
124952
124955
124958
124959
124960
124971
124976
124979
124981
124993
124996
124998
124999
125000
125001
125002
125003
125004
125005
125006
125007
125008
125009
125010
125011
125012
125013
125014
125015
125016
125017
125018
125021
125022
125023
125025
125026
125027
125028
125029
125030
125031
125034
125035
125038
125042
125047
125050
125055
125056
125058
125059
125060
125061
125062
125063
125064
125065
125066
125067
125068
125069
125070
125073
125074
125077
125081
125086
125089
125094
125095
125097
125098
125099
125100
125105
125111
125112
125115
125116
125117
125118
125119
125120
125121
125122
125123
125132
125134
125147
125149
125162
125164
125167
125169
125173
125174
125175
125176
125177
125178
125186
125189
125192
125193
125194
125219
125227
125229
125233
125235
125237
125241
125245
125247
125248
125249
125253
125254
125255
125256
125257
125258
125259
125262
125263
125266
125270
125275
125278
125283
125284
125286
125287
125288
125289
125290
125291
125292
125293
125294
125297
125300
125301
125302
125303
125304
125308
125310
125313
125314
125322
125324
125326
125329
125330
125338
125340
125341
125342
125343
125344
125345
125346
125347
125348
125349
125350
125351
125352
125354
125355
125357
125363
125365
125371
125373
125376
125388
125389
125390
125391
125392
125393
125401
125404
125407
125408
125409
125420
125425
125428
125430
125442
125445
125447
125448
125449
125450
125451
125452
125453
125454
125455
125456
125457
125458
125459
125460
125461
125462
125463
125464
125465
125466
125467
125470
125471
125472
125474
125475
125476
125477
125478
125479
125480
125483
125484
125487
125491
125496
125499
125504
125505
125507
125508
125509
125510
125511
125512
125513
125514
125515
125516
125517
125518
125519
125522
125523
125526
125530
125535
125538
125543
125544
125546
125547
125548
125549
125554
125560
125561
125564
125565
125566
125567
125568
125569
125570
125571
125572
125581
125583
125596
125598
125611
125613
125616
125618
125622
125623
125624
125625
125626
125627
125635
125638
125641
125642
125643
125668
125676
125678
125682
125684
125686
125690
125694
125696
125697
125698
125702
125703
125704
125705
125706
125707
125708
125711
125712
125715
125719
125724
125727
125732
125733
125735
125736
125737
125738
125739
125740
125741
125742
125743
125746
125749
125750
125751
125752
125753
125757
125759
125762
125763
125771
125773
125775
125778
125779
125787
125789
125790
125791
125792
125793
125794
125795
125796
125797
125798
125799
125800
125801
125803
125804
125806
125812
125814
125820
125822
125825
125837
125838
125839
125840
125841
125842
125850
125853
125856
125857
125858
125869
125874
125877
125879
125891
125894
125896
125897
125898
125899
125900
125901
125902
125903
125904
125905
125906
125907
125908
125909
125910
125911
125912
125913
125914
125915
125916
125919
125920
125921
125923
125924
125925
125926
125927
125928
125929
125932
125933
125936
125940
125945
125948
125953
125954
125956
125957
125958
125959
125960
125961
125962
125963
125964
125965
125966
125967
125968
125971
125972
125975
125979
125984
125987
125992
125993
125995
125996
125997
125998
126003
126009
126010
126013
126014
126015
126016
126017
126018
126019
126020
126021
126030
126032
126045
126047
126060
126062
126065
126067
126071
126072
126073
126074
126075
126076
126084
126087
126090
126091
126092
126117
126125
126127
126131
126133
126135
126139
126143
126145
126146
126147
126151
126152
126153
126154
126155
126156
126157
126160
126161
126164
126168
126173
126176
126181
126182
126184
126185
126186
126187
126188
126189
126190
126191
126192
126195
126198
126199
126200
126201
126202
126206
126208
126211
126212
126220
126222
126224
126227
126228
126236
126238
126239
126240
126241
126242
126243
126244
126245
126246
126247
126248
126249
126250
126252
126253
126255
126261
126263
126269
126271
126274
126286
126287
126288
126289
126290
126291
126299
126302
126305
126306
126307
126318
126323
126326
126328
126340
126343
126345
126346
126347
126348
126349
126350
126351
126352
126353
126354
126355
126356
126357
126358
126359
126360
126361
126362
126363
126364
126365
126368
126369
126370
126372
126373
126374
126375
126376
126377
126378
126381
126382
126385
126389
126394
126397
126402
126403
126405
126406
126407
126408
126409
126410
126411
126412
126413
126414
126415
126416
126417
126420
126421
126424
126428
126433
126436
126441
126442
126444
126445
126446
126447
126452
126458
126459
126462
126463
126464
126465
126466
126467
126468
126469
126470
126479
126481
126494
126496
126509
126511
126514
126516
126520
126521
126522
126523
126524
126525
126533
126536
126539
126540
126541
126566
126574
126576
126580
126582
126584
126588
126592
126594
126595
126596
126600
126601
126602
126603
126604
126605
126606
126609
126610
126613
126617
126622
126625
126630
126631
126633
126634
126635
126636
126637
126638
126639
126640
126641
126644
126647
126648
126649
126650
126651
126654
126656
126659
126661
126666
126667
126668
126670
126673
126675
126680
126681
126682
126684
126685
126686
126687
126688
126689
126697
126702
126716
126720
126725
126739
126743
126744
126745
126746
126747
126748
126749
126750
126755
126756
126757
126758
126759
126760
126763
126765
126766
126768
126769
126771
126772
126773
126775
126777
126782
126800
126805
126809
126810
126811
126812
126815
126816
126817
126819
126820
126821
126822
126823
126827
126828
126829
126836
126839
126843
126846
126847
126848
126849
126850
126851
126852
126853
126857
126861
126863
126864
126884
126894
126896
126897
126917
126927
126929
126930
126933
126934
126935
126936
126937
126938
126939
126941
126946
126955
126958
126979
126983
126986
127007
127011
127013
127019
127025
127034
127035
127036
127038
127039
127040
127041
127042
127043
127044
127050
127051
127053
127054
127055
127063
127066
127069
127070
127074
127079
127081
127082
127084
127085
127086
127094
127097
127100
127101
127105
127110
127112
127113
127115
127116
127117
127125
127128
127131
127132
127136
127141
127143
127144
127146
127147
127148
127156
127159
127162
127163
127167
127172
127174
127175
127177
127178
127179
127187
127190
127193
127194
127198
127203
127205
127206
127208
127209
127210
127218
127221
127224
127225
127229
127234
127236
127237
127239
127240
127241
127249
127252
127255
127256
127260
127265
127267
127268
127270
127271
127272
127280
127283
127286
127287
127291
127296
127297
127298
127299
127300
127301
127350
127370
127375
127379
127383
127389
127398
127402
127406
127407
127408
127412
127413
127414
127415
127416
127417
127418
127419
127422
127424
127425
127427
127428
127430
127431
127432
127434
127436
127441
127459
127464
127468
127469
127470
127471
127474
127475
127476
127478
127479
127480
127481
127482
127483
127484
127485
127486
127493
127497
127498
127501
127508
127511
127512
127513
127514
127516
127522
127526
127529
127530
127532
127538
127541
127542
127543
127544
127546
127552
127556
127559
127560
127562
127568
127569
127570
127571
127572
127573
127574
127575
127576
127577
127578
127580
127585
127594
127597
127618
127622
127625
127646
127650
127652
127658
127664
127673
127674
127675
127677
127678
127679
127680
127681
127682
127683
127689
127690
127692
127693
127694
127702
127705
127708
127709
127713
127718
127720
127721
127723
127724
127725
127733
127736
127739
127740
127744
127749
127751
127752
127754
127755
127756
127764
127767
127770
127771
127775
127780
127782
127783
127785
127786
127787
127795
127798
127801
127802
127806
127811
127813
127814
127816
127817
127818
127826
127829
127832
127833
127837
127842
127844
127845
127847
127848
127849
127857
127860
127863
127864
127868
127873
127875
127876
127878
127879
127880
127888
127891
127894
127895
127899
127904
127906
127907
127909
127910
127911
127919
127922
127925
127926
127930
127935
127936
127937
127938
127939
127940
127989
128009
128014
128018
128022
128028
128037
128041
128045
128046
128047
128051
128052
128053
128054
128055
128056
128057
128058
128061
128063
128064
128066
128067
128069
128070
128071
128073
128075
128080
128098
128103
128107
128108
128109
128110
128113
128114
128115
128117
128118
128119
128120
128121
128122
128123
128124
128125
128126
128131
128149
128151
128169
128171
128172
128174
128180
128183
128184
128185
128186
128188
128194
128198
128201
128202
128204
128210
128213
128214
128215
128216
128218
128224
128228
128231
128232
128234
128240
128241
128242
128243
128244
128245
128246
128247
128248
128249
128250
128251
128252
128254
128255
128256
128258
128259
128271
128273
128274
128286
128288
128290
128295
128296
128302
128303
128304
128306
128307
128308
128309
128310
128311
128312
128318
128319
128321
128322
128323
128331
128334
128337
128338
128342
128347
128349
128350
128352
128353
128354
128362
128365
128368
128369
128373
128378
128380
128381
128383
128384
128385
128393
128396
128399
128400
128404
128409
128411
128412
128414
128415
128416
128424
128427
128430
128431
128435
128440
128442
128443
128445
128446
128447
128455
128458
128461
128462
128466
128471
128473
128474
128476
128477
128478
128486
128489
128492
128493
128497
128502
128504
128505
128507
128508
128509
128517
128520
128523
128524
128528
128533
128535
128536
128538
128539
128540
128548
128551
128554
128555
128559
128564
128565
128566
128567
128568
128569
128590
128595
128597
128599
128600
128606
128608
128610
128611
128612
128613
128614
128615
128616
128617
128618
128619
128620
128621
128622
128623
128624
128625
128626
128627
128629
128634
128643
128646
128667
128671
128674
128695
128699
128701
128707
128713
128722
128723
128724
128726
128727
128728
128729
128730
128731
128732
128738
128739
128741
128742
128743
128751
128754
128757
128758
128762
128767
128769
128770
128772
128773
128774
128782
128785
128788
128789
128793
128798
128800
128801
128803
128804
128805
128813
128816
128819
128820
128824
128829
128831
128832
128834
128835
128836
128844
128847
128850
128851
128855
128860
128862
128863
128865
128866
128867
128875
128878
128881
128882
128886
128891
128893
128894
128896
128897
128898
128906
128909
128912
128913
128917
128922
128924
128925
128927
128928
128929
128937
128940
128943
128944
128948
128953
128955
128956
128958
128959
128960
128968
128971
128974
128975
128979
128984
128985
128986
128987
128988
128989
129038
129058
129063
129067
129071
129077
129086
129090
129094
129095
129096
129100
129101
129102
129103
129104
129105
129106
129107
129110
129112
129113
129115
129116
129118
129119
129120
129122
129124
129129
129147
129152
129156
129157
129158
129159
129162
129163
129164
129166
129167
129168
129169
129170
129171
129172
129173
129174
129181
129185
129189
129190
129193
129200
129203
129204
129205
129206
129208
129214
129218
129221
129222
129224
129230
129233
129234
129235
129236
129238
129244
129248
129251
129252
129254
129260
129261
129262
129263
129264
129265
129266
129267
129268
129269
129270
129272
129277
129286
129289
129310
129314
129317
129338
129342
129344
129350
129356
129365
129366
129367
129369
129370
129371
129372
129373
129374
129375
129381
129382
129384
129385
129386
129394
129397
129400
129401
129405
129410
129412
129413
129415
129416
129417
129425
129428
129431
129432
129436
129441
129443
129444
129446
129447
129448
129456
129459
129462
129463
129467
129472
129474
129475
129477
129478
129479
129487
129490
129493
129494
129498
129503
129505
129506
129508
129509
129510
129518
129521
129524
129525
129529
129534
129536
129537
129539
129540
129541
129549
129552
129555
129556
129560
129565
129567
129568
129570
129571
129572
129580
129583
129586
129587
129591
129596
129598
129599
129601
129602
129603
129611
129614
129617
129618
129622
129627
129628
129629
129630
129631
129632
129681
129701
129706
129710
129714
129720
129729
129733
129737
129738
129739
129743
129744
129745
129746
129747
129748
129749
129750
129753
129755
129756
129758
129759
129761
129762
129763
129765
129767
129772
129790
129795
129799
129800
129801
129802
129805
129806
129807
129809
129810
129811
129812
129813
129814
129815
129816
129817
129818
129823
129841
129843
129861
129863
129864
129866
129872
129875
129876
129877
129878
129880
129886
129890
129893
129894
129896
129902
129905
129906
129907
129908
129910
129916
129920
129923
129924
129926
129932
129933
129934
129935
129936
129937
129938
129939
129940
129941
129942
129943
129944
129946
129947
129948
129950
129951
129963
129965
129966
129978
129980
129982
129987
129988
129994
129995
129996
129998
129999
130000
130001
130002
130003
130004
130010
130011
130013
130014
130015
130023
130026
130029
130030
130034
130039
130041
130042
130044
130045
130046
130054
130057
130060
130061
130065
130070
130072
130073
130075
130076
130077
130085
130088
130091
130092
130096
130101
130103
130104
130106
130107
130108
130116
130119
130122
130123
130127
130132
130134
130135
130137
130138
130139
130147
130150
130153
130154
130158
130163
130165
130166
130168
130169
130170
130178
130181
130184
130185
130189
130194
130196
130197
130199
130200
130201
130209
130212
130215
130216
130220
130225
130227
130228
130230
130231
130232
130240
130243
130246
130247
130251
130256
130257
130258
130259
130260
130261
130282
130287
130289
130291
130292
130298
130300
130302
130303
130304
130305
130306
130307
130308
130309
130310
130311
130312
130313
130314
130315
130316
130317
130318
130319
130321
130326
130335
130338
130359
130363
130366
130387
130391
130393
130399
130405
130414
130415
130416
130418
130419
130420
130421
130422
130423
130424
130430
130431
130433
130434
130435
130443
130446
130449
130450
130454
130459
130461
130462
130464
130465
130466
130474
130477
130480
130481
130485
130490
130492
130493
130495
130496
130497
130505
130508
130511
130512
130516
130521
130523
130524
130526
130527
130528
130536
130539
130542
130543
130547
130552
130554
130555
130557
130558
130559
130567
130570
130573
130574
130578
130583
130585
130586
130588
130589
130590
130598
130601
130604
130605
130609
130614
130616
130617
130619
130620
130621
130629
130632
130635
130636
130640
130645
130647
130648
130650
130651
130652
130660
130663
130666
130667
130671
130676
130677
130678
130679
130680
130681
130730
130750
130755
130759
130763
130769
130778
130782
130786
130787
130788
130792
130793
130794
130795
130796
130797
130798
130799
130802
130804
130805
130807
130808
130810
130811
130812
130814
130816
130821
130839
130844
130848
130849
130850
130851
130854
130855
130856
130858
130859
130860
130861
130862
130863
130864
130865
130866
130873
130877
130881
130882
130885
130892
130895
130896
130897
130898
130900
130906
130910
130913
130914
130916
130922
130925
130926
130927
130928
130930
130936
130940
130943
130944
130946
130952
130953
130954
130955
130956
130957
130958
130959
130960
130961
130962
130964
130969
130978
130981
131002
131006
131009
131030
131034
131036
131042
131048
131057
131058
131059
131061
131062
131063
131064
131065
131066
131067
131073
131074
131076
131077
131078
131086
131089
131092
131093
131097
131102
131104
131105
131107
131108
131109
131117
131120
131123
131124
131128
131133
131135
131136
131138
131139
131140
131148
131151
131154
131155
131159
131164
131166
131167
131169
131170
131171
131179
131182
131185
131186
131190
131195
131197
131198
131200
131201
131202
131210
131213
131216
131217
131221
131226
131228
131229
131231
131232
131233
131241
131244
131247
131248
131252
131257
131259
131260
131262
131263
131264
131272
131275
131278
131279
131283
131288
131290
131291
131293
131294
131295
131303
131306
131309
131310
131314
131319
131320
131321
131322
131323
131324
131373
131393
131398
131402
131406
131412
131421
131425
131429
131430
131431
131435
131436
131437
131438
131439
131440
131441
131442
131445
131447
131448
131450
131451
131453
131454
131455
131457
131459
131464
131482
131487
131491
131492
131493
131494
131497
131498
131499
131501
131502
131503
131504
131505
131506
131507
131508
131509
131510
131515
131533
131535
131553
131555
131556
131558
131564
131567
131568
131569
131570
131572
131578
131582
131585
131586
131588
131594
131597
131598
131599
131600
131602
131608
131612
131615
131616
131618
131624
131625
131626
131627
131628
131629
131630
131631
131632
131633
131634
131635
131636
131638
131639
131640
131642
131643
131655
131657
131658
131670
131672
131674
131679
131680
131686
131687
131688
131690
131691
131692
131693
131694
131695
131696
131702
131703
131705
131706
131707
131715
131718
131721
131722
131726
131731
131733
131734
131736
131737
131738
131746
131749
131752
131753
131757
131762
131764
131765
131767
131768
131769
131777
131780
131783
131784
131788
131793
131795
131796
131798
131799
131800
131808
131811
131814
131815
131819
131824
131826
131827
131829
131830
131831
131839
131842
131845
131846
131850
131855
131857
131858
131860
131861
131862
131870
131873
131876
131877
131881
131886
131888
131889
131891
131892
131893
131901
131904
131907
131908
131912
131917
131919
131920
131922
131923
131924
131932
131935
131938
131939
131943
131948
131949
131950
131951
131952
131953
131974
131979
131981
131983
131984
131990
131992
131994
131995
131996
131997
131998
131999
132000
132001
132002
132003
132004
132005
132006
132007
132008
132009
132010
132011
132013
132018
132027
132030
132051
132055
132058
132079
132083
132085
132091
132097
132106
132107
132108
132110
132111
132112
132113
132114
132115
132116
132122
132123
132125
132126
132127
132135
132138
132141
132142
132146
132151
132153
132154
132156
132157
132158
132166
132169
132172
132173
132177
132182
132184
132185
132187
132188
132189
132197
132200
132203
132204
132208
132213
132215
132216
132218
132219
132220
132228
132231
132234
132235
132239
132244
132246
132247
132249
132250
132251
132259
132262
132265
132266
132270
132275
132277
132278
132280
132281
132282
132290
132293
132296
132297
132301
132306
132308
132309
132311
132312
132313
132321
132324
132327
132328
132332
132337
132339
132340
132342
132343
132344
132352
132355
132358
132359
132363
132368
132369
132370
132371
132372
132373
132422
132442
132447
132451
132455
132461
132470
132474
132478
132479
132480
132484
132485
132486
132487
132488
132489
132490
132491
132494
132496
132497
132499
132500
132502
132503
132504
132506
132508
132513
132531
132536
132540
132541
132542
132543
132546
132547
132548
132550
132551
132552
132553
132554
132555
132556
132557
132558
132565
132569
132573
132574
132577
132584
132587
132588
132589
132590
132592
132598
132602
132605
132606
132608
132614
132617
132618
132619
132620
132622
132628
132632
132635
132636
132638
132644
132645
132646
132647
132648
132649
132650
132651
132652
132653
132654
132656
132661
132670
132673
132694
132698
132701
132722
132726
132728
132734
132740
132749
132750
132751
132753
132754
132755
132756
132757
132758
132759
132765
132766
132768
132769
132770
132778
132781
132784
132785
132789
132794
132796
132797
132799
132800
132801
132809
132812
132815
132816
132820
132825
132827
132828
132830
132831
132832
132840
132843
132846
132847
132851
132856
132858
132859
132861
132862
132863
132871
132874
132877
132878
132882
132887
132889
132890
132892
132893
132894
132902
132905
132908
132909
132913
132918
132920
132921
132923
132924
132925
132933
132936
132939
132940
132944
132949
132951
132952
132954
132955
132956
132964
132967
132970
132971
132975
132980
132982
132983
132985
132986
132987
132995
132998
133001
133002
133006
133011
133012
133013
133014
133015
133016
133065
133085
133090
133094
133098
133104
133113
133117
133121
133122
133123
133127
133128
133129
133130
133131
133132
133133
133134
133137
133139
133140
133142
133143
133145
133146
133147
133149
133151
133156
133174
133179
133183
133184
133185
133186
133189
133190
133191
133193
133194
133195
133196
133197
133198
133199
133200
133201
133202
133207
133225
133227
133245
133247
133248
133250
133256
133259
133260
133261
133262
133264
133270
133274
133277
133278
133280
133286
133289
133290
133291
133292
133294
133300
133304
133307
133308
133310
133316
133317
133318
133319
133320
133321
133322
133323
133324
133325
133326
133327
133328
133330
133331
133332
133334
133335
133347
133349
133350
133362
133364
133366
133371
133372
133378
133379
133380
133382
133383
133384
133385
133386
133387
133388
133394
133395
133397
133398
133399
133407
133410
133413
133414
133418
133423
133425
133426
133428
133429
133430
133438
133441
133444
133445
133449
133454
133456
133457
133459
133460
133461
133469
133472
133475
133476
133480
133485
133487
133488
133490
133491
133492
133500
133503
133506
133507
133511
133516
133518
133519
133521
133522
133523
133531
133534
133537
133538
133542
133547
133549
133550
133552
133553
133554
133562
133565
133568
133569
133573
133578
133580
133581
133583
133584
133585
133593
133596
133599
133600
133604
133609
133611
133612
133614
133615
133616
133624
133627
133630
133631
133635
133640
133641
133642
133643
133644
133645
133666
133671
133673
133675
133676
133682
133684
133686
133687
133688
133689
133690
133691
133692
133693
133694
133695
133696
133697
133698
133699
133700
133701
133702
133703
133705
133710
133719
133722
133743
133747
133750
133771
133775
133777
133783
133789
133798
133799
133800
133802
133803
133804
133805
133806
133807
133808
133814
133815
133817
133818
133819
133827
133830
133833
133834
133838
133843
133845
133846
133848
133849
133850
133858
133861
133864
133865
133869
133874
133876
133877
133879
133880
133881
133889
133892
133895
133896
133900
133905
133907
133908
133910
133911
133912
133920
133923
133926
133927
133931
133936
133938
133939
133941
133942
133943
133951
133954
133957
133958
133962
133967
133969
133970
133972
133973
133974
133982
133985
133988
133989
133993
133998
134000
134001
134003
134004
134005
134013
134016
134019
134020
134024
134029
134031
134032
134034
134035
134036
134044
134047
134050
134051
134055
134060
134061
134062
134063
134064
134065
134114
134134
134139
134143
134147
134153
134162
134166
134170
134171
134172
134176
134177
134178
134179
134180
134181
134182
134183
134186
134188
134189
134191
134192
134194
134195
134196
134198
134200
134205
134223
134228
134232
134233
134234
134235
134238
134239
134240
134242
134243
134244
134245
134246
134247
134248
134249
134250
134257
134261
134265
134266
134269
134276
134279
134280
134281
134282
134284
134290
134294
134297
134298
134300
134306
134309
134310
134311
134312
134314
134320
134324
134327
134328
134330
134336
134337
134338
134339
134340
134341
134342
134343
134344
134345
134346
134348
134353
134362
134365
134386
134390
134393
134414
134418
134420
134426
134432
134441
134442
134443
134445
134446
134447
134448
134449
134450
134451
134457
134458
134460
134461
134462
134470
134473
134476
134477
134481
134486
134488
134489
134491
134492
134493
134501
134504
134507
134508
134512
134517
134519
134520
134522
134523
134524
134532
134535
134538
134539
134543
134548
134550
134551
134553
134554
134555
134563
134566
134569
134570
134574
134579
134581
134582
134584
134585
134586
134594
134597
134600
134601
134605
134610
134612
134613
134615
134616
134617
134625
134628
134631
134632
134636
134641
134643
134644
134646
134647
134648
134656
134659
134662
134663
134667
134672
134674
134675
134677
134678
134679
134687
134690
134693
134694
134698
134703
134704
134705
134706
134707
134708
134757
134777
134782
134786
134790
134796
134805
134809
134813
134814
134815
134819
134820
134821
134822
134823
134824
134825
134826
134829
134831
134832
134834
134835
134837
134838
134839
134841
134843
134848
134866
134871
134875
134876
134877
134878
134881
134882
134883
134885
134886
134887
134888
134889
134890
134891
134892
134893
134894
134899
134917
134919
134937
134939
134940
134942
134948
134951
134952
134953
134954
134956
134962
134966
134969
134970
134972
134978
134981
134982
134983
134984
134986
134992
134996
134999
135000
135002
135008
135009
135010
135011
135012
135013
135014
135015
135016
135017
135018
135019
135020
135022
135023
135024
135026
135027
135039
135041
135042
135054
135056
135058
135063
135064
135070
135071
135072
135074
135075
135076
135077
135078
135079
135080
135086
135087
135089
135090
135091
135099
135102
135105
135106
135110
135115
135117
135118
135120
135121
135122
135130
135133
135136
135137
135141
135146
135148
135149
135151
135152
135153
135161
135164
135167
135168
135172
135177
135179
135180
135182
135183
135184
135192
135195
135198
135199
135203
135208
135210
135211
135213
135214
135215
135223
135226
135229
135230
135234
135239
135241
135242
135244
135245
135246
135254
135257
135260
135261
135265
135270
135272
135273
135275
135276
135277
135285
135288
135291
135292
135296
135301
135303
135304
135306
135307
135308
135316
135319
135322
135323
135327
135332
135333
135334
135335
135336
135337
135358
135363
135365
135367
135368
135374
135376
135378
135379
135380
135381
135382
135383
135384
135385
135386
135387
135388
135389
135390
135391
135392
135393
135394
135395
135397
135402
135411
135414
135435
135439
135442
135463
135467
135469
135475
135481
135490
135491
135492
135494
135495
135496
135497
135498
135499
135500
135506
135507
135509
135510
135511
135519
135522
135525
135526
135530
135535
135537
135538
135540
135541
135542
135550
135553
135556
135557
135561
135566
135568
135569
135571
135572
135573
135581
135584
135587
135588
135592
135597
135599
135600
135602
135603
135604
135612
135615
135618
135619
135623
135628
135630
135631
135633
135634
135635
135643
135646
135649
135650
135654
135659
135661
135662
135664
135665
135666
135674
135677
135680
135681
135685
135690
135692
135693
135695
135696
135697
135705
135708
135711
135712
135716
135721
135723
135724
135726
135727
135728
135736
135739
135742
135743
135747
135752
135753
135754
135755
135756
135757
135806
135826
135831
135835
135839
135845
135854
135858
135862
135863
135864
135868
135869
135870
135871
135872
135873
135874
135875
135878
135880
135881
135883
135884
135886
135887
135888
135890
135892
135897
135915
135920
135924
135925
135926
135927
135930
135931
135932
135934
135935
135936
135937
135938
135939
135940
135941
135942
135949
135951
135952
135956
135966
135968
135978
135980
135981
135982
135983
135984
135985
135986
135987
135988
135989
135990
135992
135997
136006
136009
136030
136034
136037
136058
136062
136064
136070
136076
136085
136086
136087
136089
136090
136091
136092
136093
136094
136095
136101
136102
136104
136105
136106
136114
136117
136120
136121
136125
136130
136132
136133
136135
136136
136137
136145
136148
136151
136152
136156
136161
136163
136164
136166
136167
136168
136176
136179
136182
136183
136187
136192
136194
136195
136197
136198
136199
136207
136210
136213
136214
136218
136223
136225
136226
136228
136229
136230
136238
136241
136244
136245
136249
136254
136256
136257
136259
136260
136261
136269
136272
136275
136276
136280
136285
136287
136288
136290
136291
136292
136300
136303
136306
136307
136311
136316
136318
136319
136321
136322
136323
136331
136334
136337
136338
136342
136347
136348
136349
136350
136351
136352
136401
136421
136426
136430
136434
136440
136449
136453
136457
136458
136459
136463
136464
136465
136466
136467
136468
136469
136470
136473
136475
136476
136478
136479
136481
136482
136483
136485
136487
136492
136510
136515
136519
136520
136521
136522
136525
136526
136527
136529
136530
136531
136532
136533
136534
136535
136536
136537
136542
136560
136562
136580
136582
136584
136586
136591
136593
136594
136596
136597
136602
136603
136608
136609
136612
136614
136619
136621
136622
136624
136625
136630
136631
136636
136637
136640
136642
136643
136644
136645
136646
136647
136648
136652
136653
136654
136655
136656
136657
136658
136659
136660
136661
136663
136664
136665
136667
136668
136680
136682
136683
136695
136697
136699
136704
136705
136711
136712
136713
136715
136716
136717
136718
136719
136720
136721
136727
136728
136730
136731
136732
136740
136743
136746
136747
136751
136756
136758
136759
136761
136762
136763
136771
136774
136777
136778
136782
136787
136789
136790
136792
136793
136794
136802
136805
136808
136809
136813
136818
136820
136821
136823
136824
136825
136833
136836
136839
136840
136844
136849
136851
136852
136854
136855
136856
136864
136867
136870
136871
136875
136880
136882
136883
136885
136886
136887
136895
136898
136901
136902
136906
136911
136913
136914
136916
136917
136918
136926
136929
136932
136933
136937
136942
136944
136945
136947
136948
136949
136957
136960
136963
136964
136968
136973
136974
136975
136976
136977
136978
136999
137004
137006
137008
137009
137015
137017
137019
137020
137021
137022
137023
137024
137025
137026
137029
137036
137037
137054
137058
137064
137068
137084
137085
137100
137104
137105
137122
137126
137132
137136
137152
137153
137168
137172
137173
137174
137175
137176
137178
137179
137180
137181
137182
137183
137185
137190
137199
137202
137223
137227
137230
137251
137255
137257
137263
137269
137278
137279
137280
137282
137283
137284
137285
137286
137287
137288
137294
137295
137297
137298
137299
137307
137310
137313
137314
137318
137323
137325
137326
137328
137329
137330
137338
137341
137344
137345
137349
137354
137356
137357
137359
137360
137361
137369
137372
137375
137376
137380
137385
137387
137388
137390
137391
137392
137400
137403
137406
137407
137411
137416
137418
137419
137421
137422
137423
137431
137434
137437
137438
137442
137447
137449
137450
137452
137453
137454
137462
137465
137468
137469
137473
137478
137480
137481
137483
137484
137485
137493
137496
137499
137500
137504
137509
137511
137512
137514
137515
137516
137524
137527
137530
137531
137535
137540
137541
137542
137543
137544
137545
137594
137614
137619
137623
137627
137633
137642
137646
137650
137651
137652
137656
137657
137658
137659
137660
137661
137662
137663
137666
137668
137669
137671
137672
137674
137675
137676
137678
137680
137685
137703
137708
137712
137713
137714
137715
137718
137719
137720
137722
137723
137724
137725
137726
137727
137728
137729
137730
137735
137736
137754
137758
137759
137777
137781
137782
137783
137785
137786
137788
137789
137790
137791
137792
137793
137797
137801
137803
137804
137824
137834
137836
137837
137857
137867
137869
137870
137873
137874
137875
137876
137877
137878
137879
137881
137886
137895
137898
137919
137923
137926
137947
137951
137953
137959
137965
137974
137975
137976
137978
137979
137980
137981
137982
137983
137984
137990
137991
137993
137994
137995
138003
138006
138009
138010
138014
138019
138021
138022
138024
138025
138026
138034
138037
138040
138041
138045
138050
138052
138053
138055
138056
138057
138065
138068
138071
138072
138076
138081
138083
138084
138086
138087
138088
138096
138099
138102
138103
138107
138112
138114
138115
138117
138118
138119
138127
138130
138133
138134
138138
138143
138145
138146
138148
138149
138150
138158
138161
138164
138165
138169
138174
138176
138177
138179
138180
138181
138189
138192
138195
138196
138200
138205
138207
138208
138210
138211
138212
138220
138223
138226
138227
138231
138236
138237
138238
138239
138240
138241
138290
138310
138315
138319
138323
138329
138338
138342
138346
138347
138348
138352
138353
138354
138355
138356
138357
138358
138359
138362
138364
138365
138367
138368
138370
138371
138372
138374
138376
138381
138399
138404
138408
138409
138410
138411
138414
138415
138416
138418
138419
138420
138421
138422
138423
138424
138425
138426
138433
138437
138438
138441
138448
138451
138452
138453
138454
138456
138462
138466
138469
138470
138472
138478
138481
138482
138483
138484
138486
138492
138496
138499
138500
138502
138508
138509
138510
138511
138512
138513
138514
138515
138516
138517
138518
138520
138525
138534
138537
138558
138562
138565
138586
138590
138592
138598
138604
138613
138614
138615
138617
138618
138619
138620
138621
138622
138623
138629
138630
138632
138633
138634
138642
138645
138648
138649
138653
138658
138660
138661
138663
138664
138665
138673
138676
138679
138680
138684
138689
138691
138692
138694
138695
138696
138704
138707
138710
138711
138715
138720
138722
138723
138725
138726
138727
138735
138738
138741
138742
138746
138751
138753
138754
138756
138757
138758
138766
138769
138772
138773
138777
138782
138784
138785
138787
138788
138789
138797
138800
138803
138804
138808
138813
138815
138816
138818
138819
138820
138828
138831
138834
138835
138839
138844
138846
138847
138849
138850
138851
138859
138862
138865
138866
138870
138875
138876
138877
138878
138879
138880
138929
138949
138954
138958
138962
138968
138977
138981
138985
138986
138987
138991
138992
138993
138994
138995
138996
138997
138998
139001
139003
139004
139006
139007
139009
139010
139011
139013
139015
139020
139038
139043
139047
139048
139049
139050
139053
139054
139055
139057
139058
139059
139060
139061
139062
139063
139064
139065
139066
139071
139089
139091
139109
139111
139112
139114
139120
139123
139124
139125
139126
139128
139134
139138
139141
139142
139144
139150
139153
139154
139155
139156
139158
139164
139168
139171
139172
139174
139180
139181
139182
139183
139184
139185
139186
139187
139188
139189
139190
139191
139192
139194
139195
139196
139198
139199
139211
139213
139214
139226
139228
139230
139235
139236
139242
139243
139244
139246
139247
139248
139249
139250
139251
139252
139258
139259
139261
139262
139263
139271
139274
139277
139278
139282
139287
139289
139290
139292
139293
139294
139302
139305
139308
139309
139313
139318
139320
139321
139323
139324
139325
139333
139336
139339
139340
139344
139349
139351
139352
139354
139355
139356
139364
139367
139370
139371
139375
139380
139382
139383
139385
139386
139387
139395
139398
139401
139402
139406
139411
139413
139414
139416
139417
139418
139426
139429
139432
139433
139437
139442
139444
139445
139447
139448
139449
139457
139460
139463
139464
139468
139473
139475
139476
139478
139479
139480
139488
139491
139494
139495
139499
139504
139505
139506
139507
139508
139509
139530
139535
139537
139539
139540
139546
139548
139550
139551
139552
139553
139554
139555
139556
139557
139558
139559
139560
139561
139562
139563
139564
139565
139566
139567
139569
139574
139583
139586
139607
139611
139614
139635
139639
139641
139647
139653
139662
139663
139664
139666
139667
139668
139669
139670
139671
139672
139678
139679
139681
139682
139683
139691
139694
139697
139698
139702
139707
139709
139710
139712
139713
139714
139722
139725
139728
139729
139733
139738
139740
139741
139743
139744
139745
139753
139756
139759
139760
139764
139769
139771
139772
139774
139775
139776
139784
139787
139790
139791
139795
139800
139802
139803
139805
139806
139807
139815
139818
139821
139822
139826
139831
139833
139834
139836
139837
139838
139846
139849
139852
139853
139857
139862
139864
139865
139867
139868
139869
139877
139880
139883
139884
139888
139893
139895
139896
139898
139899
139900
139908
139911
139914
139915
139919
139924
139925
139926
139927
139928
139929
139978
139998
140003
140007
140011
140017
140026
140030
140034
140035
140036
140040
140041
140042
140043
140044
140045
140046
140047
140050
140052
140053
140055
140056
140058
140059
140060
140062
140064
140069
140087
140092
140096
140097
140098
140099
140102
140103
140104
140106
140107
140108
140109
140110
140111
140112
140113
140114
140121
140125
140129
140130
140133
140140
140143
140144
140145
140146
140148
140154
140158
140161
140162
140164
140170
140173
140174
140175
140176
140178
140184
140188
140191
140192
140194
140200
140201
140202
140203
140204
140205
140206
140207
140208
140209
140210
140212
140217
140226
140229
140250
140254
140257
140278
140282
140284
140290
140296
140305
140306
140307
140309
140310
140311
140312
140313
140314
140315
140321
140322
140324
140325
140326
140334
140337
140340
140341
140345
140350
140352
140353
140355
140356
140357
140365
140368
140371
140372
140376
140381
140383
140384
140386
140387
140388
140396
140399
140402
140403
140407
140412
140414
140415
140417
140418
140419
140427
140430
140433
140434
140438
140443
140445
140446
140448
140449
140450
140458
140461
140464
140465
140469
140474
140476
140477
140479
140480
140481
140489
140492
140495
140496
140500
140505
140507
140508
140510
140511
140512
140520
140523
140526
140527
140531
140536
140538
140539
140541
140542
140543
140551
140554
140557
140558
140562
140567
140568
140569
140570
140571
140572
140621
140641
140646
140650
140654
140660
140669
140673
140677
140678
140679
140683
140684
140685
140686
140687
140688
140689
140690
140693
140695
140696
140698
140699
140701
140702
140703
140705
140707
140712
140730
140735
140739
140740
140741
140742
140745
140746
140747
140749
140750
140751
140752
140753
140754
140755
140756
140757
140758
140763
140781
140783
140801
140803
140804
140806
140812
140815
140816
140817
140818
140820
140826
140830
140833
140834
140836
140842
140845
140846
140847
140848
140850
140856
140860
140863
140864
140866
140872
140873
140874
140875
140876
140877
140878
140879
140880
140881
140882
140883
140884
140886
140887
140888
140890
140891
140903
140905
140906
140918
140920
140922
140927
140928
140934
140935
140936
140938
140939
140940
140941
140942
140943
140944
140950
140951
140953
140954
140955
140963
140966
140969
140970
140974
140979
140981
140982
140984
140985
140986
140994
140997
141000
141001
141005
141010
141012
141013
141015
141016
141017
141025
141028
141031
141032
141036
141041
141043
141044
141046
141047
141048
141056
141059
141062
141063
141067
141072
141074
141075
141077
141078
141079
141087
141090
141093
141094
141098
141103
141105
141106
141108
141109
141110
141118
141121
141124
141125
141129
141134
141136
141137
141139
141140
141141
141149
141152
141155
141156
141160
141165
141167
141168
141170
141171
141172
141180
141183
141186
141187
141191
141196
141197
141198
141199
141200
141201
141222
141227
141229
141231
141232
141238
141240
141242
141243
141244
141245
141246
141247
141248
141249
141250
141251
141252
141253
141254
141255
141256
141257
141258
141259
141261
141266
141275
141278
141299
141303
141306
141327
141331
141333
141339
141345
141354
141355
141356
141358
141359
141360
141361
141362
141363
141364
141370
141371
141373
141374
141375
141383
141386
141389
141390
141394
141399
141401
141402
141404
141405
141406
141414
141417
141420
141421
141425
141430
141432
141433
141435
141436
141437
141445
141448
141451
141452
141456
141461
141463
141464
141466
141467
141468
141476
141479
141482
141483
141487
141492
141494
141495
141497
141498
141499
141507
141510
141513
141514
141518
141523
141525
141526
141528
141529
141530
141538
141541
141544
141545
141549
141554
141556
141557
141559
141560
141561
141569
141572
141575
141576
141580
141585
141587
141588
141590
141591
141592
141600
141603
141606
141607
141611
141616
141617
141618
141619
141620
141621
141670
141690
141695
141699
141703
141709
141718
141722
141726
141727
141728
141732
141733
141734
141735
141736
141737
141738
141739
141742
141744
141745
141747
141748
141750
141751
141752
141754
141756
141761
141779
141784
141788
141789
141790
141791
141794
141795
141796
141798
141799
141800
141801
141802
141803
141804
141805
141806
141813
141817
141821
141822
141825
141832
141835
141836
141837
141838
141840
141846
141850
141853
141854
141856
141862
141865
141866
141867
141868
141870
141876
141880
141883
141884
141886
141892
141893
141894
141895
141896
141897
141898
141899
141900
141901
141902
141904
141909
141918
141921
141942
141946
141949
141970
141974
141976
141982
141988
141997
141998
141999
142001
142002
142003
142004
142005
142006
142007
142013
142014
142016
142017
142018
142026
142029
142032
142033
142037
142042
142044
142045
142047
142048
142049
142057
142060
142063
142064
142068
142073
142075
142076
142078
142079
142080
142088
142091
142094
142095
142099
142104
142106
142107
142109
142110
142111
142119
142122
142125
142126
142130
142135
142137
142138
142140
142141
142142
142150
142153
142156
142157
142161
142166
142168
142169
142171
142172
142173
142181
142184
142187
142188
142192
142197
142199
142200
142202
142203
142204
142212
142215
142218
142219
142223
142228
142230
142231
142233
142234
142235
142243
142246
142249
142250
142254
142259
142260
142261
142262
142263
142264
142313
142333
142338
142342
142346
142352
142361
142365
142369
142370
142371
142375
142376
142377
142378
142379
142380
142381
142382
142385
142387
142388
142390
142391
142393
142394
142395
142397
142399
142404
142422
142427
142431
142432
142433
142434
142437
142438
142439
142441
142442
142443
142444
142445
142446
142447
142448
142449
142450
142455
142473
142475
142493
142495
142496
142498
142504
142507
142508
142509
142510
142512
142518
142522
142525
142526
142528
142534
142537
142538
142539
142540
142542
142548
142552
142555
142556
142558
142564
142565
142566
142567
142568
142569
142570
142571
142572
142573
142574
142575
142576
142578
142579
142580
142582
142583
142595
142597
142598
142610
142612
142614
142619
142620
142626
142627
142628
142630
142631
142632
142633
142634
142635
142636
142642
142643
142645
142646
142647
142655
142658
142661
142662
142666
142671
142673
142674
142676
142677
142678
142686
142689
142692
142693
142697
142702
142704
142705
142707
142708
142709
142717
142720
142723
142724
142728
142733
142735
142736
142738
142739
142740
142748
142751
142754
142755
142759
142764
142766
142767
142769
142770
142771
142779
142782
142785
142786
142790
142795
142797
142798
142800
142801
142802
142810
142813
142816
142817
142821
142826
142828
142829
142831
142832
142833
142841
142844
142847
142848
142852
142857
142859
142860
142862
142863
142864
142872
142875
142878
142879
142883
142888
142889
142890
142891
142892
142893
142914
142919
142921
142923
142924
142930
142932
142934
142935
142936
142937
142938
142939
142940
142941
142942
142943
142944
142945
142946
142947
142948
142949
142950
142951
142953
142958
142967
142970
142991
142995
142998
143019
143023
143025
143031
143037
143046
143047
143048
143050
143051
143052
143053
143054
143055
143056
143062
143063
143065
143066
143067
143075
143078
143081
143082
143086
143091
143093
143094
143096
143097
143098
143106
143109
143112
143113
143117
143122
143124
143125
143127
143128
143129
143137
143140
143143
143144
143148
143153
143155
143156
143158
143159
143160
143168
143171
143174
143175
143179
143184
143186
143187
143189
143190
143191
143199
143202
143205
143206
143210
143215
143217
143218
143220
143221
143222
143230
143233
143236
143237
143241
143246
143248
143249
143251
143252
143253
143261
143264
143267
143268
143272
143277
143279
143280
143282
143283
143284
143292
143295
143298
143299
143303
143308
143309
143310
143311
143312
143313
143362
143382
143387
143391
143395
143401
143410
143414
143418
143419
143420
143424
143425
143426
143427
143428
143429
143430
143431
143434
143436
143437
143439
143440
143442
143443
143444
143446
143448
143453
143471
143476
143480
143481
143482
143483
143486
143487
143488
143490
143491
143492
143493
143494
143495
143496
143497
143498
143505
143509
143513
143514
143517
143524
143527
143528
143529
143530
143532
143538
143542
143545
143546
143548
143554
143557
143558
143559
143560
143562
143568
143572
143575
143576
143578
143584
143585
143586
143587
143588
143589
143590
143591
143592
143593
143594
143596
143601
143610
143613
143634
143638
143641
143662
143666
143668
143674
143680
143689
143690
143691
143693
143694
143695
143696
143697
143698
143699
143705
143706
143708
143709
143710
143718
143721
143724
143725
143729
143734
143736
143737
143739
143740
143741
143749
143752
143755
143756
143760
143765
143767
143768
143770
143771
143772
143780
143783
143786
143787
143791
143796
143798
143799
143801
143802
143803
143811
143814
143817
143818
143822
143827
143829
143830
143832
143833
143834
143842
143845
143848
143849
143853
143858
143860
143861
143863
143864
143865
143873
143876
143879
143880
143884
143889
143891
143892
143894
143895
143896
143904
143907
143910
143911
143915
143920
143922
143923
143925
143926
143927
143935
143938
143941
143942
143946
143951
143952
143953
143954
143955
143956
144005
144025
144030
144034
144038
144044
144053
144057
144061
144062
144063
144067
144068
144069
144070
144071
144072
144073
144074
144077
144079
144080
144082
144083
144085
144086
144087
144089
144091
144096
144114
144119
144123
144124
144125
144126
144129
144130
144131
144133
144134
144135
144136
144137
144138
144139
144140
144141
144142
144147
144165
144167
144185
144187
144188
144190
144196
144199
144200
144201
144202
144204
144210
144214
144217
144218
144220
144226
144229
144230
144231
144232
144234
144240
144244
144247
144248
144250
144256
144257
144258
144259
144260
144261
144262
144263
144264
144265
144266
144267
144268
144270
144271
144272
144274
144275
144287
144289
144290
144302
144304
144306
144311
144312
144318
144319
144320
144322
144323
144324
144325
144326
144327
144328
144334
144335
144337
144338
144339
144347
144350
144353
144354
144358
144363
144365
144366
144368
144369
144370
144378
144381
144384
144385
144389
144394
144396
144397
144399
144400
144401
144409
144412
144415
144416
144420
144425
144427
144428
144430
144431
144432
144440
144443
144446
144447
144451
144456
144458
144459
144461
144462
144463
144471
144474
144477
144478
144482
144487
144489
144490
144492
144493
144494
144502
144505
144508
144509
144513
144518
144520
144521
144523
144524
144525
144533
144536
144539
144540
144544
144549
144551
144552
144554
144555
144556
144564
144567
144570
144571
144575
144580
144581
144582
144583
144584
144585
144606
144611
144613
144615
144616
144622
144624
144626
144627
144628
144629
144630
144631
144632
144633
144634
144635
144636
144637
144638
144639
144640
144641
144642
144643
144645
144650
144659
144662
144683
144687
144690
144711
144715
144717
144723
144729
144738
144739
144740
144742
144743
144744
144745
144746
144747
144748
144754
144755
144757
144758
144759
144767
144770
144773
144774
144778
144783
144785
144786
144788
144789
144790
144798
144801
144804
144805
144809
144814
144816
144817
144819
144820
144821
144829
144832
144835
144836
144840
144845
144847
144848
144850
144851
144852
144860
144863
144866
144867
144871
144876
144878
144879
144881
144882
144883
144891
144894
144897
144898
144902
144907
144909
144910
144912
144913
144914
144922
144925
144928
144929
144933
144938
144940
144941
144943
144944
144945
144953
144956
144959
144960
144964
144969
144971
144972
144974
144975
144976
144984
144987
144990
144991
144995
145000
145001
145002
145003
145004
145005
145054
145074
145079
145083
145087
145093
145102
145106
145110
145111
145112
145116
145117
145118
145119
145120
145121
145122
145123
145126
145128
145129
145131
145132
145134
145135
145136
145138
145140
145145
145163
145168
145172
145173
145174
145175
145178
145179
145180
145182
145183
145184
145185
145186
145187
145188
145189
145190
145197
145201
145205
145206
145209
145216
145219
145220
145221
145222
145224
145230
145234
145237
145238
145240
145246
145249
145250
145251
145252
145254
145260
145264
145267
145268
145270
145276
145277
145278
145279
145280
145281
145282
145283
145284
145285
145286
145288
145293
145302
145305
145326
145330
145333
145354
145358
145360
145366
145372
145381
145382
145383
145385
145386
145387
145388
145389
145390
145391
145397
145398
145400
145401
145402
145410
145413
145416
145417
145421
145426
145428
145429
145431
145432
145433
145441
145444
145447
145448
145452
145457
145459
145460
145462
145463
145464
145472
145475
145478
145479
145483
145488
145490
145491
145493
145494
145495
145503
145506
145509
145510
145514
145519
145521
145522
145524
145525
145526
145534
145537
145540
145541
145545
145550
145552
145553
145555
145556
145557
145565
145568
145571
145572
145576
145581
145583
145584
145586
145587
145588
145596
145599
145602
145603
145607
145612
145614
145615
145617
145618
145619
145627
145630
145633
145634
145638
145643
145644
145645
145646
145647
145648
145697
145717
145722
145726
145730
145736
145745
145749
145753
145754
145755
145759
145760
145761
145762
145763
145764
145765
145766
145769
145771
145772
145774
145775
145777
145778
145779
145781
145783
145788
145806
145811
145815
145816
145817
145818
145821
145822
145823
145825
145826
145827
145828
145829
145830
145831
145832
145833
145834
145839
145857
145859
145877
145879
145880
145882
145888
145891
145892
145893
145894
145896
145902
145906
145909
145910
145912
145918
145921
145922
145923
145924
145926
145932
145936
145939
145940
145942
145948
145949
145950
145951
145952
145953
145954
145955
145956
145957
145958
145959
145960
145962
145963
145964
145966
145967
145979
145981
145982
145994
145996
145998
146003
146004
146010
146011
146012
146014
146015
146016
146017
146018
146019
146020
146026
146027
146029
146030
146031
146039
146042
146045
146046
146050
146055
146057
146058
146060
146061
146062
146070
146073
146076
146077
146081
146086
146088
146089
146091
146092
146093
146101
146104
146107
146108
146112
146117
146119
146120
146122
146123
146124
146132
146135
146138
146139
146143
146148
146150
146151
146153
146154
146155
146163
146166
146169
146170
146174
146179
146181
146182
146184
146185
146186
146194
146197
146200
146201
146205
146210
146212
146213
146215
146216
146217
146225
146228
146231
146232
146236
146241
146243
146244
146246
146247
146248
146256
146259
146262
146263
146267
146272
146273
146274
146275
146276
146277
146298
146303
146305
146307
146308
146314
146316
146318
146319
146320
146321
146322
146323
146324
146325
146326
146327
146328
146329
146330
146331
146332
146333
146334
146335
146337
146342
146351
146354
146375
146379
146382
146403
146407
146409
146415
146421
146430
146431
146432
146434
146435
146436
146437
146438
146439
146440
146446
146447
146449
146450
146451
146459
146462
146465
146466
146470
146475
146477
146478
146480
146481
146482
146490
146493
146496
146497
146501
146506
146508
146509
146511
146512
146513
146521
146524
146527
146528
146532
146537
146539
146540
146542
146543
146544
146552
146555
146558
146559
146563
146568
146570
146571
146573
146574
146575
146583
146586
146589
146590
146594
146599
146601
146602
146604
146605
146606
146614
146617
146620
146621
146625
146630
146632
146633
146635
146636
146637
146645
146648
146651
146652
146656
146661
146663
146664
146666
146667
146668
146676
146679
146682
146683
146687
146692
146693
146694
146695
146696
146697
146746
146766
146771
146775
146779
146785
146794
146798
146802
146803
146804
146808
146809
146810
146811
146812
146813
146814
146815
146818
146820
146821
146823
146824
146826
146827
146828
146830
146832
146837
146855
146860
146864
146865
146866
146867
146870
146871
146872
146874
146875
146876
146877
146878
146879
146880
146881
146882
146889
146891
146892
146896
146906
146908
146918
146920
146921
146922
146923
146924
146925
146926
146927
146928
146929
146930
146932
146937
146946
146949
146970
146974
146977
146998
147002
147004
147010
147016
147025
147026
147027
147029
147030
147031
147032
147033
147034
147035
147041
147042
147044
147045
147046
147054
147057
147060
147061
147065
147070
147072
147073
147075
147076
147077
147085
147088
147091
147092
147096
147101
147103
147104
147106
147107
147108
147116
147119
147122
147123
147127
147132
147134
147135
147137
147138
147139
147147
147150
147153
147154
147158
147163
147165
147166
147168
147169
147170
147178
147181
147184
147185
147189
147194
147196
147197
147199
147200
147201
147209
147212
147215
147216
147220
147225
147227
147228
147230
147231
147232
147240
147243
147246
147247
147251
147256
147258
147259
147261
147262
147263
147271
147274
147277
147278
147282
147287
147288
147289
147290
147291
147292
147341
147361
147366
147370
147374
147380
147389
147393
147397
147398
147399
147403
147404
147405
147406
147407
147408
147409
147410
147413
147415
147416
147418
147419
147421
147422
147423
147425
147427
147432
147450
147455
147459
147460
147461
147462
147465
147466
147467
147469
147470
147471
147472
147473
147474
147475
147476
147477
147482
147500
147502
147520
147522
147524
147526
147531
147533
147534
147536
147537
147542
147543
147548
147549
147552
147554
147559
147561
147562
147564
147565
147570
147571
147576
147577
147580
147582
147583
147584
147585
147586
147587
147588
147591
147593
147594
147595
147596
147597
147598
147603
147604
147607
147613
147615
147616
147619
147630
147635
147637
147638
147641
147652
147657
147659
147660
147661
147662
147663
147664
147665
147666
147667
147668
147669
147671
147672
147676
147677
147679
147682
147685
147686
147692
147694
147697
147700
147701
147707
147709
147710
147711
147712
147713
147714
147715
147716
147717
147718
147719
147720
147721
147722
147724
147725
147727
147728
147734
147736
147737
147743
147745
147747
147752
147753
147759
147760
147761
147762
147763
147764
147772
147775
147778
147779
147780
147781
147789
147792
147795
147796
147798
147799
147810
147815
147817
147819
147820
147826
147828
147830
147831
147832
147833
147834
147835
147836
147837
147838
147839
147840
147841
147842
147843
147844
147845
147846
147847
147848
147849
147850
147853
147854
147855
147856
147858
147859
147860
147861
147862
147863
147864
147867
147868
147871
147875
147880
147883
147888
147891
147896
147899
147904
147905
147907
147908
147909
147910
147911
147912
147913
147914
147915
147916
147917
147918
147919
147922
147923
147926
147930
147935
147938
147943
147946
147951
147954
147959
147960
147962
147963
147964
147965
147970
147976
147977
147980
147981
147982
147983
147984
147985
147986
147987
147988
147997
147999
148002
148013
148015
148018
148029
148031
148033
148037
148039
148040
148047
148048
148049
148050
148051
148052
148060
148063
148066
148067
148068
148069
148077
148080
148083
148084
148086
148087
148112
148119
148124
148128
148130
148132
148133
148140
148144
148146
148147
148148
148152
148153
148154
148155
148156
148157
148158
148159
148162
148163
148166
148170
148175
148178
148183
148186
148191
148194
148199
148200
148202
148203
148204
148205
148206
148207
148208
148209
148210
148213
148216
148217
148218
148219
148220
148222
148224
148225
148228
148229
148239
148241
148242
148245
148246
148256
148258
148259
148260
148261
148262
148263
148264
148265
148266
148267
148268
148269
148270
148272
148273
148275
148281
148283
148289
148291
148294
148306
148307
148308
148309
148310
148311
148319
148322
148325
148326
148327
148338
148343
148346
148348
148360
148363
148365
148366
148367
148368
148369
148370
148371
148372
148373
148374
148375
148376
148377
148378
148379
148380
148381
148382
148383
148384
148385
148388
148389
148390
148392
148393
148394
148395
148396
148397
148398
148401
148402
148405
148409
148414
148417
148422
148423
148425
148426
148427
148428
148429
148430
148431
148432
148433
148434
148435
148436
148437
148440
148441
148444
148448
148453
148456
148461
148462
148464
148465
148466
148467
148472
148478
148479
148482
148483
148484
148485
148486
148487
148488
148489
148490
148499
148501
148514
148516
148529
148531
148534
148536
148540
148541
148542
148543
148544
148545
148553
148556
148559
148560
148561
148586
148594
148596
148600
148602
148604
148608
148612
148614
148615
148616
148620
148621
148622
148623
148624
148625
148626
148629
148630
148633
148637
148642
148645
148650
148651
148653
148654
148655
148656
148657
148658
148659
148660
148661
148664
148667
148668
148669
148670
148671
148676
148678
148681
148684
148691
148693
148695
148698
148701
148708
148710
148711
148712
148713
148714
148715
148716
148717
148718
148719
148720
148721
148722
148724
148725
148727
148733
148735
148741
148743
148746
148758
148759
148760
148761
148762
148763
148771
148774
148777
148778
148779
148790
148795
148798
148800
148812
148815
148817
148818
148819
148820
148821
148822
148823
148824
148825
148826
148827
148828
148829
148830
148831
148832
148833
148834
148835
148836
148837
148840
148841
148842
148844
148845
148846
148847
148848
148849
148850
148853
148854
148857
148861
148866
148869
148874
148875
148877
148878
148879
148880
148881
148882
148883
148884
148885
148886
148887
148888
148889
148892
148893
148896
148900
148905
148908
148913
148914
148916
148917
148918
148919
148924
148930
148931
148934
148935
148936
148937
148938
148939
148940
148941
148942
148951
148953
148966
148968
148981
148983
148986
148988
148992
148993
148994
148995
148996
148997
149005
149008
149011
149012
149013
149038
149046
149048
149052
149054
149056
149060
149064
149066
149067
149068
149072
149073
149074
149075
149076
149077
149078
149081
149082
149085
149089
149094
149097
149102
149103
149105
149106
149107
149108
149109
149110
149111
149112
149113
149116
149119
149120
149121
149122
149123
149128
149130
149133
149136
149143
149145
149147
149150
149153
149160
149162
149163
149164
149165
149166
149167
149168
149169
149170
149171
149172
149173
149174
149176
149177
149179
149185
149187
149193
149195
149198
149210
149211
149212
149213
149214
149215
149223
149226
149229
149230
149231
149242
149247
149250
149252
149264
149267
149269
149270
149271
149272
149273
149274
149275
149276
149277
149278
149279
149280
149281
149282
149283
149284
149285
149286
149287
149288
149289
149292
149293
149294
149296
149297
149298
149299
149300
149301
149302
149305
149306
149309
149313
149318
149321
149326
149327
149329
149330
149331
149332
149333
149334
149335
149336
149337
149338
149339
149340
149341
149344
149345
149348
149352
149357
149360
149365
149366
149368
149369
149370
149371
149376
149382
149383
149386
149387
149388
149389
149390
149391
149392
149393
149394
149403
149405
149418
149420
149433
149435
149438
149440
149444
149445
149446
149447
149448
149449
149457
149460
149463
149464
149465
149490
149498
149500
149504
149506
149508
149512
149516
149518
149519
149520
149524
149525
149526
149527
149528
149529
149530
149533
149534
149537
149541
149546
149549
149554
149555
149557
149558
149559
149560
149561
149562
149563
149564
149565
149568
149571
149572
149573
149574
149575
149580
149582
149585
149588
149595
149597
149599
149602
149605
149612
149614
149615
149616
149617
149618
149619
149620
149621
149622
149623
149624
149625
149626
149628
149629
149631
149637
149639
149645
149647
149650
149662
149663
149664
149665
149666
149667
149675
149678
149681
149682
149683
149694
149699
149702
149704
149716
149719
149721
149722
149723
149724
149725
149726
149727
149728
149729
149730
149731
149732
149733
149734
149735
149736
149737
149738
149739
149740
149741
149744
149745
149746
149748
149749
149750
149751
149752
149753
149754
149757
149758
149761
149765
149770
149773
149778
149779
149781
149782
149783
149784
149785
149786
149787
149788
149789
149790
149791
149792
149793
149796
149797
149800
149804
149809
149812
149817
149818
149820
149821
149822
149823
149828
149834
149835
149838
149839
149840
149841
149842
149843
149844
149845
149846
149855
149857
149870
149872
149885
149887
149890
149892
149896
149897
149898
149899
149900
149901
149909
149912
149915
149916
149917
149942
149950
149952
149956
149958
149960
149964
149968
149970
149971
149972
149976
149977
149978
149979
149980
149981
149982
149985
149986
149989
149993
149998
150001
150006
150007
150009
150010
150011
150012
150013
150014
150015
150016
150017
150020
150023
150024
150025
150026
150027
150031
150032
150035
150040
150042
150043
150046
150051
150053
150054
150055
150056
150057
150058
150059
150060
150067
150068
150071
150085
150086
150087
150088
150089
150091
150092
150095
150109
150110
150111
150112
150113
150115
150118
150119
150126
150127
150128
150131
150132
150133
150134
150135
150136
150137
150139
150144
150153
150156
150177
150181
150184
150205
150209
150211
150217
150223
150232
150233
150234
150236
150237
150238
150239
150240
150241
150242
150248
150249
150251
150252
150253
150261
150264
150267
150268
150272
150277
150279
150280
150282
150283
150284
150292
150295
150298
150299
150303
150308
150310
150311
150313
150314
150315
150323
150326
150329
150330
150334
150339
150341
150342
150344
150345
150346
150354
150357
150360
150361
150365
150370
150372
150373
150375
150376
150377
150385
150388
150391
150392
150396
150401
150403
150404
150406
150407
150408
150416
150419
150422
150423
150427
150432
150434
150435
150437
150438
150439
150447
150450
150453
150454
150458
150463
150465
150466
150468
150469
150470
150478
150481
150484
150485
150489
150494
150495
150496
150497
150498
150499
150548
150568
150573
150577
150581
150587
150596
150600
150604
150605
150606
150610
150611
150612
150613
150614
150615
150616
150617
150620
150622
150623
150625
150626
150628
150629
150630
150632
150634
150639
150657
150662
150666
150667
150668
150669
150672
150673
150674
150676
150677
150678
150679
150680
150681
150682
150683
150684
150685
150692
150693
150711
150713
150714
150732
150734
150735
150736
150737
150738
150739
150740
150741
150742
150743
150744
150745
150746
150748
150751
150754
150756
150757
150758
150759
150760
150761
150762
150763
150764
150765
150766
150767
150768
150769
150771
150774
150776
150779
150780
150781
150783
150784
150786
150789
150791
150792
150794
150797
150801
150802
150803
150804
150805
150812
150813
150817
150819
150820
150821
150822
150823
150824
150825
150826
150828
150829
150832
150834
150836
150837
150838
150839
150840
150841
150842
150843
150844
150845
150846
150847
150848
150850
150852
150853
150854
150855
150856
150857
150858
150859
150860
150861
150864
150865
150866
150874
150877
150880
150884
150885
150886
150887
150895
150898
150901
150905
150906
150907
150908
150916
150919
150922
150926
150927
150928
150929
150937
150940
150943
150947
150948
150949
150950
150952
150953
150962
150965
150966
150967
150968
150973
150977
150979
150980
150981
150982
150987
150991
150993
150999
151000
151001
151002
151003
151005
151007
151008
151011
151012
151013
151014
151015
151016
151017
151020
151021
151024
151028
151033
151036
151041
151044
151049
151052
151057
151060
151065
151068
151073
151076
151081
151084
151089
151090
151092
151093
151094
151095
151096
151097
151098
151099
151100
151104
151108
151109
151110
151115
151121
151123
151124
151125
151130
151136
151138
151139
151140
151144
151145
151148
151154
151155
151157
151165
151166
151171
151173
151174
151177
151183
151184
151186
151194
151195
151200
151202
151203
151204
151205
151206
151207
151208
151209
151210
151211
151212
151214
151218
151220
151222
151225
151226
151233
151235
151237
151240
151241
151248
151250
151251
151252
151253
151254
151255
151256
151257
151258
151259
151260
151261
151262
151263
151265
151266
151268
151274
151276
151282
151284
151287
151299
151300
151301
151302
151303
151304
151312
151315
151318
151319
151320
151331
151336
151339
151341
151353
151356
151358
151359
151360
151361
151362
151363
151364
151365
151366
151367
151368
151369
151370
151371
151372
151373
151374
151375
151376
151377
151378
151381
151382
151383
151385
151386
151387
151388
151389
151390
151391
151394
151395
151398
151402
151407
151410
151415
151416
151418
151419
151420
151421
151422
151423
151424
151425
151426
151427
151428
151429
151430
151433
151434
151437
151441
151446
151449
151454
151455
151457
151458
151459
151460
151465
151471
151472
151475
151476
151477
151478
151479
151480
151481
151482
151483
151492
151494
151507
151509
151522
151524
151527
151529
151533
151534
151535
151536
151537
151538
151546
151549
151552
151553
151554
151579
151587
151589
151593
151595
151597
151601
151605
151607
151608
151609
151613
151614
151615
151616
151617
151618
151619
151622
151623
151626
151630
151635
151638
151643
151644
151646
151647
151648
151649
151650
151651
151652
151653
151654
151657
151660
151661
151662
151663
151664
151669
151671
151676
151683
151685
151687
151692
151699
151701
151702
151703
151704
151705
151706
151707
151708
151709
151710
151711
151712
151713
151715
151716
151718
151724
151726
151732
151734
151737
151749
151750
151751
151752
151753
151754
151762
151765
151768
151769
151770
151781
151786
151789
151791
151803
151806
151808
151809
151810
151811
151812
151813
151814
151815
151816
151817
151818
151819
151820
151821
151822
151823
151824
151825
151826
151827
151828
151831
151832
151833
151835
151836
151837
151838
151839
151840
151841
151844
151845
151848
151852
151857
151860
151865
151866
151868
151869
151870
151871
151872
151873
151874
151875
151876
151877
151878
151879
151880
151883
151884
151887
151891
151896
151899
151904
151905
151907
151908
151909
151910
151915
151921
151922
151925
151926
151927
151928
151929
151930
151931
151932
151933
151942
151944
151957
151959
151972
151974
151977
151979
151983
151984
151985
151986
151987
151988
151996
151999
152002
152003
152004
152029
152037
152039
152043
152045
152047
152051
152055
152057
152058
152059
152063
152064
152065
152066
152067
152068
152069
152072
152073
152076
152080
152085
152088
152093
152094
152096
152097
152098
152099
152100
152101
152102
152103
152104
152107
152110
152111
152112
152113
152114
152119
152121
152126
152133
152135
152137
152142
152149
152151
152152
152153
152154
152155
152156
152157
152158
152159
152160
152161
152162
152163
152165
152166
152168
152174
152176
152182
152184
152187
152199
152200
152201
152202
152203
152204
152212
152215
152218
152219
152220
152231
152236
152239
152241
152253
152256
152258
152259
152260
152261
152262
152263
152264
152265
152266
152267
152268
152269
152270
152271
152272
152273
152274
152275
152276
152277
152278
152281
152282
152283
152285
152286
152287
152288
152289
152290
152291
152294
152295
152298
152302
152307
152310
152315
152316
152318
152319
152320
152321
152322
152323
152324
152325
152326
152327
152328
152329
152330
152333
152334
152337
152341
152346
152349
152354
152355
152357
152358
152359
152360
152365
152371
152372
152375
152376
152377
152378
152379
152380
152381
152382
152383
152392
152394
152407
152409
152422
152424
152427
152429
152433
152434
152435
152436
152437
152438
152446
152449
152452
152453
152454
152479
152487
152489
152493
152495
152497
152501
152505
152507
152508
152509
152513
152514
152515
152516
152517
152518
152519
152522
152523
152526
152530
152535
152538
152543
152544
152546
152547
152548
152549
152550
152551
152552
152553
152554
152557
152560
152561
152562
152563
152564
152569
152571
152576
152583
152585
152587
152592
152599
152601
152602
152603
152604
152605
152606
152607
152608
152609
152610
152611
152612
152613
152615
152616
152618
152624
152626
152632
152634
152637
152649
152650
152651
152652
152653
152654
152662
152665
152668
152669
152670
152681
152686
152689
152691
152703
152706
152708
152709
152710
152711
152712
152713
152714
152715
152716
152717
152718
152719
152720
152721
152722
152723
152724
152725
152726
152727
152728
152731
152732
152733
152735
152736
152737
152738
152739
152740
152741
152744
152745
152748
152752
152757
152760
152765
152766
152768
152769
152770
152771
152772
152773
152774
152775
152776
152777
152778
152779
152780
152783
152784
152787
152791
152796
152799
152804
152805
152807
152808
152809
152810
152815
152821
152822
152825
152826
152827
152828
152829
152830
152831
152832
152833
152842
152844
152857
152859
152872
152874
152877
152879
152883
152884
152885
152886
152887
152888
152896
152899
152902
152903
152904
152929
152937
152939
152943
152945
152947
152951
152955
152957
152958
152959
152963
152964
152965
152966
152967
152968
152969
152972
152973
152976
152980
152985
152988
152993
152994
152996
152997
152998
152999
153000
153001
153002
153003
153004
153007
153010
153011
153012
153013
153014
153018
153023
153028
153030
153035
153040
153042
153043
153044
153045
153046
153047
153054
153055
153058
153072
153073
153074
153075
153076
153078
153079
153082
153096
153097
153098
153099
153100
153102
153105
153106
153113
153114
153115
153118
153119
153120
153121
153122
153123
153124
153126
153131
153140
153143
153164
153168
153171
153192
153196
153198
153204
153210
153219
153220
153221
153223
153224
153225
153226
153227
153228
153229
153235
153236
153238
153239
153240
153248
153251
153254
153255
153259
153264
153266
153267
153269
153270
153271
153279
153282
153285
153286
153290
153295
153297
153298
153300
153301
153302
153310
153313
153316
153317
153321
153326
153328
153329
153331
153332
153333
153341
153344
153347
153348
153352
153357
153359
153360
153362
153363
153364
153372
153375
153378
153379
153383
153388
153390
153391
153393
153394
153395
153403
153406
153409
153410
153414
153419
153421
153422
153424
153425
153426
153434
153437
153440
153441
153445
153450
153452
153453
153455
153456
153457
153465
153468
153471
153472
153476
153481
153482
153483
153484
153485
153486
153535
153555
153560
153564
153568
153574
153583
153587
153591
153592
153593
153597
153598
153599
153600
153601
153602
153603
153604
153607
153609
153610
153612
153613
153615
153616
153617
153619
153621
153626
153644
153649
153653
153654
153655
153656
153659
153660
153661
153663
153664
153665
153666
153667
153668
153669
153670
153671
153672
153677
153678
153696
153698
153699
153717
153719
153720
153721
153722
153723
153724
153725
153726
153727
153728
153729
153730
153732
153735
153736
153741
153743
153744
153745
153746
153747
153748
153749
153750
153751
153752
153753
153754
153755
153756
153758
153761
153763
153766
153767
153768
153770
153771
153773
153776
153778
153781
153785
153786
153787
153788
153789
153798
153801
153805
153806
153808
153809
153810
153811
153812
153813
153814
153817
153821
153823
153824
153827
153828
153829
153830
153831
153832
153833
153834
153835
153838
153839
153840
153841
153842
153843
153844
153845
153846
153847
153855
153858
153861
153862
153863
153864
153872
153875
153878
153879
153881
153882
153884
153885
153894
153897
153898
153905
153909
153911
153912
153919
153923
153925
153933
153934
153935
153936
153937
153939
153941
153942
153943
153946
153947
153948
153949
153950
153951
153954
153955
153958
153962
153967
153970
153975
153978
153983
153986
153991
153992
153994
153995
153996
153997
153998
153999
154000
154001
154002
154007
154008
154009
154014
154020
154022
154023
154024
154029
154035
154037
154038
154041
154042
154045
154051
154052
154055
154059
154060
154067
154069
154070
154073
154079
154080
154083
154087
154088
154095
154097
154098
154099
154100
154101
154102
154103
154104
154105
154106
154107
154108
154110
154115
154122
154132
154134
154141
154151
154153
154154
154155
154156
154157
154158
154159
154160
154161
154162
154163
154164
154165
154167
154168
154170
154176
154178
154184
154186
154189
154201
154202
154203
154204
154205
154206
154214
154217
154220
154221
154222
154233
154238
154241
154243
154255
154258
154260
154261
154262
154263
154264
154265
154266
154267
154268
154269
154270
154271
154272
154273
154274
154275
154276
154277
154278
154279
154280
154283
154284
154285
154287
154288
154289
154290
154291
154292
154293
154296
154297
154300
154304
154309
154312
154317
154318
154320
154321
154322
154323
154324
154325
154326
154327
154328
154329
154330
154331
154332
154335
154336
154339
154343
154348
154351
154356
154357
154359
154360
154361
154362
154367
154373
154374
154377
154378
154379
154380
154381
154382
154383
154384
154385
154394
154396
154409
154411
154424
154426
154429
154431
154435
154436
154437
154438
154439
154440
154448
154451
154454
154455
154456
154481
154489
154491
154495
154497
154499
154503
154507
154509
154510
154511
154515
154516
154517
154518
154519
154520
154521
154524
154525
154528
154532
154537
154540
154545
154546
154548
154549
154550
154551
154552
154553
154554
154555
154556
154559
154562
154563
154564
154565
154566
154570
154578
154588
154590
154598
154608
154610
154611
154612
154613
154614
154615
154616
154617
154618
154619
154620
154621
154622
154624
154625
154627
154633
154635
154641
154643
154646
154658
154659
154660
154661
154662
154663
154671
154674
154677
154678
154679
154690
154695
154698
154700
154712
154715
154717
154718
154719
154720
154721
154722
154723
154724
154725
154726
154727
154728
154729
154730
154731
154732
154733
154734
154735
154736
154737
154740
154741
154742
154744
154745
154746
154747
154748
154749
154750
154753
154754
154757
154761
154766
154769
154774
154775
154777
154778
154779
154780
154781
154782
154783
154784
154785
154786
154787
154788
154789
154792
154793
154796
154800
154805
154808
154813
154814
154816
154817
154818
154819
154824
154830
154831
154834
154835
154836
154837
154838
154839
154840
154841
154842
154851
154853
154866
154868
154881
154883
154886
154888
154892
154893
154894
154895
154896
154897
154905
154908
154911
154912
154913
154938
154946
154948
154952
154954
154956
154960
154964
154966
154967
154968
154972
154973
154974
154975
154976
154977
154978
154981
154982
154985
154989
154994
154997
155002
155003
155005
155006
155007
155008
155009
155010
155011
155012
155013
155016
155019
155020
155021
155022
155023
155027
155035
155045
155047
155055
155065
155067
155068
155069
155070
155071
155072
155073
155074
155075
155076
155077
155078
155079
155081
155082
155084
155090
155092
155098
155100
155103
155115
155116
155117
155118
155119
155120
155128
155131
155134
155135
155136
155147
155152
155155
155157
155169
155172
155174
155175
155176
155177
155178
155179
155180
155181
155182
155183
155184
155185
155186
155187
155188
155189
155190
155191
155192
155193
155194
155197
155198
155199
155201
155202
155203
155204
155205
155206
155207
155210
155211
155214
155218
155223
155226
155231
155232
155234
155235
155236
155237
155238
155239
155240
155241
155242
155243
155244
155245
155246
155249
155250
155253
155257
155262
155265
155270
155271
155273
155274
155275
155276
155281
155287
155288
155291
155292
155293
155294
155295
155296
155297
155298
155299
155308
155310
155323
155325
155338
155340
155343
155345
155349
155350
155351
155352
155353
155354
155362
155365
155368
155369
155370
155395
155403
155405
155409
155411
155413
155417
155421
155423
155424
155425
155429
155430
155431
155432
155433
155434
155435
155438
155439
155442
155446
155451
155454
155459
155460
155462
155463
155464
155465
155466
155467
155468
155469
155470
155473
155476
155477
155478
155479
155480
155484
155493
155495
155504
155506
155507
155508
155509
155510
155511
155517
155518
155533
155534
155535
155536
155537
155539
155540
155555
155556
155557
155558
155559
155561
155564
155565
155572
155573
155574
155577
155578
155579
155580
155581
155582
155583
155585
155590
155599
155602
155623
155627
155630
155651
155655
155657
155663
155669
155678
155679
155680
155682
155683
155684
155685
155686
155687
155688
155694
155695
155697
155698
155699
155707
155710
155713
155714
155718
155723
155725
155726
155728
155729
155730
155738
155741
155744
155745
155749
155754
155756
155757
155759
155760
155761
155769
155772
155775
155776
155780
155785
155787
155788
155790
155791
155792
155800
155803
155806
155807
155811
155816
155818
155819
155821
155822
155823
155831
155834
155837
155838
155842
155847
155849
155850
155852
155853
155854
155862
155865
155868
155869
155873
155878
155880
155881
155883
155884
155885
155893
155896
155899
155900
155904
155909
155911
155912
155914
155915
155916
155924
155927
155930
155931
155935
155940
155941
155942
155943
155944
155945
155994
156014
156019
156023
156027
156033
156042
156046
156050
156051
156052
156056
156057
156058
156059
156060
156061
156062
156063
156066
156068
156069
156071
156072
156074
156075
156076
156078
156080
156085
156103
156108
156112
156113
156114
156115
156118
156119
156120
156122
156123
156124
156125
156126
156127
156128
156129
156130
156131
156135
156137
156138
156154
156159
156164
156166
156167
156183
156188
156193
156195
156196
156197
156198
156199
156200
156201
156202
156203
156204
156205
156206
156208
156211
156212
156217
156219
156220
156221
156222
156223
156224
156225
156226
156227
156228
156229
156230
156231
156232
156234
156237
156239
156242
156243
156244
156246
156247
156249
156252
156254
156257
156261
156262
156263
156264
156265
156274
156277
156281
156282
156284
156285
156286
156287
156288
156289
156290
156293
156297
156299
156300
156303
156304
156305
156306
156307
156308
156309
156310
156311
156314
156315
156316
156317
156318
156319
156320
156321
156322
156323
156331
156334
156337
156338
156339
156340
156348
156351
156354
156355
156357
156358
156360
156361
156370
156373
156374
156381
156385
156387
156388
156395
156399
156401
156409
156410
156411
156412
156413
156415
156417
156418
156419
156422
156423
156424
156425
156426
156427
156430
156431
156434
156438
156443
156446
156451
156454
156459
156462
156467
156468
156470
156471
156472
156473
156474
156475
156476
156477
156478
156483
156484
156485
156490
156496
156498
156499
156500
156505
156511
156513
156514
156517
156518
156521
156527
156528
156531
156535
156536
156543
156545
156546
156549
156555
156556
156559
156563
156564
156571
156573
156574
156575
156576
156577
156578
156579
156580
156581
156582
156583
156584
156586
156591
156598
156608
156610
156617
156627
156629
156630
156631
156632
156633
156634
156635
156636
156637
156638
156639
156640
156641
156643
156644
156646
156652
156654
156660
156662
156665
156677
156678
156679
156680
156681
156682
156690
156693
156696
156697
156698
156709
156714
156717
156719
156731
156734
156736
156737
156738
156739
156740
156741
156742
156743
156744
156745
156746
156747
156748
156749
156750
156751
156752
156753
156754
156755
156756
156759
156760
156761
156763
156764
156765
156766
156767
156768
156769
156772
156773
156776
156780
156785
156788
156793
156794
156796
156797
156798
156799
156800
156801
156802
156803
156804
156805
156806
156807
156808
156811
156812
156815
156819
156824
156827
156832
156833
156835
156836
156837
156838
156843
156849
156850
156853
156854
156855
156856
156857
156858
156859
156860
156861
156870
156872
156885
156887
156900
156902
156905
156907
156911
156912
156913
156914
156915
156916
156924
156927
156930
156931
156932
156957
156965
156967
156971
156973
156975
156979
156983
156985
156986
156987
156991
156992
156993
156994
156995
156996
156997
157000
157001
157004
157008
157013
157016
157021
157022
157024
157025
157026
157027
157028
157029
157030
157031
157032
157035
157038
157039
157040
157041
157042
157046
157054
157064
157066
157074
157084
157086
157087
157088
157089
157090
157091
157092
157093
157094
157095
157096
157097
157098
157100
157101
157103
157109
157111
157117
157119
157122
157134
157135
157136
157137
157138
157139
157147
157150
157153
157154
157155
157166
157171
157174
157176
157188
157191
157193
157194
157195
157196
157197
157198
157199
157200
157201
157202
157203
157204
157205
157206
157207
157208
157209
157210
157211
157212
157213
157216
157217
157218
157220
157221
157222
157223
157224
157225
157226
157229
157230
157233
157237
157242
157245
157250
157251
157253
157254
157255
157256
157257
157258
157259
157260
157261
157262
157263
157264
157265
157268
157269
157272
157276
157281
157284
157289
157290
157292
157293
157294
157295
157300
157306
157307
157310
157311
157312
157313
157314
157315
157316
157317
157318
157327
157329
157342
157344
157357
157359
157362
157364
157368
157369
157370
157371
157372
157373
157381
157384
157387
157388
157389
157414
157422
157424
157428
157430
157432
157436
157440
157442
157443
157444
157448
157449
157450
157451
157452
157453
157454
157457
157458
157461
157465
157470
157473
157478
157479
157481
157482
157483
157484
157485
157486
157487
157488
157489
157492
157495
157496
157497
157498
157499
157503
157511
157521
157523
157531
157541
157543
157544
157545
157546
157547
157548
157549
157550
157551
157552
157553
157554
157555
157557
157558
157560
157566
157568
157574
157576
157579
157591
157592
157593
157594
157595
157596
157604
157607
157610
157611
157612
157623
157628
157631
157633
157645
157648
157650
157651
157652
157653
157654
157655
157656
157657
157658
157659
157660
157661
157662
157663
157664
157665
157666
157667
157668
157669
157670
157673
157674
157675
157677
157678
157679
157680
157681
157682
157683
157686
157687
157690
157694
157699
157702
157707
157708
157710
157711
157712
157713
157714
157715
157716
157717
157718
157719
157720
157721
157722
157725
157726
157729
157733
157738
157741
157746
157747
157749
157750
157751
157752
157757
157763
157764
157767
157768
157769
157770
157771
157772
157773
157774
157775
157784
157786
157799
157801
157814
157816
157819
157821
157825
157826
157827
157828
157829
157830
157838
157841
157844
157845
157846
157871
157879
157881
157885
157887
157889
157893
157897
157899
157900
157901
157905
157906
157907
157908
157909
157910
157911
157914
157915
157918
157922
157927
157930
157935
157936
157938
157939
157940
157941
157942
157943
157944
157945
157946
157949
157952
157953
157954
157955
157956
157960
157969
157971
157980
157982
157983
157984
157985
157986
157987
157993
157994
158009
158010
158011
158012
158013
158015
158016
158031
158032
158033
158034
158035
158037
158040
158041
158048
158049
158050
158053
158054
158055
158056
158057
158058
158059
158061
158066
158075
158078
158099
158103
158106
158127
158131
158133
158139
158145
158154
158155
158156
158158
158159
158160
158161
158162
158163
158164
158170
158171
158173
158174
158175
158183
158186
158189
158190
158194
158199
158201
158202
158204
158205
158206
158214
158217
158220
158221
158225
158230
158232
158233
158235
158236
158237
158245
158248
158251
158252
158256
158261
158263
158264
158266
158267
158268
158276
158279
158282
158283
158287
158292
158294
158295
158297
158298
158299
158307
158310
158313
158314
158318
158323
158325
158326
158328
158329
158330
158338
158341
158344
158345
158349
158354
158356
158357
158359
158360
158361
158369
158372
158375
158376
158380
158385
158387
158388
158390
158391
158392
158400
158403
158406
158407
158411
158416
158417
158418
158419
158420
158421
158470
158490
158495
158499
158503
158509
158518
158522
158526
158527
158528
158532
158533
158534
158535
158536
158537
158538
158539
158542
158544
158545
158547
158548
158550
158551
158552
158554
158556
158561
158579
158584
158588
158589
158590
158591
158594
158595
158596
158598
158599
158600
158601
158602
158603
158604
158605
158606
158607
158611
158613
158614
158630
158635
158640
158642
158643
158659
158664
158669
158671
158672
158673
158674
158675
158676
158677
158678
158679
158680
158681
158682
158684
158687
158688
158693
158695
158696
158697
158698
158699
158700
158701
158702
158703
158704
158705
158706
158707
158708
158710
158713
158715
158718
158719
158720
158722
158723
158725
158728
158730
158733
158737
158738
158739
158740
158741
158750
158753
158757
158758
158760
158761
158762
158763
158764
158765
158766
158769
158773
158775
158776
158779
158780
158781
158782
158783
158784
158785
158786
158787
158790
158791
158792
158793
158794
158795
158796
158797
158798
158799
158807
158810
158813
158814
158815
158816
158824
158827
158830
158831
158833
158834
158836
158837
158846
158849
158850
158857
158861
158863
158864
158871
158875
158877
158885
158886
158887
158888
158889
158891
158893
158894
158895
158898
158899
158900
158901
158902
158903
158906
158907
158910
158914
158919
158922
158927
158930
158935
158938
158943
158944
158946
158947
158948
158949
158950
158951
158952
158953
158954
158959
158960
158961
158966
158972
158974
158975
158976
158981
158987
158989
158990
158993
158994
158997
159003
159004
159007
159011
159012
159019
159021
159022
159025
159031
159032
159035
159039
159040
159047
159049
159050
159051
159052
159053
159054
159055
159056
159057
159058
159059
159060
159062
159067
159074
159084
159086
159093
159103
159105
159106
159107
159108
159109
159110
159111
159112
159113
159114
159115
159116
159117
159119
159120
159122
159128
159130
159136
159138
159141
159153
159154
159155
159156
159157
159158
159166
159169
159172
159173
159174
159185
159190
159193
159195
159207
159210
159212
159213
159214
159215
159216
159217
159218
159219
159220
159221
159222
159223
159224
159225
159226
159227
159228
159229
159230
159231
159232
159235
159236
159237
159239
159240
159241
159242
159243
159244
159245
159248
159249
159252
159256
159261
159264
159269
159270
159272
159273
159274
159275
159276
159277
159278
159279
159280
159281
159282
159283
159284
159287
159288
159291
159295
159300
159303
159308
159309
159311
159312
159313
159314
159319
159325
159326
159329
159330
159331
159332
159333
159334
159335
159336
159337
159346
159348
159361
159363
159376
159378
159381
159383
159387
159388
159389
159390
159391
159392
159400
159403
159406
159407
159408
159433
159441
159443
159447
159449
159451
159455
159459
159461
159462
159463
159467
159468
159469
159470
159471
159472
159473
159476
159477
159480
159484
159489
159492
159497
159498
159500
159501
159502
159503
159504
159505
159506
159507
159508
159511
159514
159515
159516
159517
159518
159522
159530
159540
159542
159550
159560
159562
159563
159564
159565
159566
159567
159568
159569
159570
159571
159572
159573
159574
159576
159577
159579
159585
159587
159593
159595
159598
159610
159611
159612
159613
159614
159615
159623
159626
159629
159630
159631
159642
159647
159650
159652
159664
159667
159669
159670
159671
159672
159673
159674
159675
159676
159677
159678
159679
159680
159681
159682
159683
159684
159685
159686
159687
159688
159689
159692
159693
159694
159696
159697
159698
159699
159700
159701
159702
159705
159706
159709
159713
159718
159721
159726
159727
159729
159730
159731
159732
159733
159734
159735
159736
159737
159738
159739
159740
159741
159744
159745
159748
159752
159757
159760
159765
159766
159768
159769
159770
159771
159776
159782
159783
159786
159787
159788
159789
159790
159791
159792
159793
159794
159803
159805
159818
159820
159833
159835
159838
159840
159844
159845
159846
159847
159848
159849
159857
159860
159863
159864
159865
159890
159898
159900
159904
159906
159908
159912
159916
159918
159919
159920
159924
159925
159926
159927
159928
159929
159930
159933
159934
159937
159941
159946
159949
159954
159955
159957
159958
159959
159960
159961
159962
159963
159964
159965
159968
159971
159972
159973
159974
159975
159979
159987
159997
159999
160007
160017
160019
160020
160021
160022
160023
160024
160025
160026
160027
160028
160029
160030
160031
160033
160034
160036
160042
160044
160050
160052
160055
160067
160068
160069
160070
160071
160072
160080
160083
160086
160087
160088
160099
160104
160107
160109
160121
160124
160126
160127
160128
160129
160130
160131
160132
160133
160134
160135
160136
160137
160138
160139
160140
160141
160142
160143
160144
160145
160146
160149
160150
160151
160153
160154
160155
160156
160157
160158
160159
160162
160163
160166
160170
160175
160178
160183
160184
160186
160187
160188
160189
160190
160191
160192
160193
160194
160195
160196
160197
160198
160201
160202
160205
160209
160214
160217
160222
160223
160225
160226
160227
160228
160233
160239
160240
160243
160244
160245
160246
160247
160248
160249
160250
160251
160260
160262
160275
160277
160290
160292
160295
160297
160301
160302
160303
160304
160305
160306
160314
160317
160320
160321
160322
160347
160355
160357
160361
160363
160365
160369
160373
160375
160376
160377
160381
160382
160383
160384
160385
160386
160387
160390
160391
160394
160398
160403
160406
160411
160412
160414
160415
160416
160417
160418
160419
160420
160421
160422
160425
160428
160429
160430
160431
160432
160436
160445
160447
160456
160458
160459
160460
160461
160462
160463
160469
160470
160485
160486
160487
160488
160489
160491
160492
160507
160508
160509
160510
160511
160513
160516
160517
160524
160525
160526
160529
160530
160531
160532
160533
160534
160535
160537
160542
160551
160554
160575
160579
160582
160603
160607
160609
160615
160621
160630
160631
160632
160634
160635
160636
160637
160638
160639
160640
160646
160647
160649
160650
160651
160659
160662
160665
160666
160670
160675
160677
160678
160680
160681
160682
160690
160693
160696
160697
160701
160706
160708
160709
160711
160712
160713
160721
160724
160727
160728
160732
160737
160739
160740
160742
160743
160744
160752
160755
160758
160759
160763
160768
160770
160771
160773
160774
160775
160783
160786
160789
160790
160794
160799
160801
160802
160804
160805
160806
160814
160817
160820
160821
160825
160830
160832
160833
160835
160836
160837
160845
160848
160851
160852
160856
160861
160863
160864
160866
160867
160868
160876
160879
160882
160883
160887
160892
160893
160894
160895
160896
160897
160946
160966
160971
160975
160979
160985
160994
160998
161002
161003
161004
161008
161009
161010
161011
161012
161013
161014
161015
161018
161020
161021
161023
161024
161026
161027
161028
161030
161032
161037
161055
161060
161064
161065
161066
161067
161070
161071
161072
161074
161075
161076
161077
161078
161079
161080
161081
161082
161083
161087
161089
161090
161106
161111
161116
161118
161119
161135
161140
161145
161147
161148
161149
161150
161151
161152
161153
161154
161155
161156
161157
161158
161160
161163
161164
161169
161171
161172
161173
161174
161175
161176
161177
161178
161179
161180
161181
161182
161183
161184
161186
161189
161191
161194
161195
161196
161198
161199
161201
161204
161206
161209
161213
161214
161215
161216
161217
161226
161229
161233
161234
161236
161237
161238
161239
161240
161241
161242
161245
161249
161251
161252
161255
161256
161257
161258
161259
161260
161261
161262
161263
161266
161267
161268
161269
161270
161271
161272
161273
161274
161275
161283
161286
161289
161290
161291
161292
161300
161303
161306
161307
161309
161310
161312
161313
161322
161325
161326
161333
161337
161339
161340
161347
161351
161353
161361
161362
161363
161364
161365
161367
161369
161370
161371
161374
161375
161376
161377
161378
161379
161382
161383
161386
161390
161395
161398
161403
161406
161411
161414
161419
161420
161422
161423
161424
161425
161426
161427
161428
161429
161430
161435
161436
161437
161442
161448
161450
161451
161452
161457
161463
161465
161466
161467
161471
161472
161475
161481
161482
161488
161489
161496
161502
161503
161508
161510
161511
161514
161520
161521
161527
161528
161535
161541
161542
161547
161549
161551
161553
161554
161555
161569
161570
161573
161574
161577
161579
161580
161581
161595
161596
161599
161600
161603
161605
161608
161609
161616
161617
161620
161621
161622
161623
161624
161625
161626
161627
161629
161634
161643
161646
161667
161671
161674
161695
161699
161701
161707
161713
161722
161723
161724
161726
161727
161728
161729
161730
161731
161732
161738
161739
161741
161742
161743
161751
161754
161757
161758
161762
161767
161769
161770
161772
161773
161774
161782
161785
161788
161789
161793
161798
161800
161801
161803
161804
161805
161813
161816
161819
161820
161824
161829
161831
161832
161834
161835
161836
161844
161847
161850
161851
161855
161860
161862
161863
161865
161866
161867
161875
161878
161881
161882
161886
161891
161893
161894
161896
161897
161898
161906
161909
161912
161913
161917
161922
161924
161925
161927
161928
161929
161937
161940
161943
161944
161948
161953
161955
161956
161958
161959
161960
161968
161971
161974
161975
161979
161984
161985
161986
161987
161988
161989
162038
162058
162063
162067
162071
162077
162086
162090
162094
162095
162096
162100
162101
162102
162103
162104
162105
162106
162107
162110
162112
162113
162115
162116
162118
162119
162120
162122
162124
162129
162147
162152
162156
162157
162158
162159
162162
162163
162164
162166
162167
162168
162169
162170
162171
162172
162173
162174
162177
162178
162186
162202
162208
162210
162211
162219
162235
162241
162243
162244
162245
162246
162247
162248
162249
162250
162251
162252
162253
162254
162256
162259
162260
162265
162267
162268
162269
162270
162271
162272
162273
162274
162275
162276
162277
162278
162279
162280
162282
162285
162287
162290
162291
162292
162294
162295
162297
162300
162302
162305
162309
162310
162311
162312
162313
162322
162325
162329
162330
162332
162333
162334
162335
162336
162337
162338
162341
162345
162347
162348
162351
162352
162353
162354
162355
162356
162357
162358
162359
162362
162363
162364
162365
162366
162367
162368
162369
162370
162371
162379
162382
162385
162386
162387
162388
162396
162399
162402
162403
162405
162406
162408
162409
162418
162421
162422
162429
162433
162435
162436
162443
162447
162449
162457
162458
162459
162460
162461
162463
162465
162466
162467
162470
162471
162472
162473
162474
162475
162478
162479
162482
162486
162491
162494
162499
162502
162507
162510
162515
162516
162518
162519
162520
162521
162522
162523
162524
162525
162526
162529
162530
162533
162544
162548
162550
162551
162554
162565
162569
162571
162572
162573
162574
162575
162576
162580
162584
162585
162588
162589
162590
162595
162599
162600
162603
162604
162605
162610
162614
162615
162616
162617
162618
162619
162620
162621
162622
162624
162628
162630
162632
162635
162636
162643
162645
162647
162650
162651
162658
162660
162661
162662
162663
162664
162665
162666
162667
162668
162669
162670
162671
162672
162673
162675
162676
162678
162684
162686
162692
162694
162697
162709
162710
162711
162712
162713
162714
162722
162725
162728
162729
162730
162741
162746
162749
162751
162763
162766
162768
162769
162770
162771
162772
162773
162774
162775
162776
162777
162778
162779
162780
162781
162782
162783
162784
162785
162786
162787
162788
162791
162792
162793
162795
162796
162797
162798
162799
162800
162801
162804
162805
162808
162812
162817
162820
162825
162826
162828
162829
162830
162831
162832
162833
162834
162835
162836
162837
162838
162839
162840
162843
162844
162847
162851
162856
162859
162864
162865
162867
162868
162869
162870
162875
162881
162882
162885
162886
162887
162888
162889
162890
162891
162892
162893
162902
162904
162917
162919
162932
162934
162937
162939
162943
162944
162945
162946
162947
162948
162956
162959
162962
162963
162964
162989
162997
162999
163003
163005
163007
163011
163015
163017
163018
163019
163023
163024
163025
163026
163027
163028
163029
163032
163033
163036
163040
163045
163048
163053
163054
163056
163057
163058
163059
163060
163061
163062
163063
163064
163067
163070
163071
163072
163073
163074
163079
163081
163086
163093
163095
163097
163102
163109
163111
163112
163113
163114
163115
163116
163117
163118
163119
163120
163121
163122
163123
163125
163126
163128
163134
163136
163142
163144
163147
163159
163160
163161
163162
163163
163164
163172
163175
163178
163179
163180
163191
163196
163199
163201
163213
163216
163218
163219
163220
163221
163222
163223
163224
163225
163226
163227
163228
163229
163230
163231
163232
163233
163234
163235
163236
163237
163238
163241
163242
163243
163245
163246
163247
163248
163249
163250
163251
163254
163255
163258
163262
163267
163270
163275
163276
163278
163279
163280
163281
163282
163283
163284
163285
163286
163287
163288
163289
163290
163293
163294
163297
163301
163306
163309
163314
163315
163317
163318
163319
163320
163325
163331
163332
163335
163336
163337
163338
163339
163340
163341
163342
163343
163352
163354
163367
163369
163382
163384
163387
163389
163393
163394
163395
163396
163397
163398
163406
163409
163412
163413
163414
163439
163447
163449
163453
163455
163457
163461
163465
163467
163468
163469
163473
163474
163475
163476
163477
163478
163479
163482
163483
163486
163490
163495
163498
163503
163504
163506
163507
163508
163509
163510
163511
163512
163513
163514
163517
163520
163521
163522
163523
163524
163529
163531
163536
163543
163545
163547
163552
163559
163561
163562
163563
163564
163565
163566
163567
163568
163569
163570
163571
163572
163573
163575
163576
163578
163584
163586
163592
163594
163597
163609
163610
163611
163612
163613
163614
163622
163625
163628
163629
163630
163641
163646
163649
163651
163663
163666
163668
163669
163670
163671
163672
163673
163674
163675
163676
163677
163678
163679
163680
163681
163682
163683
163684
163685
163686
163687
163688
163691
163692
163693
163695
163696
163697
163698
163699
163700
163701
163704
163705
163708
163712
163717
163720
163725
163726
163728
163729
163730
163731
163732
163733
163734
163735
163736
163737
163738
163739
163740
163743
163744
163747
163751
163756
163759
163764
163765
163767
163768
163769
163770
163775
163781
163782
163785
163786
163787
163788
163789
163790
163791
163792
163793
163802
163804
163817
163819
163832
163834
163837
163839
163843
163844
163845
163846
163847
163848
163856
163859
163862
163863
163864
163889
163897
163899
163903
163905
163907
163911
163915
163917
163918
163919
163923
163924
163925
163926
163927
163928
163929
163932
163933
163936
163940
163945
163948
163953
163954
163956
163957
163958
163959
163960
163961
163962
163963
163964
163967
163970
163971
163972
163973
163974
163979
163981
163986
163993
163995
163997
164002
164009
164011
164012
164013
164014
164015
164016
164017
164018
164019
164020
164021
164022
164023
164025
164026
164028
164034
164036
164042
164044
164047
164059
164060
164061
164062
164063
164064
164072
164075
164078
164079
164080
164091
164096
164099
164101
164113
164116
164118
164119
164120
164121
164122
164123
164124
164125
164126
164127
164128
164129
164130
164131
164132
164133
164134
164135
164136
164137
164138
164141
164142
164143
164145
164146
164147
164148
164149
164150
164151
164154
164155
164158
164162
164167
164170
164175
164176
164178
164179
164180
164181
164182
164183
164184
164185
164186
164187
164188
164189
164190
164193
164194
164197
164201
164206
164209
164214
164215
164217
164218
164219
164220
164225
164231
164232
164235
164236
164237
164238
164239
164240
164241
164242
164243
164252
164254
164267
164269
164282
164284
164287
164289
164293
164294
164295
164296
164297
164298
164306
164309
164312
164313
164314
164339
164347
164349
164353
164355
164357
164361
164365
164367
164368
164369
164373
164374
164375
164376
164377
164378
164379
164382
164383
164386
164390
164395
164398
164403
164404
164406
164407
164408
164409
164410
164411
164412
164413
164414
164417
164420
164421
164422
164423
164424
164428
164433
164438
164440
164445
164450
164452
164453
164454
164455
164456
164457
164460
164464
164465
164472
164475
164477
164480
164484
164487
164494
164498
164499
164506
164509
164511
164514
164518
164521
164528
164532
164534
164538
164541
164542
164547
164548
164549
164550
164551
164552
164553
164554
164555
164557
164558
164560
164566
164568
164574
164576
164579
164591
164592
164593
164594
164595
164596
164604
164607
164610
164611
164612
164623
164628
164631
164633
164645
164648
164650
164651
164652
164653
164654
164655
164656
164657
164660
164666
164667
164668
164669
164670
164671
164672
164673
164688
164691
164692
164693
164694
164695
164696
164697
164698
164700
164701
164705
164707
164708
164709
164710
164711
164712
164720
164723
164726
164727
164728
164729
164737
164740
164743
164744
164746
164747
164751
164758
164759
164760
164761
164762
164763
164771
164774
164777
164778
164779
164780
164788
164791
164794
164795
164797
164798
164799
164800
164801
164802
164803
164804
164812
164815
164818
164819
164820
164821
164829
164832
164835
164836
164838
164839
164840
164841
164842
164843
164844
164845
164853
164856
164859
164860
164861
164862
164870
164873
164876
164877
164879
164880
164881
164889
164891
164894
164898
164904
164911
164918
164923
164926
164933
164938
164949
164952
164959
164963
164968
164975
164980
164983
164990
164995
165006
165009
165016
165020
165025
165032
165037
165040
165047
165052
165063
165066
165073
165077
165080
165082
165087
165093
165096
165100
165101
165110
165111
165112
165113
165114
165115
165116
165117
165122
165123
165127
165128
165130
165132
165133
165134
165135
165136
165138
165139
165143
165144
165146
165148
165149
165150
165151
165152
165154
165157
165158
165165
165170
165171
165172
165173
165174
165175
165176
165177
165179
165184
165193
165196
165217
165221
165224
165245
165249
165251
165257
165263
165272
165273
165274
165276
165277
165278
165279
165280
165281
165282
165288
165289
165291
165292
165293
165301
165304
165307
165308
165312
165317
165319
165320
165322
165323
165324
165332
165335
165338
165339
165343
165348
165350
165351
165353
165354
165355
165363
165366
165369
165370
165374
165379
165381
165382
165384
165385
165386
165394
165397
165400
165401
165405
165410
165412
165413
165415
165416
165417
165425
165428
165431
165432
165436
165441
165443
165444
165446
165447
165448
165456
165459
165462
165463
165467
165472
165474
165475
165477
165478
165479
165487
165490
165493
165494
165498
165503
165505
165506
165508
165509
165510
165518
165521
165524
165525
165529
165534
165535
165536
165537
165538
165539
165588
165608
165613
165617
165621
165627
165636
165640
165644
165645
165646
165650
165651
165652
165653
165654
165655
165656
165657
165660
165662
165663
165665
165666
165668
165669
165670
165672
165674
165679
165697
165702
165706
165707
165708
165709
165712
165713
165714
165716
165717
165718
165719
165720
165721
165722
165723
165724
165725
165728
165730
165733
165739
165741
165744
165748
165750
165753
165759
165761
165764
165768
165770
165771
165772
165773
165774
165775
165776
165777
165778
165779
165780
165781
165790
165792
165795
165806
165808
165811
165822
165824
165826
165830
165832
165833
165840
165841
165842
165843
165844
165845
165853
165856
165859
165860
165861
165862
165870
165873
165876
165877
165879
165880
165905
165912
165917
165921
165923
165925
165926
165933
165937
165939
165940
165941
165945
165946
165947
165948
165949
165950
165951
165952
165955
165956
165959
165963
165968
165971
165976
165979
165984
165987
165992
165993
165995
165996
165997
165998
165999
166000
166001
166002
166003
166004
166005
166006
166007
166008
166009
166010
166011
166012
166013
166014
166016
166020
166022
166029
166035
166037
166044
166050
166052
166053
166054
166055
166056
166057
166058
166059
166060
166061
166062
166071
166073
166076
166087
166089
166092
166103
166105
166107
166111
166113
166114
166121
166122
166123
166124
166125
166126
166134
166137
166140
166141
166142
166143
166151
166154
166157
166158
166160
166161
166186
166193
166198
166202
166204
166206
166207
166214
166218
166220
166221
166222
166226
166227
166228
166229
166230
166231
166232
166233
166236
166237
166240
166244
166249
166252
166257
166260
166265
166268
166273
166274
166276
166277
166278
166279
166280
166281
166282
166283
166284
166292
166293
166300
166305
166307
166308
166315
166320
166322
166323
166324
166325
166326
166327
166328
166329
166330
166331
166332
166333
166334
166343
166345
166348
166359
166361
166364
166375
166377
166379
166383
166385
166386
166393
166394
166395
166396
166397
166398
166406
166409
166412
166413
166414
166415
166423
166426
166429
166430
166432
166433
166458
166465
166470
166474
166476
166478
166479
166486
166490
166492
166493
166494
166498
166499
166500
166501
166502
166503
166504
166505
166508
166509
166512
166516
166521
166524
166529
166532
166537
166540
166545
166546
166548
166549
166550
166551
166552
166553
166554
166555
166556
166557
166560
166561
166564
166576
166578
166579
166582
166594
166596
166599
166600
166601
166610
166615
166617
166618
166619
166628
166633
166635
166636
166637
166638
166639
166640
166641
166642
166643
166644
166645
166646
166647
166649
166650
166652
166653
166659
166661
166662
166668
166670
166672
166677
166678
166684
166685
166686
166687
166688
166689
166697
166700
166703
166704
166705
166706
166714
166717
166720
166721
166723
166724
166735
166740
166742
166744
166745
166751
166753
166755
166756
166757
166758
166759
166760
166761
166762
166763
166764
166765
166766
166768
166769
166770
166771
166772
166773
166774
166783
166785
166788
166799
166801
166804
166815
166817
166819
166823
166825
166826
166833
166834
166835
166836
166837
166838
166846
166849
166852
166853
166854
166855
166863
166866
166869
166870
166872
166873
166898
166905
166910
166914
166916
166918
166919
166926
166930
166932
166933
166934
166938
166939
166940
166941
166942
166943
166944
166945
166948
166949
166952
166956
166961
166964
166969
166972
166977
166980
166985
166986
166988
166989
166990
166991
166992
166993
166994
166995
166996
166998
167005
167006
167013
167018
167020
167021
167028
167033
167035
167036
167037
167038
167039
167040
167041
167042
167043
167044
167045
167046
167047
167056
167058
167061
167072
167074
167077
167088
167090
167092
167096
167098
167099
167106
167107
167108
167109
167110
167111
167119
167122
167125
167126
167127
167128
167136
167139
167142
167143
167145
167146
167171
167178
167183
167187
167189
167191
167192
167199
167203
167205
167206
167207
167211
167212
167213
167214
167215
167216
167217
167218
167221
167222
167225
167229
167234
167237
167242
167245
167250
167253
167258
167259
167261
167262
167263
167264
167265
167266
167267
167268
167269
167270
167273
167274
167277
167289
167291
167292
167295
167307
167309
167312
167313
167314
167323
167328
167330
167331
167332
167341
167346
167348
167349
167350
167351
167352
167353
167354
167355
167356
167357
167358
167359
167360
167362
167363
167365
167366
167372
167374
167375
167381
167383
167385
167390
167391
167397
167398
167399
167400
167401
167402
167410
167413
167416
167417
167418
167419
167427
167430
167433
167434
167436
167437
167448
167453
167455
167457
167458
167464
167466
167468
167469
167470
167471
167472
167473
167474
167475
167476
167477
167478
167479
167481
167482
167483
167484
167485
167486
167487
167496
167498
167501
167512
167514
167517
167528
167530
167532
167536
167538
167539
167546
167547
167548
167549
167550
167551
167559
167562
167565
167566
167567
167568
167576
167579
167582
167583
167585
167586
167611
167618
167623
167627
167629
167631
167632
167639
167643
167645
167646
167647
167651
167652
167653
167654
167655
167656
167657
167658
167661
167662
167665
167669
167674
167677
167682
167685
167690
167693
167698
167699
167701
167702
167703
167704
167705
167706
167707
167708
167709
167711
167718
167719
167726
167731
167733
167734
167741
167746
167748
167749
167750
167751
167752
167753
167754
167755
167756
167757
167758
167759
167760
167769
167771
167774
167785
167787
167790
167801
167803
167805
167809
167811
167812
167819
167820
167821
167822
167823
167824
167832
167835
167838
167839
167840
167841
167849
167852
167855
167856
167858
167859
167884
167891
167896
167900
167902
167904
167905
167912
167916
167918
167919
167920
167924
167925
167926
167927
167928
167929
167930
167931
167934
167935
167938
167942
167947
167950
167955
167958
167963
167966
167971
167972
167974
167975
167976
167977
167978
167979
167980
167981
167982
167983
167986
167987
167990
168002
168004
168005
168008
168020
168022
168025
168026
168027
168036
168041
168043
168044
168045
168054
168059
168061
168062
168063
168064
168065
168066
168067
168068
168069
168070
168071
168072
168073
168075
168076
168078
168079
168085
168087
168088
168094
168096
168098
168103
168104
168110
168111
168112
168113
168114
168115
168123
168126
168129
168130
168131
168132
168140
168143
168146
168147
168149
168150
168161
168166
168168
168170
168171
168177
168179
168181
168182
168183
168184
168185
168186
168187
168188
168189
168190
168191
168192
168194
168195
168196
168197
168198
168199
168200
168209
168211
168214
168225
168227
168230
168241
168243
168245
168249
168251
168252
168259
168260
168261
168262
168263
168264
168272
168275
168278
168279
168280
168281
168289
168292
168295
168296
168298
168299
168324
168331
168336
168340
168342
168344
168345
168352
168356
168358
168359
168360
168364
168365
168366
168367
168368
168369
168370
168371
168374
168375
168378
168382
168387
168390
168395
168398
168403
168406
168411
168412
168414
168415
168416
168417
168418
168419
168420
168421
168422
168424
168427
168429
168432
168433
168438
168440
168442
168445
168446
168451
168453
168454
168455
168456
168457
168458
168459
168460
168461
168462
168463
168464
168473
168475
168478
168489
168491
168494
168505
168507
168509
168513
168515
168516
168523
168524
168525
168526
168527
168528
168536
168539
168542
168543
168544
168545
168553
168556
168559
168560
168562
168563
168588
168595
168600
168604
168606
168608
168609
168616
168620
168622
168623
168624
168628
168629
168630
168631
168632
168633
168634
168635
168638
168639
168642
168646
168651
168654
168659
168662
168667
168670
168675
168676
168678
168679
168680
168681
168682
168683
168684
168685
168686
168689
168691
168692
168703
168705
168707
168708
168719
168721
168723
168725
168726
168731
168738
168740
168741
168746
168753
168755
168756
168757
168758
168759
168760
168761
168762
168763
168764
168765
168766
168767
168768
168769
168770
168771
168772
168774
168775
168777
168778
168784
168786
168787
168793
168795
168797
168802
168803
168809
168810
168811
168812
168813
168814
168822
168825
168828
168829
168830
168831
168839
168842
168845
168846
168848
168849
168860
168865
168867
168869
168870
168876
168878
168880
168881
168882
168883
168884
168885
168886
168887
168890
168891
168892
168893
168894
168895
168896
168897
168898
168899
168900
168902
168903
168905
168911
168913
168919
168921
168924
168936
168937
168938
168939
168940
168941
168949
168952
168955
168956
168957
168968
168973
168976
168978
168990
168993
168995
168996
168997
168998
168999
169000
169001
169002
169005
169006
169007
169016
169017
169018
169020
169023
169027
169038
169042
169044
169045
169046
169055
169056
169057
169059
169062
169066
169077
169081
169083
169085
169086
169088
169091
169094
169097
169098
169104
169106
169109
169112
169115
169116
169122
169124
169125
169126
169127
169128
169129
169130
169131
169132
169133
169134
169135
169136
169137
169139
169140
169142
169148
169150
169156
169158
169161
169173
169174
169175
169176
169177
169178
169186
169189
169192
169193
169194
169205
169210
169213
169215
169227
169230
169232
169233
169234
169235
169236
169237
169238
169239
169240
169241
169242
169243
169244
169245
169246
169247
169248
169249
169250
169251
169252
169255
169256
169257
169259
169260
169261
169262
169263
169264
169265
169268
169269
169272
169276
169281
169284
169289
169290
169292
169293
169294
169295
169296
169297
169298
169299
169300
169301
169302
169303
169304
169307
169308
169311
169315
169320
169323
169328
169329
169331
169332
169333
169334
169339
169345
169346
169349
169350
169351
169352
169353
169354
169355
169356
169357
169366
169368
169381
169383
169396
169398
169401
169403
169407
169408
169409
169410
169411
169412
169420
169423
169426
169427
169428
169453
169461
169463
169467
169469
169471
169475
169479
169481
169482
169483
169487
169488
169489
169490
169491
169492
169493
169496
169497
169500
169504
169509
169512
169517
169518
169520
169521
169522
169523
169524
169525
169526
169527
169528
169531
169534
169535
169536
169537
169538
169539
169540
169541
169542
169543
169544
169545
169546
169547
169548
169549
169558
169560
169573
169575
169588
169590
169593
169595
169599
169600
169601
169602
169603
169604
169612
169615
169618
169619
169620
169645
169653
169655
169659
169661
169663
169667
169671
169673
169674
169675
169679
169680
169681
169682
169683
169684
169685
169688
169689
169692
169696
169701
169704
169709
169710
169712
169713
169714
169715
169716
169717
169718
169719
169720
169723
169725
169733
169740
169742
169750
169757
169759
169760
169761
169762
169763
169764
169765
169766
169767
169768
169769
169773
169777
169779
169780
169800
169810
169812
169813
169833
169843
169845
169846
169849
169850
169851
169852
169853
169854
169855
169857
169862
169871
169874
169895
169899
169902
169923
169927
169929
169935
169941
169950
169951
169952
169954
169955
169956
169957
169958
169959
169960
169966
169967
169969
169970
169971
169979
169982
169985
169986
169990
169995
169997
169998
170000
170001
170002
170010
170013
170016
170017
170021
170026
170028
170029
170031
170032
170033
170041
170044
170047
170048
170052
170057
170059
170060
170062
170063
170064
170072
170075
170078
170079
170083
170088
170090
170091
170093
170094
170095
170103
170106
170109
170110
170114
170119
170121
170122
170124
170125
170126
170134
170137
170140
170141
170145
170150
170152
170153
170155
170156
170157
170165
170168
170171
170172
170176
170181
170183
170184
170186
170187
170188
170196
170199
170202
170203
170207
170212
170213
170214
170215
170216
170217
170266
170286
170291
170295
170299
170305
170314
170318
170322
170323
170324
170328
170329
170330
170331
170332
170333
170334
170335
170338
170340
170341
170343
170344
170346
170347
170348
170350
170352
170357
170375
170380
170384
170385
170386
170387
170390
170391
170392
170394
170395
170396
170397
170398
170399
170400
170401
170402
170409
170413
170414
170417
170424
170427
170428
170429
170430
170432
170438
170442
170445
170446
170448
170454
170457
170458
170459
170460
170462
170468
170472
170475
170476
170478
170484
170485
170486
170487
170488
170489
170490
170491
170492
170493
170494
170496
170501
170510
170513
170534
170538
170541
170562
170566
170568
170574
170580
170589
170590
170591
170593
170594
170595
170596
170597
170598
170599
170605
170606
170608
170609
170610
170618
170621
170624
170625
170629
170634
170636
170637
170639
170640
170641
170649
170652
170655
170656
170660
170665
170667
170668
170670
170671
170672
170680
170683
170686
170687
170691
170696
170698
170699
170701
170702
170703
170711
170714
170717
170718
170722
170727
170729
170730
170732
170733
170734
170742
170745
170748
170749
170753
170758
170760
170761
170763
170764
170765
170773
170776
170779
170780
170784
170789
170791
170792
170794
170795
170796
170804
170807
170810
170811
170815
170820
170822
170823
170825
170826
170827
170835
170838
170841
170842
170846
170851
170852
170853
170854
170855
170856
170905
170925
170930
170934
170938
170944
170953
170957
170961
170962
170963
170967
170968
170969
170970
170971
170972
170973
170974
170977
170979
170980
170982
170983
170985
170986
170987
170989
170991
170996
171014
171019
171023
171024
171025
171026
171029
171030
171031
171033
171034
171035
171036
171037
171038
171039
171040
171041
171042
171047
171065
171067
171085
171087
171088
171090
171096
171099
171100
171101
171102
171104
171110
171114
171117
171118
171120
171126
171129
171130
171131
171132
171134
171140
171144
171147
171148
171150
171156
171157
171158
171159
171160
171161
171162
171163
171164
171165
171166
171167
171168
171170
171171
171172
171174
171175
171187
171189
171190
171202
171204
171206
171211
171212
171218
171219
171220
171222
171223
171224
171225
171226
171227
171228
171234
171235
171237
171238
171239
171247
171250
171253
171254
171258
171263
171265
171266
171268
171269
171270
171278
171281
171284
171285
171289
171294
171296
171297
171299
171300
171301
171309
171312
171315
171316
171320
171325
171327
171328
171330
171331
171332
171340
171343
171346
171347
171351
171356
171358
171359
171361
171362
171363
171371
171374
171377
171378
171382
171387
171389
171390
171392
171393
171394
171402
171405
171408
171409
171413
171418
171420
171421
171423
171424
171425
171433
171436
171439
171440
171444
171449
171451
171452
171454
171455
171456
171464
171467
171470
171471
171475
171480
171481
171482
171483
171484
171485
171506
171511
171513
171515
171516
171522
171524
171526
171527
171528
171529
171530
171531
171532
171533
171534
171535
171536
171537
171538
171539
171540
171541
171542
171543
171545
171550
171559
171562
171583
171587
171590
171611
171615
171617
171623
171629
171638
171639
171640
171642
171643
171644
171645
171646
171647
171648
171654
171655
171657
171658
171659
171667
171670
171673
171674
171678
171683
171685
171686
171688
171689
171690
171698
171701
171704
171705
171709
171714
171716
171717
171719
171720
171721
171729
171732
171735
171736
171740
171745
171747
171748
171750
171751
171752
171760
171763
171766
171767
171771
171776
171778
171779
171781
171782
171783
171791
171794
171797
171798
171802
171807
171809
171810
171812
171813
171814
171822
171825
171828
171829
171833
171838
171840
171841
171843
171844
171845
171853
171856
171859
171860
171864
171869
171871
171872
171874
171875
171876
171884
171887
171890
171891
171895
171900
171901
171902
171903
171904
171905
171954
171974
171979
171983
171987
171993
172002
172006
172010
172011
172012
172016
172017
172018
172019
172020
172021
172022
172023
172026
172028
172029
172031
172032
172034
172035
172036
172038
172040
172045
172063
172068
172072
172073
172074
172075
172078
172079
172080
172082
172083
172084
172085
172086
172087
172088
172089
172090
172097
172101
172105
172106
172109
172116
172119
172120
172121
172122
172124
172130
172134
172137
172138
172140
172146
172149
172150
172151
172152
172154
172160
172164
172167
172168
172170
172176
172177
172178
172179
172180
172181
172182
172183
172184
172185
172186
172188
172193
172202
172205
172226
172230
172233
172254
172258
172260
172266
172272
172281
172282
172283
172285
172286
172287
172288
172289
172290
172291
172297
172298
172300
172301
172302
172310
172313
172316
172317
172321
172326
172328
172329
172331
172332
172333
172341
172344
172347
172348
172352
172357
172359
172360
172362
172363
172364
172372
172375
172378
172379
172383
172388
172390
172391
172393
172394
172395
172403
172406
172409
172410
172414
172419
172421
172422
172424
172425
172426
172434
172437
172440
172441
172445
172450
172452
172453
172455
172456
172457
172465
172468
172471
172472
172476
172481
172483
172484
172486
172487
172488
172496
172499
172502
172503
172507
172512
172514
172515
172517
172518
172519
172527
172530
172533
172534
172538
172543
172544
172545
172546
172547
172548
172597
172617
172622
172626
172630
172636
172645
172649
172653
172654
172655
172659
172660
172661
172662
172663
172664
172665
172666
172669
172671
172672
172674
172675
172677
172678
172679
172681
172683
172688
172706
172711
172715
172716
172717
172718
172721
172722
172723
172725
172726
172727
172728
172729
172730
172731
172732
172733
172734
172739
172757
172759
172777
172779
172780
172782
172788
172791
172792
172793
172794
172796
172802
172806
172809
172810
172812
172818
172821
172822
172823
172824
172826
172832
172836
172839
172840
172842
172848
172849
172850
172851
172852
172853
172854
172855
172856
172857
172858
172859
172860
172862
172863
172864
172866
172867
172879
172881
172882
172894
172896
172898
172903
172904
172910
172911
172912
172914
172915
172916
172917
172918
172919
172920
172926
172927
172929
172930
172931
172939
172942
172945
172946
172950
172955
172957
172958
172960
172961
172962
172970
172973
172976
172977
172981
172986
172988
172989
172991
172992
172993
173001
173004
173007
173008
173012
173017
173019
173020
173022
173023
173024
173032
173035
173038
173039
173043
173048
173050
173051
173053
173054
173055
173063
173066
173069
173070
173074
173079
173081
173082
173084
173085
173086
173094
173097
173100
173101
173105
173110
173112
173113
173115
173116
173117
173125
173128
173131
173132
173136
173141
173143
173144
173146
173147
173148
173156
173159
173162
173163
173167
173172
173173
173174
173175
173176
173177
173198
173203
173205
173207
173208
173214
173216
173218
173219
173220
173221
173222
173223
173224
173225
173226
173227
173228
173229
173230
173231
173232
173233
173234
173235
173237
173242
173251
173254
173275
173279
173282
173303
173307
173309
173315
173321
173330
173331
173332
173334
173335
173336
173337
173338
173339
173340
173346
173347
173349
173350
173351
173359
173362
173365
173366
173370
173375
173377
173378
173380
173381
173382
173390
173393
173396
173397
173401
173406
173408
173409
173411
173412
173413
173421
173424
173427
173428
173432
173437
173439
173440
173442
173443
173444
173452
173455
173458
173459
173463
173468
173470
173471
173473
173474
173475
173483
173486
173489
173490
173494
173499
173501
173502
173504
173505
173506
173514
173517
173520
173521
173525
173530
173532
173533
173535
173536
173537
173545
173548
173551
173552
173556
173561
173563
173564
173566
173567
173568
173576
173579
173582
173583
173587
173592
173593
173594
173595
173596
173597
173646
173666
173671
173675
173679
173685
173694
173698
173702
173703
173704
173708
173709
173710
173711
173712
173713
173714
173715
173718
173720
173721
173723
173724
173726
173727
173728
173730
173732
173737
173755
173760
173764
173765
173766
173767
173770
173771
173772
173774
173775
173776
173777
173778
173779
173780
173781
173782
173789
173793
173797
173798
173801
173808
173811
173812
173813
173814
173816
173822
173826
173829
173830
173832
173838
173841
173842
173843
173844
173846
173852
173856
173859
173860
173862
173868
173869
173870
173871
173872
173873
173874
173875
173876
173877
173878
173880
173885
173894
173897
173918
173922
173925
173946
173950
173952
173958
173964
173973
173974
173975
173977
173978
173979
173980
173981
173982
173983
173989
173990
173992
173993
173994
174002
174005
174008
174009
174013
174018
174020
174021
174023
174024
174025
174033
174036
174039
174040
174044
174049
174051
174052
174054
174055
174056
174064
174067
174070
174071
174075
174080
174082
174083
174085
174086
174087
174095
174098
174101
174102
174106
174111
174113
174114
174116
174117
174118
174126
174129
174132
174133
174137
174142
174144
174145
174147
174148
174149
174157
174160
174163
174164
174168
174173
174175
174176
174178
174179
174180
174188
174191
174194
174195
174199
174204
174206
174207
174209
174210
174211
174219
174222
174225
174226
174230
174235
174236
174237
174238
174239
174240
174289
174309
174314
174318
174322
174328
174337
174341
174345
174346
174347
174351
174352
174353
174354
174355
174356
174357
174358
174361
174363
174364
174366
174367
174369
174370
174371
174373
174375
174380
174398
174403
174407
174408
174409
174410
174413
174414
174415
174417
174418
174419
174420
174421
174422
174423
174424
174425
174426
174431
174449
174451
174469
174471
174472
174474
174480
174483
174484
174485
174486
174488
174494
174498
174501
174502
174504
174510
174513
174514
174515
174516
174518
174524
174528
174531
174532
174534
174540
174541
174542
174543
174544
174545
174546
174547
174548
174549
174550
174551
174552
174554
174555
174556
174558
174559
174571
174573
174574
174586
174588
174590
174595
174596
174602
174603
174604
174606
174607
174608
174609
174610
174611
174612
174618
174619
174621
174622
174623
174631
174634
174637
174638
174642
174647
174649
174650
174652
174653
174654
174662
174665
174668
174669
174673
174678
174680
174681
174683
174684
174685
174693
174696
174699
174700
174704
174709
174711
174712
174714
174715
174716
174724
174727
174730
174731
174735
174740
174742
174743
174745
174746
174747
174755
174758
174761
174762
174766
174771
174773
174774
174776
174777
174778
174786
174789
174792
174793
174797
174802
174804
174805
174807
174808
174809
174817
174820
174823
174824
174828
174833
174835
174836
174838
174839
174840
174848
174851
174854
174855
174859
174864
174865
174866
174867
174868
174869
174890
174895
174897
174899
174900
174906
174908
174910
174911
174912
174913
174914
174915
174916
174917
174918
174919
174920
174921
174922
174923
174924
174925
174926
174927
174929
174934
174943
174946
174967
174971
174974
174995
174999
175001
175007
175013
175022
175023
175024
175026
175027
175028
175029
175030
175031
175032
175038
175039
175041
175042
175043
175051
175054
175057
175058
175062
175067
175069
175070
175072
175073
175074
175082
175085
175088
175089
175093
175098
175100
175101
175103
175104
175105
175113
175116
175119
175120
175124
175129
175131
175132
175134
175135
175136
175144
175147
175150
175151
175155
175160
175162
175163
175165
175166
175167
175175
175178
175181
175182
175186
175191
175193
175194
175196
175197
175198
175206
175209
175212
175213
175217
175222
175224
175225
175227
175228
175229
175237
175240
175243
175244
175248
175253
175255
175256
175258
175259
175260
175268
175271
175274
175275
175279
175284
175285
175286
175287
175288
175289
175338
175358
175363
175367
175371
175377
175386
175390
175394
175395
175396
175400
175401
175402
175403
175404
175405
175406
175407
175410
175412
175413
175415
175416
175418
175419
175420
175422
175424
175429
175447
175452
175456
175457
175458
175459
175462
175463
175464
175466
175467
175468
175469
175470
175471
175472
175473
175474
175481
175485
175489
175490
175493
175500
175503
175504
175505
175506
175508
175514
175518
175521
175522
175524
175530
175533
175534
175535
175536
175538
175544
175548
175551
175552
175554
175560
175561
175562
175563
175564
175565
175566
175567
175568
175569
175570
175572
175577
175586
175589
175610
175614
175617
175638
175642
175644
175650
175656
175665
175666
175667
175669
175670
175671
175672
175673
175674
175675
175681
175682
175684
175685
175686
175694
175697
175700
175701
175705
175710
175712
175713
175715
175716
175717
175725
175728
175731
175732
175736
175741
175743
175744
175746
175747
175748
175756
175759
175762
175763
175767
175772
175774
175775
175777
175778
175779
175787
175790
175793
175794
175798
175803
175805
175806
175808
175809
175810
175818
175821
175824
175825
175829
175834
175836
175837
175839
175840
175841
175849
175852
175855
175856
175860
175865
175867
175868
175870
175871
175872
175880
175883
175886
175887
175891
175896
175898
175899
175901
175902
175903
175911
175914
175917
175918
175922
175927
175928
175929
175930
175931
175932
175981
176001
176006
176010
176014
176020
176029
176033
176037
176038
176039
176043
176044
176045
176046
176047
176048
176049
176050
176053
176055
176056
176058
176059
176061
176062
176063
176065
176067
176072
176090
176095
176099
176100
176101
176102
176105
176106
176107
176109
176110
176111
176112
176113
176114
176115
176116
176117
176118
176123
176141
176143
176161
176163
176164
176166
176172
176175
176176
176177
176178
176180
176186
176190
176193
176194
176196
176202
176205
176206
176207
176208
176210
176216
176220
176223
176224
176226
176232
176233
176234
176235
176236
176237
176238
176239
176240
176241
176242
176243
176244
176246
176247
176248
176250
176251
176263
176265
176266
176278
176280
176282
176287
176288
176294
176295
176296
176298
176299
176300
176301
176302
176303
176304
176310
176311
176313
176314
176315
176323
176326
176329
176330
176334
176339
176341
176342
176344
176345
176346
176354
176357
176360
176361
176365
176370
176372
176373
176375
176376
176377
176385
176388
176391
176392
176396
176401
176403
176404
176406
176407
176408
176416
176419
176422
176423
176427
176432
176434
176435
176437
176438
176439
176447
176450
176453
176454
176458
176463
176465
176466
176468
176469
176470
176478
176481
176484
176485
176489
176494
176496
176497
176499
176500
176501
176509
176512
176515
176516
176520
176525
176527
176528
176530
176531
176532
176540
176543
176546
176547
176551
176556
176557
176558
176559
176560
176561
176582
176587
176589
176591
176592
176598
176600
176602
176603
176604
176605
176606
176607
176608
176609
176610
176611
176612
176613
176614
176615
176616
176617
176618
176619
176621
176626
176635
176638
176659
176663
176666
176687
176691
176693
176699
176705
176714
176715
176716
176718
176719
176720
176721
176722
176723
176724
176730
176731
176733
176734
176735
176743
176746
176749
176750
176754
176759
176761
176762
176764
176765
176766
176774
176777
176780
176781
176785
176790
176792
176793
176795
176796
176797
176805
176808
176811
176812
176816
176821
176823
176824
176826
176827
176828
176836
176839
176842
176843
176847
176852
176854
176855
176857
176858
176859
176867
176870
176873
176874
176878
176883
176885
176886
176888
176889
176890
176898
176901
176904
176905
176909
176914
176916
176917
176919
176920
176921
176929
176932
176935
176936
176940
176945
176947
176948
176950
176951
176952
176960
176963
176966
176967
176971
176976
176977
176978
176979
176980
176981
177030
177050
177055
177059
177063
177069
177078
177082
177086
177087
177088
177092
177093
177094
177095
177096
177097
177098
177099
177102
177104
177105
177107
177108
177110
177111
177112
177114
177116
177121
177139
177144
177148
177149
177150
177151
177154
177155
177156
177158
177159
177160
177161
177162
177163
177164
177165
177166
177173
177177
177181
177182
177185
177192
177195
177196
177197
177198
177200
177206
177210
177213
177214
177216
177222
177225
177226
177227
177228
177230
177236
177240
177243
177244
177246
177252
177253
177254
177255
177256
177257
177258
177259
177260
177261
177262
177264
177269
177278
177281
177302
177306
177309
177330
177334
177336
177342
177348
177357
177358
177359
177361
177362
177363
177364
177365
177366
177367
177373
177374
177376
177377
177378
177386
177389
177392
177393
177397
177402
177404
177405
177407
177408
177409
177417
177420
177423
177424
177428
177433
177435
177436
177438
177439
177440
177448
177451
177454
177455
177459
177464
177466
177467
177469
177470
177471
177479
177482
177485
177486
177490
177495
177497
177498
177500
177501
177502
177510
177513
177516
177517
177521
177526
177528
177529
177531
177532
177533
177541
177544
177547
177548
177552
177557
177559
177560
177562
177563
177564
177572
177575
177578
177579
177583
177588
177590
177591
177593
177594
177595
177603
177606
177609
177610
177614
177619
177620
177621
177622
177623
177624
177673
177693
177698
177702
177706
177712
177721
177725
177729
177730
177731
177735
177736
177737
177738
177739
177740
177741
177742
177745
177747
177748
177750
177751
177753
177754
177755
177757
177759
177764
177782
177787
177791
177792
177793
177794
177797
177798
177799
177801
177802
177803
177804
177805
177806
177807
177808
177809
177810
177815
177833
177835
177853
177855
177856
177858
177864
177867
177868
177869
177870
177872
177878
177882
177885
177886
177888
177894
177897
177898
177899
177900
177902
177908
177912
177915
177916
177918
177924
177925
177926
177927
177928
177929
177930
177931
177932
177933
177934
177935
177936
177938
177939
177940
177942
177943
177955
177957
177958
177970
177972
177974
177979
177980
177986
177987
177988
177990
177991
177992
177993
177994
177995
177996
178002
178003
178005
178006
178007
178015
178018
178021
178022
178026
178031
178033
178034
178036
178037
178038
178046
178049
178052
178053
178057
178062
178064
178065
178067
178068
178069
178077
178080
178083
178084
178088
178093
178095
178096
178098
178099
178100
178108
178111
178114
178115
178119
178124
178126
178127
178129
178130
178131
178139
178142
178145
178146
178150
178155
178157
178158
178160
178161
178162
178170
178173
178176
178177
178181
178186
178188
178189
178191
178192
178193
178201
178204
178207
178208
178212
178217
178219
178220
178222
178223
178224
178232
178235
178238
178239
178243
178248
178249
178250
178251
178252
178253
178274
178279
178281
178283
178284
178290
178292
178294
178295
178296
178297
178298
178299
178300
178301
178302
178303
178304
178305
178306
178307
178308
178309
178310
178311
178313
178318
178327
178330
178351
178355
178358
178379
178383
178385
178391
178397
178406
178407
178408
178410
178411
178412
178413
178414
178415
178416
178422
178423
178425
178426
178427
178435
178438
178441
178442
178446
178451
178453
178454
178456
178457
178458
178466
178469
178472
178473
178477
178482
178484
178485
178487
178488
178489
178497
178500
178503
178504
178508
178513
178515
178516
178518
178519
178520
178528
178531
178534
178535
178539
178544
178546
178547
178549
178550
178551
178559
178562
178565
178566
178570
178575
178577
178578
178580
178581
178582
178590
178593
178596
178597
178601
178606
178608
178609
178611
178612
178613
178621
178624
178627
178628
178632
178637
178639
178640
178642
178643
178644
178652
178655
178658
178659
178663
178668
178669
178670
178671
178672
178673
178722
178742
178747
178751
178755
178761
178770
178774
178778
178779
178780
178784
178785
178786
178787
178788
178789
178790
178791
178794
178796
178797
178799
178800
178802
178803
178804
178806
178808
178813
178831
178836
178840
178841
178842
178843
178846
178847
178848
178850
178851
178852
178853
178854
178855
178856
178857
178858
178865
178867
178868
178872
178882
178884
178894
178896
178897
178898
178899
178900
178901
178902
178903
178904
178905
178906
178908
178913
178922
178925
178946
178950
178953
178974
178978
178980
178986
178992
179001
179002
179003
179005
179006
179007
179008
179009
179010
179011
179017
179018
179020
179021
179022
179030
179033
179036
179037
179041
179046
179048
179049
179051
179052
179053
179061
179064
179067
179068
179072
179077
179079
179080
179082
179083
179084
179092
179095
179098
179099
179103
179108
179110
179111
179113
179114
179115
179123
179126
179129
179130
179134
179139
179141
179142
179144
179145
179146
179154
179157
179160
179161
179165
179170
179172
179173
179175
179176
179177
179185
179188
179191
179192
179196
179201
179203
179204
179206
179207
179208
179216
179219
179222
179223
179227
179232
179234
179235
179237
179238
179239
179247
179250
179253
179254
179258
179263
179264
179265
179266
179267
179268
179317
179337
179342
179346
179350
179356
179365
179369
179373
179374
179375
179379
179380
179381
179382
179383
179384
179385
179386
179389
179391
179392
179394
179395
179397
179398
179399
179401
179403
179408
179426
179431
179435
179436
179437
179438
179441
179442
179443
179445
179446
179447
179448
179449
179450
179451
179452
179453
179458
179476
179478
179496
179498
179500
179502
179507
179509
179510
179512
179513
179518
179519
179524
179525
179528
179530
179535
179537
179538
179540
179541
179546
179547
179552
179553
179556
179558
179559
179560
179561
179562
179563
179564
179565
179569
179570
179571
179572
179573
179574
179575
179576
179579
179581
179582
179584
179585
179587
179588
179589
179591
179593
179598
179616
179621
179625
179626
179627
179628
179631
179632
179633
179635
179636
179637
179638
179639
179640
179641
179642
179643
179647
179648
179649
179650
179651
179654
179659
179660
179661
179662
179665
179666
179667
179668
179669
179670
179681
179683
179684
179693
179695
179696
179705
179707
179709
179711
179712
179717
179726
179728
179729
179734
179743
179745
179755
179756
179759
179761
179762
179763
179764
179765
179766
179767
179770
179775
179790
179791
179793
179794
179795
179796
179798
179819
179820
179827
179828
179829
179831
179832
179833
179834
179835
179836
179837
179839
179844
179848
179850
179852
179853
179854
179856
179859
179862
179863
179864
179865
179866
179867
179870
179871
179872
179873
179875
179876
179877
179878
179879
179880
179885
179886
179887
179888
179890
179891
179892
179893
179894
179895
179896
179898
179903
179907
179909
179911
179912
179913
179915
179918
179921
179922
179923
179924
179925
179926
179929
179930
179931
179932
179934
179935
179936
179937
179938
179941
179945
179946
179948
179955
179958
179959
179960
179962
179963
179964
179965
179966
179967
179968
179970
179975
179979
179981
179983
179984
179985
179987
179990
179993
179994
179995
179996
179997
179998
180001
180002
180003
180004
180006
180007
180008
180009
180010
180011
180012
180013
180019
180020
180030
180039
180044
180045
180046
180048
180049
180050
180051
180052
180053
180054
180056
180061
180065
180067
180069
180070
180071
180073
180076
180079
180080
180081
180082
180083
180084
180087
180088
180089
180090
180092
180093
180094
180095
180096
180097
180098
180106
180113
180114
180115
180116
180118
180119
180120
180121
180122
180123
180124
180126
180131
180135
180137
180139
180140
180141
180143
180146
180149
180150
180151
180152
180153
180154
180157
180158
180159
180160
180162
180163
180164
180165
180166
180167
180168
180176
180185
180186
180187
180189
180190
180191
180192
180193
180194
180195
180197
180202
180206
180208
180210
180211
180212
180214
180217
180220
180221
180222
180223
180224
180225
180228
180229
180230
180231
180233
180234
180235
180236
180237
180238
180239
180247
180253
180262
180267
180268
180269
180271
180272
180273
180274
180275
180276
180277
180279
180284
180288
180290
180292
180293
180294
180296
180299
180302
180303
180304
180305
180306
180307
180310
180311
180312
180313
180315
180316
180317
180318
180319
180320
180321
180322
180325
180326
180327
180329
180330
180331
180332
180333
180334
180335
180337
180342
180346
180348
180350
180351
180352
180354
180357
180360
180361
180362
180363
180364
180365
180368
180369
180370
180371
180373
180374
180375
180376
180377
180379
180384
180385
180386
180388
180389
180390
180391
180392
180393
180394
180396
180401
180405
180407
180409
180410
180411
180413
180416
180419
180420
180421
180422
180423
180424
180427
180428
180429
180430
180432
180433
180434
180435
180436
180437
180438
180440
180445
180446
180447
180449
180450
180451
180452
180453
180454
180455
180457
180462
180466
180468
180470
180471
180472
180474
180477
180480
180481
180482
180483
180484
180485
180488
180489
180490
180491
180493
180494
180495
180496
180497
180498
180500
180504
180508
180509
180513
180519
180522
180537
180538
180539
180540
180541
180542
180543
180544
180545
180547
180548
180549
180550
180551
180552
180557
180559
180560
180563
180565
180566
180567
180568
180569
180570
180571
180574
180579
180594
180595
180597
180598
180599
180600
180602
180623
180624
180631
180632
180633
180635
180636
180637
180638
180639
180640
180641
180643
180648
180652
180654
180656
180657
180658
180660
180663
180666
180667
180668
180669
180670
180671
180674
180675
180676
180677
180679
180680
180681
180682
180683
180684
180689
180690
180691
180692
180694
180695
180696
180697
180698
180699
180700
180702
180707
180711
180713
180715
180716
180717
180719
180722
180725
180726
180727
180728
180729
180730
180733
180734
180735
180736
180738
180739
180740
180741
180742
180745
180749
180750
180752
180759
180762
180763
180764
180766
180767
180768
180769
180770
180771
180772
180774
180779
180783
180785
180787
180788
180789
180791
180794
180797
180798
180799
180800
180801
180802
180805
180806
180807
180808
180810
180811
180812
180813
180814
180815
180816
180817
180823
180824
180834
180843
180848
180849
180850
180852
180853
180854
180855
180856
180857
180858
180860
180865
180869
180871
180873
180874
180875
180877
180880
180883
180884
180885
180886
180887
180888
180891
180892
180893
180894
180896
180897
180898
180899
180900
180901
180902
180910
180917
180918
180919
180920
180922
180923
180924
180925
180926
180927
180928
180930
180935
180939
180941
180943
180944
180945
180947
180950
180953
180954
180955
180956
180957
180958
180961
180962
180963
180964
180966
180967
180968
180969
180970
180971
180972
180980
180989
180990
180991
180993
180994
180995
180996
180997
180998
180999
181001
181006
181010
181012
181014
181015
181016
181018
181021
181024
181025
181026
181027
181028
181029
181032
181033
181034
181035
181037
181038
181039
181040
181041
181042
181043
181051
181057
181066
181071
181072
181073
181075
181076
181077
181078
181079
181080
181081
181083
181088
181092
181094
181096
181097
181098
181100
181103
181106
181107
181108
181109
181110
181111
181114
181115
181116
181117
181119
181120
181121
181122
181123
181124
181125
181126
181129
181130
181131
181133
181134
181135
181136
181137
181138
181139
181141
181146
181150
181152
181154
181155
181156
181158
181161
181164
181165
181166
181167
181168
181169
181172
181173
181174
181175
181177
181178
181179
181180
181181
181183
181188
181189
181190
181192
181193
181194
181195
181196
181197
181198
181200
181205
181209
181211
181213
181214
181215
181217
181220
181223
181224
181225
181226
181227
181228
181231
181232
181233
181234
181236
181237
181238
181239
181240
181241
181242
181244
181249
181250
181251
181253
181254
181255
181256
181257
181258
181259
181261
181266
181270
181272
181274
181275
181276
181278
181281
181284
181285
181286
181287
181288
181289
181292
181293
181294
181295
181297
181298
181299
181300
181301
181302
181304
181308
181312
181313
181317
181323
181326
181341
181342
181343
181344
181345
181346
181347
181348
181349
181351
181352
181353
181354
181355
181356
181361
181363
181370
181371
181383
181395
181396
181397
181398
181399
181400
181401
181402
181403
181404
181405
181406
181407
181408
181409
181410
181413
181414
181415
181423
181426
181429
181433
181434
181435
181436
181444
181447
181450
181454
181455
181456
181457
181465
181468
181471
181475
181476
181477
181478
181486
181489
181492
181496
181497
181498
181499
181500
181501
181502
181503
181504
181505
181508
181509
181510
181518
181521
181524
181528
181529
181530
181531
181539
181542
181545
181549
181550
181551
181552
181560
181563
181566
181570
181571
181572
181573
181581
181584
181587
181591
181592
181593
181594
181595
181596
181597
181598
181599
181600
181603
181604
181605
181613
181616
181619
181623
181624
181625
181626
181634
181637
181640
181644
181645
181646
181647
181655
181658
181661
181665
181666
181667
181668
181676
181679
181682
181686
181687
181688
181689
181690
181691
181692
181693
181694
181695
181698
181699
181700
181708
181711
181714
181718
181719
181720
181721
181729
181732
181735
181739
181740
181741
181742
181750
181753
181756
181760
181761
181762
181763
181771
181774
181777
181781
181782
181783
181784
181793
181794
181795
181796
181797
181798
181799
181800
181805
181806
181807
181808
181809
181810
181817
181824
181827
181831
181835
181843
181844
181846
181847
181848
181849
181856
181869
181872
181873
181875
181876
181877
181878
181879
181884
181888
181890
181891
181893
181894
181898
181901
181905
181906
181907
181908
181917
181918
181919
181920
181921
181922
181923
181928
181929
181930
181931
181933
181936
181944
181950
181957
181960
181968
181974
181981
181984
181992
181999
182000
182013
182014
182015
182016
182017
182018
182019
182020
182021
182022
182023
182024
182025
182026
182027
182028
182035
182045
182046
182047
182048
182049
182050
182053
182060
182073
182074
182075
182076
182077
182079
182080
182081
182082
182084
182105
182106
182113
182114
182115
182117
182118
182119
182120
182121
182122
182123
182125
182130
182134
182136
182138
182139
182140
182142
182145
182148
182149
182150
182151
182152
182153
182156
182157
182158
182159
182161
182162
182163
182164
182165
182166
182171
182172
182173
182174
182176
182177
182178
182179
182180
182181
182182
182184
182189
182193
182195
182197
182198
182199
182201
182204
182207
182208
182209
182210
182211
182212
182215
182216
182217
182218
182220
182221
182222
182223
182224
182227
182231
182232
182234
182241
182244
182245
182246
182248
182249
182250
182251
182252
182253
182254
182256
182261
182265
182267
182269
182270
182271
182273
182276
182279
182280
182281
182282
182283
182284
182287
182288
182289
182290
182292
182293
182294
182295
182296
182297
182298
182299
182305
182306
182316
182325
182330
182331
182332
182334
182335
182336
182337
182338
182339
182340
182342
182347
182351
182353
182355
182356
182357
182359
182362
182365
182366
182367
182368
182369
182370
182373
182374
182375
182376
182378
182379
182380
182381
182382
182383
182384
182392
182399
182400
182401
182402
182404
182405
182406
182407
182408
182409
182410
182412
182417
182421
182423
182425
182426
182427
182429
182432
182435
182436
182437
182438
182439
182440
182443
182444
182445
182446
182448
182449
182450
182451
182452
182453
182454
182462
182471
182472
182473
182475
182476
182477
182478
182479
182480
182481
182483
182488
182492
182494
182496
182497
182498
182500
182503
182506
182507
182508
182509
182510
182511
182514
182515
182516
182517
182519
182520
182521
182522
182523
182524
182525
182533
182539
182548
182553
182554
182555
182557
182558
182559
182560
182561
182562
182563
182565
182570
182574
182576
182578
182579
182580
182582
182585
182588
182589
182590
182591
182592
182593
182596
182597
182598
182599
182601
182602
182603
182604
182605
182606
182607
182608
182611
182612
182613
182615
182616
182617
182618
182619
182620
182621
182623
182628
182632
182634
182636
182637
182638
182640
182643
182646
182647
182648
182649
182650
182651
182654
182655
182656
182657
182659
182660
182661
182662
182663
182665
182670
182671
182672
182674
182675
182676
182677
182678
182679
182680
182682
182687
182691
182693
182695
182696
182697
182699
182702
182705
182706
182707
182708
182709
182710
182713
182714
182715
182716
182718
182719
182720
182721
182722
182723
182724
182726
182731
182732
182733
182735
182736
182737
182738
182739
182740
182741
182743
182748
182752
182754
182756
182757
182758
182760
182763
182766
182767
182768
182769
182770
182771
182774
182775
182776
182777
182779
182780
182781
182782
182783
182784
182786
182790
182794
182795
182799
182805
182808
182823
182824
182825
182826
182827
182828
182829
182830
182833
182834
182835
182836
182837
182838
182845
182858
182859
182861
182862
182863
182864
182866
182881
182883
182886
182888
182889
182892
182898
182904
182911
182914
182922
182928
182935
182938
182946
182952
182966
182967
182968
182969
182970
182971
182972
182973
182974
182975
182976
182977
182978
182979
182980
182981
182992
182993
182994
182995
182996
182997
183027
183028
183029
183031
183032
183033
183034
183036
183057
183058
183065
183066
183067
183069
183070
183071
183072
183073
183074
183075
183077
183082
183086
183088
183090
183091
183092
183094
183097
183100
183101
183102
183103
183104
183105
183108
183109
183110
183111
183113
183114
183115
183116
183117
183118
183123
183124
183125
183126
183128
183129
183130
183131
183132
183133
183134
183136
183141
183145
183147
183149
183150
183151
183153
183156
183159
183160
183161
183162
183163
183164
183167
183168
183169
183170
183172
183173
183174
183175
183176
183179
183183
183184
183186
183193
183196
183197
183198
183200
183201
183202
183203
183204
183205
183206
183208
183213
183217
183219
183221
183222
183223
183225
183228
183231
183232
183233
183234
183235
183236
183239
183240
183241
183242
183244
183245
183246
183247
183248
183249
183250
183251
183257
183258
183268
183277
183282
183283
183284
183286
183287
183288
183289
183290
183291
183292
183294
183299
183303
183305
183307
183308
183309
183311
183314
183317
183318
183319
183320
183321
183322
183325
183326
183327
183328
183330
183331
183332
183333
183334
183335
183336
183344
183351
183352
183353
183354
183356
183357
183358
183359
183360
183361
183362
183364
183369
183373
183375
183377
183378
183379
183381
183384
183387
183388
183389
183390
183391
183392
183395
183396
183397
183398
183400
183401
183402
183403
183404
183405
183406
183414
183423
183424
183425
183427
183428
183429
183430
183431
183432
183433
183435
183440
183444
183446
183448
183449
183450
183452
183455
183458
183459
183460
183461
183462
183463
183466
183467
183468
183469
183471
183472
183473
183474
183475
183476
183477
183485
183491
183500
183505
183506
183507
183509
183510
183511
183512
183513
183514
183515
183517
183522
183526
183528
183530
183531
183532
183534
183537
183540
183541
183542
183543
183544
183545
183548
183549
183550
183551
183553
183554
183555
183556
183557
183558
183559
183560
183563
183564
183565
183567
183568
183569
183570
183571
183572
183573
183575
183580
183584
183586
183588
183589
183590
183592
183595
183598
183599
183600
183601
183602
183603
183606
183607
183608
183609
183611
183612
183613
183614
183615
183617
183622
183623
183624
183626
183627
183628
183629
183630
183631
183632
183634
183639
183643
183645
183647
183648
183649
183651
183654
183657
183658
183659
183660
183661
183662
183665
183666
183667
183668
183670
183671
183672
183673
183674
183675
183676
183678
183683
183684
183685
183687
183688
183689
183690
183691
183692
183693
183695
183700
183704
183706
183708
183709
183710
183712
183715
183718
183719
183720
183721
183722
183723
183726
183727
183728
183729
183731
183732
183733
183734
183735
183736
183738
183742
183746
183747
183751
183757
183760
183775
183776
183777
183778
183779
183780
183781
183782
183785
183786
183787
183788
183789
183790
183791
183794
183815
183816
183818
183819
183820
183821
183823
183838
183840
183843
183845
183846
183849
183855
183861
183868
183871
183879
183885
183892
183895
183903
183909
183923
183924
183925
183926
183927
183928
183929
183930
183931
183932
183933
183934
183935
183936
183937
183938
183947
183948
183949
183950
183951
183952
183956
183961
183965
183968
183976
183977
183979
183980
183981
183982
183984
183999
184001
184004
184006
184007
184010
184016
184022
184029
184032
184040
184046
184053
184056
184064
184070
184084
184085
184086
184087
184088
184089
184090
184091
184092
184093
184094
184095
184096
184097
184098
184099
184109
184113
184116
184122
184123
184135
184147
184150
184156
184157
184158
184159
184160
184161
184162
184163
184164
184165
184168
184172
184174
184176
184177
184178
184179
184180
184181
184182
184183
184184
184185
184186
184187
184188
184189
184190
184191
184194
184195
184196
184204
184207
184210
184214
184215
184216
184217
184225
184228
184231
184235
184236
184237
184238
184246
184249
184252
184256
184257
184258
184259
184267
184270
184273
184277
184278
184279
184280
184281
184282
184283
184284
184285
184286
184289
184290
184291
184299
184302
184305
184309
184310
184311
184312
184320
184323
184326
184330
184331
184332
184333
184341
184344
184347
184351
184352
184353
184354
184362
184365
184368
184372
184373
184374
184375
184376
184377
184378
184379
184380
184381
184384
184385
184386
184394
184397
184400
184404
184405
184406
184407
184415
184418
184421
184425
184426
184427
184428
184436
184439
184442
184446
184447
184448
184449
184457
184460
184463
184467
184468
184469
184470
184471
184472
184473
184474
184475
184476
184479
184480
184481
184489
184492
184495
184499
184500
184501
184502
184510
184513
184516
184520
184521
184522
184523
184531
184534
184537
184541
184542
184543
184544
184552
184555
184558
184562
184563
184564
184565
184574
184575
184576
184577
184578
184579
184580
184581
184582
184585
184586
184587
184588
184589
184590
184593
184607
184608
184610
184611
184612
184613
184615
184630
184632
184635
184637
184638
184641
184647
184653
184660
184663
184671
184677
184684
184687
184695
184701
184715
184716
184717
184718
184719
184720
184721
184722
184726
184727
184728
184729
184730
184731
184734
184739
184742
184743
184744
184746
184747
184749
184750
184751
184752
184759
184772
184775
184776
184778
184779
184780
184781
184782
184787
184791
184793
184794
184796
184797
184801
184804
184808
184809
184810
184811
184820
184821
184822
184823
184824
184825
184826
184831
184832
184833
184834
184836
184839
184847
184853
184860
184863
184871
184877
184884
184887
184895
184902
184903
184916
184917
184918
184919
184920
184921
184922
184923
184924
184925
184926
184927
184928
184929
184930
184931
184932
184933
184934
184935
184936
184937
184940
184941
184942
184950
184953
184956
184960
184961
184962
184963
184971
184974
184977
184981
184982
184983
184984
184992
184995
184998
185002
185003
185004
185005
185013
185016
185019
185023
185024
185025
185026
185027
185028
185029
185030
185031
185032
185035
185036
185037
185045
185048
185051
185055
185056
185057
185058
185066
185069
185072
185076
185077
185078
185079
185087
185090
185093
185097
185098
185099
185100
185108
185111
185114
185118
185119
185120
185121
185122
185123
185124
185125
185126
185127
185130
185131
185132
185140
185143
185146
185150
185151
185152
185153
185161
185164
185167
185171
185172
185173
185174
185182
185185
185188
185192
185193
185194
185195
185203
185206
185209
185213
185214
185215
185216
185217
185218
185219
185220
185221
185222
185225
185226
185227
185235
185238
185241
185245
185246
185247
185248
185256
185259
185262
185266
185267
185268
185269
185277
185280
185283
185287
185288
185289
185290
185298
185301
185304
185308
185309
185310
185311
185320
185321
185322
185323
185324
185325
185326
185327
185328
185329
185330
185331
185332
185333
185334
185335
185336
185337
185338
185339
185342
185343
185344
185352
185355
185358
185362
185363
185364
185365
185373
185376
185379
185383
185384
185385
185386
185394
185397
185400
185404
185405
185406
185407
185415
185418
185421
185425
185426
185427
185428
185429
185430
185431
185432
185433
185434
185437
185438
185439
185447
185450
185453
185457
185458
185459
185460
185468
185471
185474
185478
185479
185480
185481
185489
185492
185495
185499
185500
185501
185502
185510
185513
185516
185520
185521
185522
185523
185524
185525
185526
185527
185528
185529
185532
185533
185534
185542
185545
185548
185552
185553
185554
185555
185563
185566
185569
185573
185574
185575
185576
185584
185587
185590
185594
185595
185596
185597
185605
185608
185611
185615
185616
185617
185618
185619
185620
185621
185622
185623
185624
185627
185628
185629
185637
185640
185643
185647
185648
185649
185650
185658
185661
185664
185668
185669
185670
185671
185679
185682
185685
185689
185690
185691
185692
185700
185703
185706
185710
185711
185712
185713
185722
185723
185724
185725
185726
185727
185728
185729
185730
185731
185732
185733
185734
185735
185736
185737
185738
185739
185740
185741
185744
185745
185746
185754
185757
185760
185764
185765
185766
185767
185775
185778
185781
185785
185786
185787
185788
185796
185799
185802
185806
185807
185808
185809
185817
185820
185823
185827
185828
185829
185830
185831
185832
185833
185834
185835
185836
185839
185840
185841
185849
185852
185855
185859
185860
185861
185862
185870
185873
185876
185880
185881
185882
185883
185891
185894
185897
185901
185902
185903
185904
185912
185915
185918
185922
185923
185924
185925
185926
185927
185928
185929
185930
185931
185934
185935
185936
185944
185947
185950
185954
185955
185956
185957
185965
185968
185971
185975
185976
185977
185978
185986
185989
185992
185996
185997
185998
185999
186007
186010
186013
186017
186018
186019
186020
186021
186022
186023
186024
186025
186026
186029
186030
186031
186039
186042
186045
186049
186050
186051
186052
186060
186063
186066
186070
186071
186072
186073
186081
186084
186087
186091
186092
186093
186094
186102
186105
186108
186112
186113
186114
186115
186124
186125
186126
186127
186128
186129
186130
186133
186134
186135
186136
186137
186138
186139
186142
186145
186149
186154
186158
186162
186166
186167
186169
186170
186171
186172
186173
186204
186205
186206
186207
186208
186209
186210
186211
186215
186216
186217
186218
186219
186220
186225
186238
186239
186241
186242
186243
186244
186245
186276
186277
186278
186279
186280
186281
186282
186283
186284
186285
186286
186287
186288
186289
186290
186291
186296
186301
186302
186303
186304
186305
186306
186307
186310
186313
186321
186325
186329
186333
186334
186336
186337
186338
186339
186340
186371
186372
186373
186374
186375
186376
186377
186378
186381
186383
186384
186385
186386
186387
186388
186391
186394
186409
186410
186412
186413
186414
186415
186416
186447
186448
186449
186450
186451
186452
186453
186454
186457
186458
186459
186460
186461
186462
186463
186466
186479
186480
186482
186483
186484
186485
186486
186517
186518
186519
186520
186521
186522
186523
186524
186527
186529
186530
186531
186532
186533
186534
186537
186554
186555
186557
186558
186559
186560
186561
186592
186593
186594
186595
186596
186597
186598
186599
186602
186603
186604
186605
186606
186607
186610
186623
186624
186626
186627
186628
186629
186630
186661
186662
186663
186664
186665
186666
186667
186668
186669
186670
186671
186672
186673
186674
186675
186676
186700
186707
186708
186710
186711
186712
186713
186714
186720
186729
186735
186748
186749
186750
186751
186752
186753
186754
186755
186756
186759
186760
186761
186762
186763
186764
186765
186770
186785
186786
186788
186789
186790
186791
186792
186823
186824
186825
186826
186827
186828
186829
186830
186833
186838
186841
186848
186849
186851
186852
186853
186854
186855
186861
186870
186876
186889
186890
186891
186892
186893
186894
186895
186898
186899
186900
186901
186902
186903
186906
186921
186922
186924
186925
186926
186927
186928
186959
186960
186961
186962
186963
186964
186965
186966
186969
186970
186971
186972
186973
186974
186975
186980
186993
186996
186997
186999
187000
187001
187002
187003
187034
187035
187036
187037
187038
187039
187040
187041
187044
187045
187046
187047
187048
187049
187050
187053
187068
187069
187071
187072
187073
187074
187075
187106
187107
187108
187109
187110
187111
187112
187113
187116
187117
187118
187119
187120
187121
187122
187125
187128
187143
187144
187146
187147
187148
187149
187150
187181
187182
187183
187184
187185
187186
187187
187188
187191
187192
187193
187194
187195
187196
187199
187214
187215
187217
187218
187219
187220
187221
187252
187253
187254
187255
187256
187257
187258
187259
187260
187261
187262
187263
187264
187265
187266
187267
187284
187285
187286
187287
187288
187289
187290
187293
187296
187311
187312
187314
187315
187316
187317
187318
187349
187350
187351
187352
187353
187354
187355
187356
187359
187360
187361
187362
187363
187364
187367
187382
187383
187385
187386
187387
187388
187389
187420
187421
187422
187423
187424
187425
187426
187427
187428
187429
187430
187431
187432
187433
187434
187435
187450
187451
187452
187453
187454
187455
187456
187459
187462
187477
187478
187480
187481
187482
187483
187484
187515
187516
187517
187518
187519
187520
187521
187522
187525
187526
187527
187528
187529
187530
187533
187548
187549
187551
187552
187553
187554
187555
187586
187587
187588
187589
187590
187591
187592
187593
187594
187595
187596
187597
187598
187599
187600
187601
187608
187614
187615
187616
187617
187618
187619
187627
187636
187637
187639
187640
187641
187642
187643
187674
187675
187676
187677
187678
187679
187680
187681
187684
187685
187686
187687
187688
187689
187690
187695
187710
187711
187713
187714
187715
187716
187717
187748
187749
187750
187751
187752
187753
187754
187755
187764
187771
187772
187774
187775
187776
187777
187778
187784
187793
187799
187812
187813
187814
187815
187816
187817
187818
187821
187822
187823
187824
187825
187826
187827
187830
187833
187848
187849
187851
187852
187853
187854
187855
187886
187887
187888
187889
187890
187891
187892
187893
187896
187909
187910
187912
187913
187914
187915
187916
187922
187931
187937
187950
187951
187952
187953
187954
187955
187956
187959
187960
187961
187962
187963
187964
187967
187982
187983
187985
187986
187987
187988
187989
188020
188021
188022
188023
188024
188025
188026
188027
188028
188030
188031
188032
188033
188034
188035
188036
188039
188041
188042
188044
188045
188047
188048
188049
188051
188053
188058
188076
188081
188085
188086
188087
188088
188091
188092
188093
188095
188096
188097
188098
188101
188102
188103
188104
188105
188106
188107
188110
188113
188128
188129
188131
188132
188133
188134
188135
188166
188167
188168
188169
188170
188171
188172
188173
188176
188177
188178
188179
188180
188181
188184
188199
188200
188202
188203
188204
188205
188206
188237
188238
188239
188240
188241
188242
188243
188244
188247
188248
188249
188250
188251
188252
188253
188256
188259
188274
188275
188277
188278
188279
188280
188281
188312
188313
188314
188315
188316
188317
188318
188319
188322
188323
188324
188325
188326
188327
188330
188343
188344
188346
188347
188348
188349
188350
188381
188382
188383
188384
188385
188386
188387
188388
188389
188390
188391
188392
188393
188394
188395
188396
188413
188414
188415
188416
188417
188418
188419
188422
188425
188440
188441
188443
188444
188445
188446
188447
188478
188479
188480
188481
188482
188483
188484
188485
188488
188489
188490
188491
188492
188493
188496
188509
188510
188512
188513
188514
188515
188516
188547
188548
188549
188550
188551
188552
188553
188554
188555
188556
188557
188558
188559
188560
188561
188562
188577
188578
188579
188580
188581
188582
188583
188586
188589
188604
188605
188607
188608
188609
188610
188611
188642
188643
188644
188645
188646
188647
188648
188649
188652
188653
188654
188655
188656
188657
188660
188673
188674
188676
188677
188678
188679
188680
188711
188712
188713
188714
188715
188716
188717
188718
188719
188720
188721
188722
188723
188724
188725
188726
188736
188739
188740
188741
188742
188743
188744
188750
188763
188764
188766
188767
188768
188769
188770
188801
188802
188803
188804
188805
188806
188807
188808
188809
188810
188811
188812
188813
188814
188815
188816
188823
188829
188830
188831
188832
188833
188834
188838
188853
188854
188856
188857
188858
188859
188860
188891
188892
188893
188894
188895
188896
188897
188898
188899
188900
188901
188902
188903
188904
188905
188906
188925
188926
188941
188948
188949
188951
188952
188953
188954
188955
188961
188970
188976
188989
188990
188991
188992
188993
188994
188995
188996
188997
189000
189001
189002
189003
189004
189005
189006
189011
189026
189027
189029
189030
189031
189032
189033
189064
189065
189066
189067
189068
189069
189070
189071
189074
189079
189082
189089
189090
189092
189093
189094
189095
189096
189102
189111
189117
189130
189131
189132
189133
189134
189135
189136
189139
189140
189141
189142
189143
189144
189147
189162
189163
189165
189166
189167
189168
189169
189200
189201
189202
189203
189204
189205
189206
189207
189210
189211
189212
189213
189214
189215
189216
189221
189234
189237
189238
189240
189241
189242
189243
189244
189275
189276
189277
189278
189279
189280
189281
189282
189285
189286
189287
189288
189289
189290
189291
189294
189309
189310
189312
189313
189314
189315
189316
189347
189348
189349
189350
189351
189352
189353
189354
189357
189358
189359
189360
189361
189362
189363
189366
189369
189384
189385
189387
189388
189389
189390
189391
189422
189423
189424
189425
189426
189427
189428
189429
189432
189433
189434
189435
189436
189437
189440
189455
189456
189458
189459
189460
189461
189462
189493
189494
189495
189496
189497
189498
189499
189500
189501
189502
189503
189504
189505
189506
189507
189508
189525
189526
189527
189528
189529
189530
189531
189534
189537
189552
189553
189555
189556
189557
189558
189559
189590
189591
189592
189593
189594
189595
189596
189597
189600
189601
189602
189603
189604
189605
189608
189623
189624
189626
189627
189628
189629
189630
189661
189662
189663
189664
189665
189666
189667
189668
189669
189670
189671
189672
189673
189674
189675
189676
189691
189692
189693
189694
189695
189696
189697
189700
189703
189718
189719
189721
189722
189723
189724
189725
189756
189757
189758
189759
189760
189761
189762
189763
189766
189767
189768
189769
189770
189771
189774
189789
189790
189792
189793
189794
189795
189796
189827
189828
189829
189830
189831
189832
189833
189834
189835
189836
189837
189838
189839
189840
189841
189842
189849
189855
189856
189857
189858
189859
189860
189868
189877
189878
189880
189881
189882
189883
189884
189915
189916
189917
189918
189919
189920
189921
189922
189925
189926
189927
189928
189929
189930
189931
189936
189951
189952
189954
189955
189956
189957
189958
189989
189990
189991
189992
189993
189994
189995
189996
190005
190012
190013
190015
190016
190017
190018
190019
190025
190034
190040
190053
190054
190055
190056
190057
190058
190059
190062
190063
190064
190065
190066
190067
190068
190071
190074
190089
190090
190092
190093
190094
190095
190096
190127
190128
190129
190130
190131
190132
190133
190134
190137
190150
190151
190153
190154
190155
190156
190157
190163
190172
190178
190191
190192
190193
190194
190195
190196
190197
190200
190201
190202
190203
190204
190205
190208
190223
190224
190226
190227
190228
190229
190230
190261
190262
190263
190264
190265
190266
190267
190268
190269
190271
190272
190273
190274
190275
190276
190277
190280
190282
190283
190285
190286
190288
190289
190290
190292
190294
190299
190317
190322
190326
190327
190328
190329
190332
190333
190334
190336
190337
190338
190339
190342
190343
190344
190345
190346
190347
190348
190351
190354
190369
190370
190372
190373
190374
190375
190376
190407
190408
190409
190410
190411
190412
190413
190414
190417
190418
190419
190420
190421
190422
190425
190440
190441
190443
190444
190445
190446
190447
190478
190479
190480
190481
190482
190483
190484
190485
190488
190489
190490
190491
190492
190493
190494
190497
190500
190515
190516
190518
190519
190520
190521
190522
190553
190554
190555
190556
190557
190558
190559
190560
190563
190564
190565
190566
190567
190568
190571
190584
190585
190587
190588
190589
190590
190591
190622
190623
190624
190625
190626
190627
190628
190629
190630
190631
190632
190633
190634
190635
190636
190637
190654
190655
190656
190657
190658
190659
190660
190663
190666
190681
190682
190684
190685
190686
190687
190688
190719
190720
190721
190722
190723
190724
190725
190726
190729
190730
190731
190732
190733
190734
190737
190750
190751
190753
190754
190755
190756
190757
190788
190789
190790
190791
190792
190793
190794
190795
190796
190797
190798
190799
190800
190801
190802
190803
190818
190819
190820
190821
190822
190823
190824
190827
190830
190845
190846
190848
190849
190850
190851
190852
190883
190884
190885
190886
190887
190888
190889
190890
190893
190894
190895
190896
190897
190898
190901
190914
190915
190917
190918
190919
190920
190921
190952
190953
190954
190955
190956
190957
190958
190959
190960
190961
190962
190963
190964
190965
190966
190967
190977
190980
190981
190982
190983
190984
190985
190991
191004
191005
191007
191008
191009
191010
191011
191042
191043
191044
191045
191046
191047
191048
191049
191050
191051
191052
191053
191054
191055
191056
191057
191064
191070
191071
191072
191073
191074
191075
191079
191094
191095
191097
191098
191099
191100
191101
191132
191133
191134
191135
191136
191137
191138
191139
191140
191141
191142
191143
191144
191145
191146
191147
191166
191167
191182
191189
191190
191192
191193
191194
191195
191196
191202
191211
191217
191230
191231
191232
191233
191234
191235
191236
191237
191238
191241
191242
191243
191244
191245
191246
191247
191252
191267
191268
191270
191271
191272
191273
191274
191305
191306
191307
191308
191309
191310
191311
191312
191315
191320
191323
191330
191331
191333
191334
191335
191336
191337
191343
191352
191358
191371
191372
191373
191374
191375
191376
191377
191380
191381
191382
191383
191384
191385
191388
191403
191404
191406
191407
191408
191409
191410
191441
191442
191443
191444
191445
191446
191447
191448
191451
191452
191453
191454
191455
191456
191457
191462
191475
191478
191479
191481
191482
191483
191484
191485
191516
191517
191518
191519
191520
191521
191522
191523
191526
191527
191528
191529
191530
191531
191532
191535
191550
191551
191553
191554
191555
191556
191557
191588
191589
191590
191591
191592
191593
191594
191595
191598
191599
191600
191601
191602
191603
191604
191607
191610
191625
191626
191628
191629
191630
191631
191632
191663
191664
191665
191666
191667
191668
191669
191670
191673
191674
191675
191676
191677
191678
191681
191696
191697
191699
191700
191701
191702
191703
191734
191735
191736
191737
191738
191739
191740
191741
191742
191743
191744
191745
191746
191747
191748
191749
191766
191767
191768
191769
191770
191771
191772
191775
191778
191793
191794
191796
191797
191798
191799
191800
191831
191832
191833
191834
191835
191836
191837
191838
191841
191842
191843
191844
191845
191846
191849
191864
191865
191867
191868
191869
191870
191871
191902
191903
191904
191905
191906
191907
191908
191909
191910
191911
191912
191913
191914
191915
191916
191917
191932
191933
191934
191935
191936
191937
191938
191941
191944
191959
191960
191962
191963
191964
191965
191966
191997
191998
191999
192000
192001
192002
192003
192004
192007
192008
192009
192010
192011
192012
192015
192030
192031
192033
192034
192035
192036
192037
192068
192069
192070
192071
192072
192073
192074
192075
192076
192077
192078
192079
192080
192081
192082
192083
192090
192096
192097
192098
192099
192100
192101
192109
192118
192119
192121
192122
192123
192124
192125
192156
192157
192158
192159
192160
192161
192162
192163
192166
192167
192168
192169
192170
192171
192172
192177
192192
192193
192195
192196
192197
192198
192199
192230
192231
192232
192233
192234
192235
192236
192237
192246
192253
192254
192256
192257
192258
192259
192260
192266
192275
192281
192294
192295
192296
192297
192298
192299
192300
192303
192304
192305
192306
192307
192308
192309
192312
192315
192330
192331
192333
192334
192335
192336
192337
192368
192369
192370
192371
192372
192373
192374
192375
192378
192391
192392
192394
192395
192396
192397
192398
192404
192413
192419
192432
192433
192434
192435
192436
192437
192438
192441
192442
192443
192444
192445
192446
192449
192464
192465
192467
192468
192469
192470
192471
192502
192503
192504
192505
192506
192507
192508
192509
192510
192512
192513
192514
192515
192516
192517
192518
192521
192523
192524
192526
192527
192529
192530
192531
192533
192535
192540
192558
192563
192567
192568
192569
192570
192573
192574
192575
192577
192578
192579
192580
192583
192584
192585
192586
192587
192588
192589
192592
192595
192610
192611
192613
192614
192615
192616
192617
192648
192649
192650
192651
192652
192653
192654
192655
192658
192659
192660
192661
192662
192663
192666
192681
192682
192684
192685
192686
192687
192688
192719
192720
192721
192722
192723
192724
192725
192726
192729
192730
192731
192732
192733
192734
192735
192738
192741
192756
192757
192759
192760
192761
192762
192763
192794
192795
192796
192797
192798
192799
192800
192801
192804
192805
192806
192807
192808
192809
192812
192825
192826
192828
192829
192830
192831
192832
192863
192864
192865
192866
192867
192868
192869
192870
192871
192872
192873
192874
192875
192876
192877
192878
192895
192896
192897
192898
192899
192900
192901
192904
192907
192922
192923
192925
192926
192927
192928
192929
192960
192961
192962
192963
192964
192965
192966
192967
192970
192971
192972
192973
192974
192975
192978
192991
192992
192994
192995
192996
192997
192998
193029
193030
193031
193032
193033
193034
193035
193036
193037
193038
193039
193040
193041
193042
193043
193044
193059
193060
193061
193062
193063
193064
193065
193068
193071
193086
193087
193089
193090
193091
193092
193093
193124
193125
193126
193127
193128
193129
193130
193131
193134
193135
193136
193137
193138
193139
193142
193155
193156
193158
193159
193160
193161
193162
193193
193194
193195
193196
193197
193198
193199
193200
193201
193202
193203
193204
193205
193206
193207
193208
193218
193221
193222
193223
193224
193225
193226
193232
193245
193246
193248
193249
193250
193251
193252
193283
193284
193285
193286
193287
193288
193289
193290
193291
193292
193293
193294
193295
193296
193297
193298
193305
193311
193312
193313
193314
193315
193316
193320
193335
193336
193338
193339
193340
193341
193342
193373
193374
193375
193376
193377
193378
193379
193380
193381
193382
193383
193384
193385
193386
193387
193388
193407
193408
193423
193430
193431
193433
193434
193435
193436
193437
193443
193452
193458
193471
193472
193473
193474
193475
193476
193477
193478
193479
193482
193483
193484
193485
193486
193487
193488
193493
193508
193509
193511
193512
193513
193514
193515
193546
193547
193548
193549
193550
193551
193552
193553
193556
193561
193564
193571
193572
193574
193575
193576
193577
193578
193584
193593
193599
193612
193613
193614
193615
193616
193617
193618
193621
193622
193623
193624
193625
193626
193629
193644
193645
193647
193648
193649
193650
193651
193682
193683
193684
193685
193686
193687
193688
193689
193692
193693
193694
193695
193696
193697
193698
193703
193716
193719
193720
193722
193723
193724
193725
193726
193757
193758
193759
193760
193761
193762
193763
193764
193767
193768
193769
193770
193771
193772
193773
193776
193791
193792
193794
193795
193796
193797
193798
193829
193830
193831
193832
193833
193834
193835
193836
193839
193840
193841
193842
193843
193844
193845
193848
193851
193866
193867
193869
193870
193871
193872
193873
193904
193905
193906
193907
193908
193909
193910
193911
193914
193915
193916
193917
193918
193919
193922
193937
193938
193940
193941
193942
193943
193944
193975
193976
193977
193978
193979
193980
193981
193982
193983
193984
193985
193986
193987
193988
193989
193990
194007
194008
194009
194010
194011
194012
194013
194016
194019
194034
194035
194037
194038
194039
194040
194041
194072
194073
194074
194075
194076
194077
194078
194079
194082
194083
194084
194085
194086
194087
194090
194105
194106
194108
194109
194110
194111
194112
194143
194144
194145
194146
194147
194148
194149
194150
194151
194152
194153
194154
194155
194156
194157
194158
194173
194174
194175
194176
194177
194178
194179
194182
194185
194200
194201
194203
194204
194205
194206
194207
194238
194239
194240
194241
194242
194243
194244
194245
194248
194249
194250
194251
194252
194253
194256
194271
194272
194274
194275
194276
194277
194278
194309
194310
194311
194312
194313
194314
194315
194316
194317
194318
194319
194320
194321
194322
194323
194324
194331
194337
194338
194339
194340
194341
194342
194350
194359
194360
194362
194363
194364
194365
194366
194397
194398
194399
194400
194401
194402
194403
194404
194407
194408
194409
194410
194411
194412
194413
194418
194433
194434
194436
194437
194438
194439
194440
194471
194472
194473
194474
194475
194476
194477
194478
194487
194494
194495
194497
194498
194499
194500
194501
194507
194516
194522
194535
194536
194537
194538
194539
194540
194541
194544
194545
194546
194547
194548
194549
194550
194553
194556
194571
194572
194574
194575
194576
194577
194578
194609
194610
194611
194612
194613
194614
194615
194616
194619
194632
194633
194635
194636
194637
194638
194639
194645
194654
194660
194673
194674
194675
194676
194677
194678
194679
194682
194683
194684
194685
194686
194687
194690
194705
194706
194708
194709
194710
194711
194712
194743
194744
194745
194746
194747
194748
194749
194750
194751
194753
194754
194755
194756
194757
194758
194759
194762
194764
194765
194767
194768
194770
194771
194772
194774
194776
194781
194799
194804
194808
194809
194810
194811
194814
194815
194816
194818
194819
194820
194821
194824
194825
194826
194827
194828
194829
194830
194833
194836
194851
194852
194854
194855
194856
194857
194858
194889
194890
194891
194892
194893
194894
194895
194896
194899
194900
194901
194902
194903
194904
194907
194922
194923
194925
194926
194927
194928
194929
194960
194961
194962
194963
194964
194965
194966
194967
194970
194971
194972
194973
194974
194975
194976
194979
194982
194997
194998
195000
195001
195002
195003
195004
195035
195036
195037
195038
195039
195040
195041
195042
195045
195046
195047
195048
195049
195050
195053
195066
195067
195069
195070
195071
195072
195073
195104
195105
195106
195107
195108
195109
195110
195111
195112
195113
195114
195115
195116
195117
195118
195119
195136
195137
195138
195139
195140
195141
195142
195145
195148
195163
195164
195166
195167
195168
195169
195170
195201
195202
195203
195204
195205
195206
195207
195208
195211
195212
195213
195214
195215
195216
195219
195232
195233
195235
195236
195237
195238
195239
195270
195271
195272
195273
195274
195275
195276
195277
195278
195279
195280
195281
195282
195283
195284
195285
195300
195301
195302
195303
195304
195305
195306
195309
195312
195327
195328
195330
195331
195332
195333
195334
195365
195366
195367
195368
195369
195370
195371
195372
195375
195376
195377
195378
195379
195380
195383
195396
195397
195399
195400
195401
195402
195403
195434
195435
195436
195437
195438
195439
195440
195441
195442
195443
195444
195445
195446
195447
195448
195449
195459
195462
195463
195464
195465
195466
195467
195473
195486
195487
195489
195490
195491
195492
195493
195524
195525
195526
195527
195528
195529
195530
195531
195532
195533
195534
195535
195536
195537
195538
195539
195546
195552
195553
195554
195555
195556
195557
195561
195576
195577
195579
195580
195581
195582
195583
195614
195615
195616
195617
195618
195619
195620
195621
195622
195623
195624
195625
195626
195627
195628
195629
195648
195649
195664
195671
195672
195674
195675
195676
195677
195678
195684
195693
195699
195712
195713
195714
195715
195716
195717
195718
195719
195720
195723
195724
195725
195726
195727
195728
195729
195734
195749
195750
195752
195753
195754
195755
195756
195787
195788
195789
195790
195791
195792
195793
195794
195797
195802
195805
195812
195813
195815
195816
195817
195818
195819
195825
195834
195840
195853
195854
195855
195856
195857
195858
195859
195862
195863
195864
195865
195866
195867
195870
195885
195886
195888
195889
195890
195891
195892
195923
195924
195925
195926
195927
195928
195929
195930
195933
195934
195935
195936
195937
195938
195939
195944
195957
195960
195961
195963
195964
195965
195966
195967
195998
195999
196000
196001
196002
196003
196004
196005
196008
196009
196010
196011
196012
196013
196014
196017
196032
196033
196035
196036
196037
196038
196039
196070
196071
196072
196073
196074
196075
196076
196077
196080
196081
196082
196083
196084
196085
196086
196089
196092
196107
196108
196110
196111
196112
196113
196114
196145
196146
196147
196148
196149
196150
196151
196152
196155
196156
196157
196158
196159
196160
196163
196178
196179
196181
196182
196183
196184
196185
196216
196217
196218
196219
196220
196221
196222
196223
196224
196225
196226
196227
196228
196229
196230
196231
196248
196249
196250
196251
196252
196253
196254
196257
196260
196275
196276
196278
196279
196280
196281
196282
196313
196314
196315
196316
196317
196318
196319
196320
196323
196324
196325
196326
196327
196328
196331
196346
196347
196349
196350
196351
196352
196353
196384
196385
196386
196387
196388
196389
196390
196391
196392
196393
196394
196395
196396
196397
196398
196399
196414
196415
196416
196417
196418
196419
196420
196423
196426
196441
196442
196444
196445
196446
196447
196448
196479
196480
196481
196482
196483
196484
196485
196486
196489
196490
196491
196492
196493
196494
196497
196512
196513
196515
196516
196517
196518
196519
196550
196551
196552
196553
196554
196555
196556
196557
196558
196559
196560
196561
196562
196563
196564
196565
196572
196578
196579
196580
196581
196582
196583
196591
196600
196601
196603
196604
196605
196606
196607
196638
196639
196640
196641
196642
196643
196644
196645
196648
196649
196650
196651
196652
196653
196654
196659
196674
196675
196677
196678
196679
196680
196681
196712
196713
196714
196715
196716
196717
196718
196719
196728
196735
196736
196738
196739
196740
196741
196742
196748
196757
196763
196776
196777
196778
196779
196780
196781
196782
196785
196786
196787
196788
196789
196790
196791
196794
196797
196812
196813
196815
196816
196817
196818
196819
196850
196851
196852
196853
196854
196855
196856
196857
196860
196873
196874
196876
196877
196878
196879
196880
196886
196895
196901
196914
196915
196916
196917
196918
196919
196920
196923
196924
196925
196926
196927
196928
196931
196946
196947
196949
196950
196951
196952
196953
196984
196985
196986
196987
196988
196989
196990
196991
196992
196994
196995
196996
196997
196998
196999
197000
197003
197005
197006
197008
197009
197011
197012
197013
197015
197017
197022
197040
197045
197049
197050
197051
197052
197055
197056
197057
197059
197060
197061
197062
197065
197066
197067
197068
197069
197070
197071
197074
197077
197092
197093
197095
197096
197097
197098
197099
197130
197131
197132
197133
197134
197135
197136
197137
197140
197141
197142
197143
197144
197145
197148
197163
197164
197166
197167
197168
197169
197170
197201
197202
197203
197204
197205
197206
197207
197208
197211
197212
197213
197214
197215
197216
197217
197220
197223
197238
197239
197241
197242
197243
197244
197245
197276
197277
197278
197279
197280
197281
197282
197283
197286
197287
197288
197289
197290
197291
197294
197307
197308
197310
197311
197312
197313
197314
197345
197346
197347
197348
197349
197350
197351
197352
197353
197354
197355
197356
197357
197358
197359
197360
197377
197378
197379
197380
197381
197382
197383
197386
197389
197404
197405
197407
197408
197409
197410
197411
197442
197443
197444
197445
197446
197447
197448
197449
197452
197453
197454
197455
197456
197457
197460
197473
197474
197476
197477
197478
197479
197480
197511
197512
197513
197514
197515
197516
197517
197518
197519
197520
197521
197522
197523
197524
197525
197526
197541
197542
197543
197544
197545
197546
197547
197550
197553
197568
197569
197571
197572
197573
197574
197575
197606
197607
197608
197609
197610
197611
197612
197613
197616
197617
197618
197619
197620
197621
197624
197637
197638
197640
197641
197642
197643
197644
197675
197676
197677
197678
197679
197680
197681
197682
197683
197684
197685
197686
197687
197688
197689
197690
197700
197703
197704
197705
197706
197707
197708
197714
197727
197728
197730
197731
197732
197733
197734
197765
197766
197767
197768
197769
197770
197771
197772
197773
197774
197775
197776
197777
197778
197779
197780
197787
197793
197794
197795
197796
197797
197798
197802
197817
197818
197820
197821
197822
197823
197824
197855
197856
197857
197858
197859
197860
197861
197862
197863
197864
197865
197866
197867
197868
197869
197870
197889
197894
197903
197904
197923
197924
197927
197928
197929
197930
197931
197932
197933
197936
197939
197954
197955
197957
197958
197959
197960
197961
197992
197993
197994
197995
197996
197997
197998
197999
198002
198011
198012
198031
198032
198035
198036
198037
198038
198039
198040
198043
198058
198059
198061
198062
198063
198064
198065
198096
198097
198098
198099
198100
198101
198102
198103
198106
198107
198108
198109
198110
198111
198112
198115
198118
198133
198134
198136
198137
198138
198139
198140
198171
198172
198173
198174
198175
198176
198177
198178
198181
198182
198183
198184
198185
198186
198189
198204
198205
198207
198208
198209
198210
198211
198242
198243
198244
198245
198246
198247
198248
198249
198252
198253
198254
198255
198256
198257
198258
198261
198264
198279
198280
198282
198283
198284
198285
198286
198317
198318
198319
198320
198321
198322
198323
198324
198327
198328
198329
198330
198331
198332
198335
198350
198351
198353
198354
198355
198356
198357
198388
198389
198390
198391
198392
198393
198394
198395
198396
198397
198398
198399
198400
198401
198402
198403
198418
198419
198420
198421
198422
198423
198424
198427
198430
198445
198446
198448
198449
198450
198451
198452
198483
198484
198485
198486
198487
198488
198489
198490
198493
198494
198495
198496
198497
198498
198501
198516
198517
198519
198520
198521
198522
198523
198554
198555
198556
198557
198558
198559
198560
198561
198562
198563
198564
198565
198566
198567
198568
198569
198584
198585
198586
198587
198588
198589
198590
198593
198596
198611
198612
198614
198615
198616
198617
198618
198649
198650
198651
198652
198653
198654
198655
198656
198659
198660
198661
198662
198663
198664
198667
198682
198683
198685
198686
198687
198688
198689
198720
198721
198722
198723
198724
198725
198726
198727
198728
198729
198730
198731
198732
198733
198734
198735
198742
198748
198749
198750
198751
198752
198753
198761
198770
198771
198773
198774
198775
198776
198777
198808
198809
198810
198811
198812
198813
198814
198815
198818
198819
198820
198821
198822
198823
198824
198827
198844
198845
198847
198848
198849
198850
198851
198882
198883
198884
198885
198886
198887
198888
198889
198892
198901
198902
198921
198922
198925
198926
198927
198928
198929
198930
198931
198934
198937
198952
198953
198955
198956
198957
198958
198959
198990
198991
198992
198993
198994
198995
198996
198997
199000
199009
199010
199029
199030
199033
199034
199035
199036
199037
199038
199041
199056
199057
199059
199060
199061
199062
199063
199094
199095
199096
199097
199098
199099
199100
199101
199102
199104
199105
199106
199107
199108
199109
199110
199113
199115
199116
199118
199119
199121
199122
199123
199125
199127
199132
199150
199155
199159
199160
199161
199162
199165
199166
199167
199169
199170
199171
199172
199175
199176
199177
199178
199179
199180
199181
199184
199187
199202
199203
199205
199206
199207
199208
199209
199240
199241
199242
199243
199244
199245
199246
199247
199250
199251
199252
199253
199254
199255
199258
199273
199274
199276
199277
199278
199279
199280
199311
199312
199313
199314
199315
199316
199317
199318
199321
199322
199323
199324
199325
199326
199327
199330
199333
199348
199349
199351
199352
199353
199354
199355
199386
199387
199388
199389
199390
199391
199392
199393
199396
199397
199398
199399
199400
199401
199404
199417
199418
199420
199421
199422
199423
199424
199455
199456
199457
199458
199459
199460
199461
199462
199463
199464
199465
199466
199467
199468
199469
199470
199485
199486
199487
199488
199489
199490
199491
199494
199497
199512
199513
199515
199516
199517
199518
199519
199550
199551
199552
199553
199554
199555
199556
199557
199560
199561
199562
199563
199564
199565
199568
199581
199582
199584
199585
199586
199587
199588
199619
199620
199621
199622
199623
199624
199625
199626
199627
199628
199629
199630
199631
199632
199633
199634
199649
199650
199651
199652
199653
199654
199655
199658
199661
199676
199677
199679
199680
199681
199682
199683
199714
199715
199716
199717
199718
199719
199720
199721
199724
199725
199726
199727
199728
199729
199732
199745
199746
199748
199749
199750
199751
199752
199783
199784
199785
199786
199787
199788
199789
199790
199791
199792
199793
199794
199795
199796
199797
199798
199811
199814
199815
199816
199817
199818
199819
199822
199837
199838
199840
199841
199842
199843
199844
199875
199876
199877
199878
199879
199880
199881
199882
199883
199884
199885
199886
199887
199888
199889
199890
199905
199906
199907
199908
199909
199910
199911
199914
199931
199932
199934
199935
199936
199937
199938
199969
199970
199971
199972
199973
199974
199975
199976
199977
199978
199979
199980
199981
199982
199983
199984
199987
200010
200011
200030
200031
200034
200035
200036
200037
200038
200039
200040
200043
200046
200061
200062
200064
200065
200066
200067
200068
200099
200100
200101
200102
200103
200104
200105
200106
200109
200118
200119
200138
200139
200142
200143
200144
200145
200146
200147
200150
200165
200166
200168
200169
200170
200171
200172
200203
200204
200205
200206
200207
200208
200209
200210
200213
200214
200215
200216
200217
200218
200219
200222
200225
200240
200241
200243
200244
200245
200246
200247
200278
200279
200280
200281
200282
200283
200284
200285
200288
200289
200290
200291
200292
200293
200296
200311
200312
200314
200315
200316
200317
200318
200349
200350
200351
200352
200353
200354
200355
200356
200359
200360
200361
200362
200363
200364
200365
200368
200371
200386
200387
200389
200390
200391
200392
200393
200424
200425
200426
200427
200428
200429
200430
200431
200434
200435
200436
200437
200438
200439
200442
200457
200458
200460
200461
200462
200463
200464
200495
200496
200497
200498
200499
200500
200501
200502
200503
200504
200505
200506
200507
200508
200509
200510
200513
200526
200527
200528
200529
200530
200531
200532
200535
200550
200551
200553
200554
200555
200556
200557
200588
200589
200590
200591
200592
200593
200594
200595
200598
200599
200600
200601
200602
200603
200606
200621
200622
200624
200625
200626
200627
200628
200659
200660
200661
200662
200663
200664
200665
200666
200667
200668
200669
200670
200671
200672
200673
200674
200677
200690
200691
200692
200693
200694
200695
200696
200699
200714
200715
200717
200718
200719
200720
200721
200752
200753
200754
200755
200756
200757
200758
200759
200762
200763
200764
200765
200766
200767
200770
200785
200786
200788
200789
200790
200791
200792
200823
200824
200825
200826
200827
200828
200829
200830
200831
200832
200833
200834
200835
200836
200837
200838
200845
200850
200851
200852
200853
200854
200855
200862
200871
200872
200874
200875
200876
200877
200878
200909
200910
200911
200912
200913
200914
200915
200916
200919
200920
200921
200922
200923
200924
200925
200928
200931
200946
200947
200949
200950
200951
200952
200953
200984
200985
200986
200987
200988
200989
200990
200991
200995
201008
201009
201011
201012
201013
201014
201015
201021
201030
201036
201049
201050
201051
201052
201053
201054
201055
201058
201059
201060
201061
201062
201063
201064
201072
201081
201082
201084
201085
201086
201087
201088
201119
201120
201121
201122
201123
201124
201125
201126
201130
201131
201132
201133
201134
201135
201136
201139
201142
201159
201160
201162
201163
201164
201165
201166
201172
201181
201187
201200
201201
201202
201203
201204
201205
201206
201209
201210
201211
201212
201213
201214
201217
201230
201231
201232
201233
201234
201236
201237
201238
201239
201240
201271
201272
201273
201274
201275
201276
201277
201278
201281
201282
201283
201284
201285
201286
201287
201296
201299
201300
201301
201302
201303
201304
201309
201310
201314
201315
201316
201317
201318
201319
201320
201321
201326
201327
201331
201334
201338
201339
201347
201349
201350
201354
201357
201361
201362
201370
201372
201373
201375
201377
201378
201382
201385
201392
201394
201395
201399
201402
201409
201411
201412
201413
201414
201415
201416
201417
201418
201419
201421
201425
201426
201428
201429
201437
201443
201445
201446
201454
201460
201462
201463
201464
201465
201466
201467
201468
201469
201470
201471
201472
201473
201474
201475
201477
201478
201480
201481
201487
201489
201490
201496
201498
201500
201505
201506
201512
201513
201514
201515
201516
201517
201520
201521
201522
201530
201533
201536
201540
201541
201542
201543
201551
201554
201557
201561
201562
201563
201564
201572
201575
201578
201582
201583
201584
201585
201593
201596
201599
201603
201604
201605
201606
201617
201622
201624
201626
201627
201633
201635
201637
201638
201639
201640
201641
201642
201643
201644
201645
201646
201647
201648
201649
201650
201651
201652
201653
201654
201655
201656
201657
201660
201661
201662
201663
201665
201666
201667
201668
201669
201670
201671
201674
201675
201678
201682
201687
201690
201695
201698
201703
201706
201711
201714
201719
201722
201727
201730
201735
201738
201743
201744
201746
201747
201748
201749
201750
201751
201752
201753
201754
201755
201756
201757
201758
201761
201762
201765
201769
201774
201777
201782
201785
201790
201793
201798
201801
201806
201809
201814
201817
201822
201825
201830
201831
201833
201834
201835
201836
201839
201840
201846
201847
201850
201851
201852
201853
201854
201855
201856
201860
201861
201868
201869
201876
201879
201883
201884
201891
201894
201898
201899
201903
201907
201909
201910
201919
201920
201921
201922
201923
201924
201927
201928
201929
201937
201940
201943
201947
201948
201949
201950
201958
201961
201964
201968
201969
201970
201971
201979
201982
201985
201989
201990
201991
201992
202000
202003
202006
202010
202011
202012
202013
202016
202021
202036
202041
202046
202051
202055
202059
202061
202062
202071
202075
202079
202080
202081
202082
202086
202087
202088
202089
202090
202091
202092
202093
202096
202097
202100
202104
202109
202112
202117
202120
202125
202128
202133
202136
202141
202144
202149
202152
202157
202160
202165
202166
202168
202169
202170
202171
202172
202173
202174
202175
202176
202179
202182
202183
202184
202185
202186
202188
202189
202191
202192
202195
202196
202202
202204
202205
202208
202209
202215
202217
202218
202219
202220
202221
202222
202223
202224
202225
202226
202227
202228
202229
202230
202232
202233
202235
202236
202242
202244
202245
202251
202253
202255
202260
202261
202267
202268
202269
202270
202271
202272
202280
202283
202286
202287
202288
202289
202297
202300
202303
202304
202306
202307
202318
202323
202325
202327
202328
202334
202336
202338
202339
202340
202341
202342
202343
202344
202345
202346
202347
202348
202349
202350
202351
202352
202353
202354
202355
202356
202357
202358
202361
202362
202363
202364
202366
202367
202368
202369
202370
202371
202372
202375
202376
202379
202383
202388
202391
202396
202399
202404
202407
202412
202413
202415
202416
202417
202418
202419
202420
202421
202422
202423
202424
202425
202426
202427
202430
202431
202434
202438
202443
202446
202451
202454
202459
202462
202467
202468
202470
202471
202472
202473
202478
202484
202485
202488
202489
202490
202491
202492
202493
202494
202495
202496
202505
202507
202510
202521
202523
202526
202537
202539
202541
202545
202547
202548
202555
202556
202557
202558
202559
202560
202568
202571
202574
202575
202576
202577
202585
202588
202591
202592
202594
202595
202620
202627
202632
202636
202638
202640
202641
202648
202652
202654
202655
202656
202660
202661
202662
202663
202664
202665
202666
202667
202670
202671
202674
202678
202683
202686
202691
202694
202699
202702
202707
202708
202710
202711
202712
202713
202714
202715
202716
202717
202718
202721
202724
202725
202726
202727
202728
202730
202732
202734
202737
202738
202745
202747
202749
202752
202753
202760
202762
202763
202764
202765
202766
202767
202768
202769
202770
202771
202772
202773
202774
202776
202777
202779
202785
202787
202793
202795
202798
202810
202811
202812
202813
202814
202815
202823
202826
202829
202830
202831
202842
202847
202850
202852
202864
202867
202869
202870
202871
202872
202873
202874
202875
202876
202877
202878
202879
202880
202881
202882
202883
202884
202885
202886
202887
202888
202889
202892
202893
202894
202896
202897
202898
202899
202900
202901
202902
202905
202906
202909
202913
202918
202921
202926
202927
202929
202930
202931
202932
202933
202934
202935
202936
202937
202938
202939
202940
202941
202944
202945
202948
202952
202957
202960
202965
202966
202968
202969
202970
202971
202976
202982
202983
202986
202987
202988
202989
202990
202991
202992
202993
202994
203003
203005
203018
203020
203033
203035
203038
203040
203044
203045
203046
203047
203048
203049
203057
203060
203063
203064
203065
203090
203098
203100
203104
203106
203108
203112
203116
203118
203119
203120
203124
203125
203126
203127
203128
203129
203130
203133
203134
203137
203141
203146
203149
203154
203155
203157
203158
203159
203160
203161
203162
203163
203164
203165
203168
203171
203172
203173
203174
203175
203179
203181
203184
203185
203193
203195
203197
203200
203201
203209
203211
203212
203213
203214
203215
203216
203217
203218
203219
203220
203221
203222
203223
203225
203226
203228
203234
203236
203242
203244
203247
203259
203260
203261
203262
203263
203264
203272
203275
203278
203279
203280
203291
203296
203299
203301
203313
203316
203318
203319
203320
203321
203322
203323
203324
203325
203326
203327
203328
203329
203330
203331
203332
203333
203334
203335
203336
203337
203338
203341
203342
203343
203345
203346
203347
203348
203349
203350
203351
203354
203355
203358
203362
203367
203370
203375
203376
203378
203379
203380
203381
203382
203383
203384
203385
203386
203387
203388
203389
203390
203393
203394
203397
203401
203406
203409
203414
203415
203417
203418
203419
203420
203425
203431
203432
203435
203436
203437
203438
203439
203440
203441
203442
203443
203452
203454
203467
203469
203482
203484
203487
203489
203493
203494
203495
203496
203497
203498
203506
203509
203512
203513
203514
203539
203547
203549
203553
203555
203557
203561
203565
203567
203568
203569
203573
203574
203575
203576
203577
203578
203579
203582
203583
203586
203590
203595
203598
203603
203604
203606
203607
203608
203609
203610
203611
203612
203613
203614
203617
203620
203621
203622
203623
203624
203628
203630
203633
203634
203642
203644
203646
203649
203650
203658
203660
203661
203662
203663
203664
203665
203666
203667
203668
203669
203670
203671
203672
203674
203675
203677
203683
203685
203691
203693
203696
203708
203709
203710
203711
203712
203713
203721
203724
203727
203728
203729
203740
203745
203748
203750
203762
203765
203767
203768
203769
203770
203771
203772
203773
203774
203775
203776
203777
203778
203779
203780
203781
203782
203783
203784
203785
203786
203787
203790
203791
203792
203794
203795
203796
203797
203798
203799
203800
203803
203804
203807
203811
203816
203819
203824
203825
203827
203828
203829
203830
203831
203832
203833
203834
203835
203836
203837
203838
203839
203842
203843
203846
203850
203855
203858
203863
203864
203866
203867
203868
203869
203874
203880
203881
203884
203885
203886
203887
203888
203889
203890
203891
203892
203901
203903
203916
203918
203931
203933
203936
203938
203942
203943
203944
203945
203946
203947
203955
203958
203961
203962
203963
203988
203996
203998
204002
204004
204006
204010
204014
204016
204017
204018
204022
204023
204024
204025
204026
204027
204028
204031
204032
204035
204039
204044
204047
204052
204053
204055
204056
204057
204058
204059
204060
204061
204062
204063
204066
204069
204070
204071
204072
204073
204077
204079
204082
204083
204091
204093
204095
204098
204099
204107
204109
204110
204111
204112
204113
204114
204115
204116
204117
204118
204119
204120
204121
204123
204124
204126
204132
204134
204140
204142
204145
204157
204158
204159
204160
204161
204162
204170
204173
204176
204177
204178
204189
204194
204197
204199
204211
204214
204216
204217
204218
204219
204220
204221
204222
204223
204224
204225
204226
204227
204228
204229
204230
204231
204232
204233
204234
204235
204236
204239
204240
204241
204243
204244
204245
204246
204247
204248
204249
204252
204253
204256
204260
204265
204268
204273
204274
204276
204277
204278
204279
204280
204281
204282
204283
204284
204285
204286
204287
204288
204291
204292
204295
204299
204304
204307
204312
204313
204315
204316
204317
204318
204323
204329
204330
204333
204334
204335
204336
204337
204338
204339
204340
204341
204350
204352
204365
204367
204380
204382
204385
204387
204391
204392
204393
204394
204395
204396
204404
204407
204410
204411
204412
204437
204445
204447
204451
204453
204455
204459
204463
204465
204466
204467
204471
204472
204473
204474
204475
204476
204477
204480
204481
204484
204488
204493
204496
204501
204502
204504
204505
204506
204507
204508
204509
204510
204511
204512
204515
204518
204519
204520
204521
204522
204525
204527
204530
204532
204537
204538
204539
204541
204544
204546
204551
204552
204553
204555
204556
204557
204558
204559
204560
204562
204565
204576
204577
204582
204583
204592
204593
204603
204609
204622
204623
204638
204640
204641
204646
204647
204656
204657
204667
204673
204686
204687
204702
204704
204706
204707
204713
204714
204743
204745
204746
204775
204777
204778
204779
204780
204781
204782
204783
204784
204785
204786
204787
204788
204789
204791
204792
204793
204795
204796
204808
204810
204811
204823
204825
204827
204832
204833
204839
204840
204841
204843
204844
204845
204846
204847
204848
204849
204855
204856
204858
204859
204860
204868
204871
204874
204875
204879
204884
204886
204887
204889
204890
204891
204899
204902
204905
204906
204910
204915
204917
204918
204920
204921
204922
204930
204933
204936
204937
204941
204946
204948
204949
204951
204952
204953
204961
204964
204967
204968
204972
204977
204979
204980
204982
204983
204984
204992
204995
204998
204999
205003
205008
205010
205011
205013
205014
205015
205023
205026
205029
205030
205034
205039
205041
205042
205044
205045
205046
205054
205057
205060
205061
205065
205070
205072
205073
205075
205076
205077
205085
205088
205091
205092
205096
205101
205102
205103
205104
205105
205106
205127
205132
205134
205136
205137
205143
205145
205147
205148
205149
205150
205151
205152
205153
205154
205155
205156
205157
205158
205159
205160
205161
205162
205163
205164
205166
205171
205180
205183
205204
205208
205211
205232
205236
205238
205244
205250
205259
205260
205261
205263
205264
205265
205266
205267
205268
205269
205275
205276
205278
205279
205280
205288
205291
205294
205295
205299
205304
205306
205307
205309
205310
205311
205319
205322
205325
205326
205330
205335
205337
205338
205340
205341
205342
205350
205353
205356
205357
205361
205366
205368
205369
205371
205372
205373
205381
205384
205387
205388
205392
205397
205399
205400
205402
205403
205404
205412
205415
205418
205419
205423
205428
205430
205431
205433
205434
205435
205443
205446
205449
205450
205454
205459
205461
205462
205464
205465
205466
205474
205477
205480
205481
205485
205490
205492
205493
205495
205496
205497
205505
205508
205511
205512
205516
205521
205522
205523
205524
205525
205526
205575
205595
205600
205604
205608
205614
205623
205627
205631
205632
205633
205637
205638
205639
205640
205641
205642
205643
205644
205647
205649
205650
205652
205653
205655
205656
205657
205659
205661
205666
205684
205689
205693
205694
205695
205696
205699
205700
205701
205703
205704
205705
205706
205707
205708
205709
205710
205711
205716
205717
205738
205744
205746
205747
205768
205774
205776
205777
205778
205779
205780
205781
205782
205783
205784
205785
205786
205787
205788
205789
205792
205793
205794
205795
205796
205797
205798
205799
205800
205801
205802
205803
205806
205808
205809
205811
205812
205814
205815
205816
205818
205820
205825
205843
205848
205852
205853
205854
205855
205858
205859
205860
205862
205863
205864
205865
205866
205867
205868
205869
205870
205871
205872
205873
205874
205877
205879
205880
205882
205883
205885
205886
205887
205889
205891
205896
205914
205919
205923
205924
205925
205926
205929
205930
205931
205933
205934
205935
205936
205939
205940
205945
205950
205951
205958
205959
205962
205963
205964
205965
205966
205967
205968
205970
205975
205984
205987
206008
206012
206015
206036
206040
206042
206048
206054
206063
206064
206065
206067
206068
206069
206070
206071
206072
206073
206079
206080
206082
206083
206084
206092
206095
206098
206099
206103
206108
206110
206111
206113
206114
206115
206123
206126
206129
206130
206134
206139
206141
206142
206144
206145
206146
206154
206157
206160
206161
206165
206170
206172
206173
206175
206176
206177
206185
206188
206191
206192
206196
206201
206203
206204
206206
206207
206208
206216
206219
206222
206223
206227
206232
206234
206235
206237
206238
206239
206247
206250
206253
206254
206258
206263
206265
206266
206268
206269
206270
206278
206281
206284
206285
206289
206294
206296
206297
206299
206300
206301
206309
206312
206315
206316
206320
206325
206326
206327
206328
206329
206330
206379
206399
206404
206408
206412
206418
206427
206431
206435
206436
206437
206441
206442
206443
206444
206445
206446
206447
206448
206451
206453
206454
206456
206457
206459
206460
206461
206463
206465
206470
206488
206493
206497
206498
206499
206500
206503
206504
206505
206507
206508
206509
206510
206511
206512
206513
206514
206515
206518
206521
206522
206523
206524
206525
206526
206527
206528
206530
206532
206533
206536
206549
206551
206552
206555
206568
206570
206571
206572
206573
206574
206575
206576
206577
206578
206579
206581
206584
206585
206590
206592
206593
206594
206595
206596
206597
206598
206599
206600
206601
206602
206603
206604
206605
206607
206610
206612
206615
206616
206617
206619
206620
206622
206625
206627
206630
206634
206635
206636
206637
206638
206647
206650
206654
206655
206657
206658
206659
206660
206661
206662
206663
206666
206670
206672
206673
206676
206677
206678
206679
206680
206681
206682
206683
206684
206687
206688
206689
206690
206691
206692
206693
206694
206695
206696
206704
206707
206710
206711
206712
206713
206721
206724
206727
206728
206730
206731
206733
206734
206743
206746
206747
206754
206758
206760
206761
206768
206772
206774
206782
206783
206784
206785
206786
206788
206790
206791
206792
206795
206796
206797
206798
206799
206800
206803
206804
206807
206811
206816
206819
206824
206827
206832
206835
206840
206841
206843
206844
206845
206846
206847
206848
206849
206850
206851
206853
206854
206856
206857
206858
206868
206870
206871
206872
206882
206884
206885
206886
206887
206890
206891
206892
206893
206894
206895
206896
206897
206899
206900
206901
206903
206904
206908
206909
206910
206911
206912
206913
206914
206915
206916
206917
206920
206921
206924
206928
206933
206936
206941
206942
206944
206945
206946
206947
206948
206950
206951
206955
206958
206960
206961
206962
206963
206964
206965
206966
206967
206968
206969
206971
206972
206976
206981
206982
206983
206984
206985
206986
206988
206990
206991
206992
206993
206994
206995
206997
206998
207002
207007
207008
207009
207010
207011
207012
207013
207016
207017
207018
207019
207020
207021
207023
207027
207029
207031
207034
207035
207042
207044
207046
207049
207050
207057
207059
207060
207061
207062
207063
207064
207065
207066
207067
207068
207069
207070
207071
207072
207074
207075
207077
207083
207085
207091
207093
207096
207108
207109
207110
207111
207112
207113
207121
207124
207127
207128
207129
207140
207145
207148
207150
207162
207165
207167
207168
207169
207170
207171
207172
207173
207174
207175
207176
207177
207178
207179
207180
207181
207182
207183
207184
207185
207186
207187
207190
207191
207192
207194
207195
207196
207197
207198
207199
207200
207203
207204
207207
207211
207216
207219
207224
207225
207227
207228
207229
207230
207231
207232
207233
207234
207235
207236
207237
207238
207239
207242
207243
207246
207250
207255
207258
207263
207264
207266
207267
207268
207269
207274
207280
207281
207284
207285
207286
207287
207288
207289
207290
207291
207292
207301
207303
207316
207318
207331
207333
207336
207338
207342
207343
207344
207345
207346
207347
207355
207358
207361
207362
207363
207388
207396
207398
207402
207404
207406
207410
207414
207416
207417
207418
207422
207423
207424
207425
207426
207427
207428
207431
207432
207435
207439
207444
207447
207452
207453
207455
207456
207457
207458
207459
207460
207461
207462
207463
207466
207469
207470
207471
207472
207473
207478
207480
207485
207492
207494
207496
207501
207508
207510
207511
207512
207513
207514
207515
207516
207517
207518
207519
207520
207521
207522
207524
207525
207527
207533
207535
207541
207543
207546
207558
207559
207560
207561
207562
207563
207571
207574
207577
207578
207579
207590
207595
207598
207600
207612
207615
207617
207618
207619
207620
207621
207622
207623
207624
207625
207626
207627
207628
207629
207630
207631
207632
207633
207634
207635
207636
207637
207640
207641
207642
207644
207645
207646
207647
207648
207649
207650
207653
207654
207657
207661
207666
207669
207674
207675
207677
207678
207679
207680
207681
207682
207683
207684
207685
207686
207687
207688
207689
207692
207693
207696
207700
207705
207708
207713
207714
207716
207717
207718
207719
207724
207730
207731
207734
207735
207736
207737
207738
207739
207740
207741
207742
207751
207753
207766
207768
207781
207783
207786
207788
207792
207793
207794
207795
207796
207797
207805
207808
207811
207812
207813
207838
207846
207848
207852
207854
207856
207860
207864
207866
207867
207868
207872
207873
207874
207875
207876
207877
207878
207881
207882
207885
207889
207894
207897
207902
207903
207905
207906
207907
207908
207909
207910
207911
207912
207913
207916
207919
207920
207921
207922
207923
207928
207930
207935
207942
207944
207946
207951
207958
207960
207961
207962
207963
207964
207965
207966
207967
207968
207969
207970
207971
207972
207974
207975
207977
207983
207985
207991
207993
207996
208008
208009
208010
208011
208012
208013
208021
208024
208027
208028
208029
208040
208045
208048
208050
208062
208065
208067
208068
208069
208070
208071
208072
208073
208074
208075
208076
208077
208078
208079
208080
208081
208082
208083
208084
208085
208086
208087
208090
208091
208092
208094
208095
208096
208097
208098
208099
208100
208103
208104
208107
208111
208116
208119
208124
208125
208127
208128
208129
208130
208131
208132
208133
208134
208135
208136
208137
208138
208139
208142
208143
208146
208150
208155
208158
208163
208164
208166
208167
208168
208169
208174
208180
208181
208184
208185
208186
208187
208188
208189
208190
208191
208192
208201
208203
208216
208218
208231
208233
208236
208238
208242
208243
208244
208245
208246
208247
208255
208258
208261
208262
208263
208288
208296
208298
208302
208304
208306
208310
208314
208316
208317
208318
208322
208323
208324
208325
208326
208327
208328
208331
208332
208335
208339
208344
208347
208352
208353
208355
208356
208357
208358
208359
208360
208361
208362
208363
208366
208369
208370
208371
208372
208373
208378
208380
208385
208392
208394
208396
208401
208408
208410
208411
208412
208413
208414
208415
208416
208417
208418
208419
208420
208421
208422
208424
208425
208427
208433
208435
208441
208443
208446
208458
208459
208460
208461
208462
208463
208471
208474
208477
208478
208479
208490
208495
208498
208500
208512
208515
208517
208518
208519
208520
208521
208522
208523
208524
208525
208526
208527
208528
208529
208530
208531
208532
208533
208534
208535
208536
208537
208540
208541
208542
208544
208545
208546
208547
208548
208549
208550
208553
208554
208557
208561
208566
208569
208574
208575
208577
208578
208579
208580
208581
208582
208583
208584
208585
208586
208587
208588
208589
208592
208593
208596
208600
208605
208608
208613
208614
208616
208617
208618
208619
208624
208630
208631
208634
208635
208636
208637
208638
208639
208640
208641
208642
208651
208653
208666
208668
208681
208683
208686
208688
208692
208693
208694
208695
208696
208697
208705
208708
208711
208712
208713
208738
208746
208748
208752
208754
208756
208760
208764
208766
208767
208768
208772
208773
208774
208775
208776
208777
208778
208781
208782
208785
208789
208794
208797
208802
208803
208805
208806
208807
208808
208809
208810
208811
208812
208813
208816
208819
208820
208821
208822
208823
208827
208832
208837
208839
208844
208849
208851
208852
208853
208854
208855
208856
208857
208858
208859
208860
208861
208862
208865
208866
208867
208868
208869
208870
208871
208872
208874
208875
208876
208878
208879
208883
208884
208885
208886
208887
208888
208889
208890
208891
208892
208895
208896
208899
208903
208908
208911
208916
208917
208919
208920
208921
208922
208923
208925
208926
208930
208933
208935
208936
208937
208938
208939
208940
208941
208942
208943
208944
208946
208947
208951
208956
208957
208958
208959
208960
208961
208963
208965
208966
208967
208968
208969
208970
208972
208973
208977
208982
208983
208984
208985
208986
208987
208988
208991
208992
208993
208994
208995
208996
208998
209002
209004
209006
209009
209010
209017
209019
209021
209024
209025
209032
209034
209035
209036
209037
209038
209039
209040
209041
209042
209043
209044
209045
209046
209047
209049
209050
209052
209058
209060
209066
209068
209071
209083
209084
209085
209086
209087
209088
209096
209099
209102
209103
209104
209115
209120
209123
209125
209137
209140
209142
209143
209144
209145
209146
209147
209148
209149
209150
209151
209152
209153
209154
209155
209156
209157
209158
209159
209160
209161
209162
209165
209166
209167
209169
209170
209171
209172
209173
209174
209175
209178
209179
209182
209186
209191
209194
209199
209200
209202
209203
209204
209205
209206
209207
209208
209209
209210
209211
209212
209213
209214
209217
209218
209221
209225
209230
209233
209238
209239
209241
209242
209243
209244
209249
209255
209256
209259
209260
209261
209262
209263
209264
209265
209266
209267
209276
209278
209291
209293
209306
209308
209311
209313
209317
209318
209319
209320
209321
209322
209330
209333
209336
209337
209338
209363
209371
209373
209377
209379
209381
209385
209389
209391
209392
209393
209397
209398
209399
209400
209401
209402
209403
209406
209407
209410
209414
209419
209422
209427
209428
209430
209431
209432
209433
209434
209435
209436
209437
209438
209441
209444
209445
209446
209447
209448
209453
209455
209460
209467
209469
209471
209476
209483
209485
209486
209487
209488
209489
209490
209491
209492
209493
209494
209495
209496
209497
209499
209500
209502
209508
209510
209516
209518
209521
209533
209534
209535
209536
209537
209538
209546
209549
209552
209553
209554
209565
209570
209573
209575
209587
209590
209592
209593
209594
209595
209596
209597
209598
209599
209600
209601
209602
209603
209604
209605
209606
209607
209608
209609
209610
209611
209612
209615
209616
209617
209619
209620
209621
209622
209623
209624
209625
209628
209629
209632
209636
209641
209644
209649
209650
209652
209653
209654
209655
209656
209657
209658
209659
209660
209661
209662
209663
209664
209667
209668
209671
209675
209680
209683
209688
209689
209691
209692
209693
209694
209699
209705
209706
209709
209710
209711
209712
209713
209714
209715
209716
209717
209726
209728
209741
209743
209756
209758
209761
209763
209767
209768
209769
209770
209771
209772
209780
209783
209786
209787
209788
209813
209821
209823
209827
209829
209831
209835
209839
209841
209842
209843
209847
209848
209849
209850
209851
209852
209853
209856
209857
209860
209864
209869
209872
209877
209878
209880
209881
209882
209883
209884
209885
209886
209887
209888
209891
209894
209895
209896
209897
209898
209903
209905
209910
209917
209919
209921
209926
209933
209935
209936
209937
209938
209939
209940
209941
209942
209943
209944
209945
209946
209947
209949
209950
209952
209958
209960
209966
209968
209971
209983
209984
209985
209986
209987
209988
209996
209999
210002
210003
210004
210015
210020
210023
210025
210037
210040
210042
210043
210044
210045
210046
210047
210048
210049
210050
210051
210052
210053
210054
210055
210056
210057
210058
210059
210060
210061
210062
210065
210066
210067
210069
210070
210071
210072
210073
210074
210075
210078
210079
210082
210086
210091
210094
210099
210100
210102
210103
210104
210105
210106
210107
210108
210109
210110
210111
210112
210113
210114
210117
210118
210121
210125
210130
210133
210138
210139
210141
210142
210143
210144
210149
210155
210156
210159
210160
210161
210162
210163
210164
210165
210166
210167
210176
210178
210191
210193
210206
210208
210211
210213
210217
210218
210219
210220
210221
210222
210230
210233
210236
210237
210238
210263
210271
210273
210277
210279
210281
210285
210289
210291
210292
210293
210297
210298
210299
210300
210301
210302
210303
210306
210307
210310
210314
210319
210322
210327
210328
210330
210331
210332
210333
210334
210335
210336
210337
210338
210341
210344
210345
210346
210347
210348
210353
210355
210360
210367
210369
210371
210376
210383
210385
210386
210387
210388
210389
210390
210391
210392
210393
210394
210395
210396
210397
210399
210400
210402
210408
210410
210416
210418
210421
210433
210434
210435
210436
210437
210438
210446
210449
210452
210453
210454
210465
210470
210473
210475
210487
210490
210492
210493
210494
210495
210496
210497
210498
210499
210500
210501
210502
210503
210504
210505
210506
210507
210508
210509
210510
210511
210512
210515
210516
210517
210519
210520
210521
210522
210523
210524
210525
210528
210529
210532
210536
210541
210544
210549
210550
210552
210553
210554
210555
210556
210557
210558
210559
210560
210561
210562
210563
210564
210567
210568
210571
210575
210580
210583
210588
210589
210591
210592
210593
210594
210599
210605
210606
210609
210610
210611
210612
210613
210614
210615
210616
210617
210626
210628
210641
210643
210656
210658
210661
210663
210667
210668
210669
210670
210671
210672
210680
210683
210686
210687
210688
210713
210721
210723
210727
210729
210731
210735
210739
210741
210742
210743
210747
210748
210749
210750
210751
210752
210753
210756
210757
210760
210764
210769
210772
210777
210778
210780
210781
210782
210783
210784
210785
210786
210787
210788
210791
210794
210795
210796
210797
210798
210802
210807
210812
210814
210819
210824
210826
210827
210828
210829
210830
210831
210832
210833
210834
210835
210836
210838
210839
210841
210842
210843
210853
210855
210856
210857
210867
210869
210870
210871
210872
210873
210874
210875
210876
210877
210878
210879
210880
210889
210891
210904
210906
210919
210921
210924
210926
210930
210931
210932
210933
210934
210935
210943
210946
210949
210950
210951
210976
210984
210986
210990
210992
210994
210998
211002
211004
211005
211006
211010
211011
211012
211013
211014
211015
211016
211019
211020
211023
211027
211032
211035
211040
211041
211043
211044
211045
211046
211047
211048
211049
211050
211051
211055
211056
211071
211072
211075
211076
211079
211081
211082
211097
211098
211101
211102
211105
211107
211108
211109
211110
211111
211112
211113
211114
211115
211116
211117
211119
211124
211133
211136
211157
211161
211164
211185
211189
211191
211197
211203
211212
211213
211214
211216
211217
211218
211219
211220
211221
211222
211228
211229
211231
211232
211233
211241
211244
211247
211248
211252
211257
211259
211260
211262
211263
211264
211272
211275
211278
211279
211283
211288
211290
211291
211293
211294
211295
211303
211306
211309
211310
211314
211319
211321
211322
211324
211325
211326
211334
211337
211340
211341
211345
211350
211352
211353
211355
211356
211357
211365
211368
211371
211372
211376
211381
211383
211384
211386
211387
211388
211396
211399
211402
211403
211407
211412
211414
211415
211417
211418
211419
211427
211430
211433
211434
211438
211443
211445
211446
211448
211449
211450
211458
211461
211464
211465
211469
211474
211475
211476
211477
211478
211479
211528
211548
211553
211557
211561
211567
211576
211580
211584
211585
211586
211590
211591
211592
211593
211594
211595
211596
211597
211600
211602
211603
211605
211606
211608
211609
211610
211612
211614
211619
211637
211642
211646
211647
211648
211649
211652
211653
211654
211656
211657
211658
211659
211660
211661
211662
211663
211664
211669
211670
211671
211672
211673
211674
211675
211676
211677
211692
211695
211696
211697
211698
211699
211700
211701
211702
211704
211705
211709
211711
211712
211713
211714
211715
211716
211724
211727
211730
211731
211732
211733
211741
211744
211747
211748
211750
211751
211755
211762
211763
211764
211765
211766
211767
211775
211778
211781
211782
211783
211784
211792
211795
211798
211799
211801
211802
211803
211804
211805
211806
211807
211808
211816
211819
211822
211823
211824
211825
211833
211836
211839
211840
211842
211843
211844
211845
211846
211847
211848
211849
211857
211860
211863
211864
211865
211866
211874
211877
211880
211881
211883
211884
211885
211893
211895
211898
211902
211908
211915
211922
211927
211930
211937
211942
211953
211956
211963
211967
211972
211979
211984
211987
211994
211999
212010
212013
212020
212024
212029
212036
212041
212044
212051
212056
212067
212070
212077
212081
212084
212086
212091
212097
212100
212104
212105
212114
212115
212116
212117
212118
212119
212120
212121
212126
212127
212131
212132
212134
212136
212137
212138
212139
212140
212142
212143
212147
212148
212150
212152
212153
212154
212155
212156
212158
212161
212162
212169
212174
212175
212176
212177
212178
212179
212180
212181
212183
212188
212197
212200
212221
212225
212228
212249
212253
212255
212261
212267
212276
212277
212278
212280
212281
212282
212283
212284
212285
212286
212292
212293
212295
212296
212297
212305
212308
212311
212312
212316
212321
212323
212324
212326
212327
212328
212336
212339
212342
212343
212347
212352
212354
212355
212357
212358
212359
212367
212370
212373
212374
212378
212383
212385
212386
212388
212389
212390
212398
212401
212404
212405
212409
212414
212416
212417
212419
212420
212421
212429
212432
212435
212436
212440
212445
212447
212448
212450
212451
212452
212460
212463
212466
212467
212471
212476
212478
212479
212481
212482
212483
212491
212494
212497
212498
212502
212507
212509
212510
212512
212513
212514
212522
212525
212528
212529
212533
212538
212539
212540
212541
212542
212543
212592
212612
212617
212621
212625
212631
212640
212644
212648
212649
212650
212654
212655
212656
212657
212658
212659
212660
212661
212664
212666
212667
212669
212670
212672
212673
212674
212676
212678
212683
212701
212706
212710
212711
212712
212713
212716
212717
212718
212720
212721
212722
212723
212724
212725
212726
212727
212728
212729
212732
212734
212737
212743
212745
212748
212752
212754
212757
212763
212765
212768
212772
212774
212775
212776
212777
212778
212779
212780
212781
212782
212783
212784
212785
212794
212796
212799
212810
212812
212815
212826
212828
212830
212834
212836
212837
212844
212845
212846
212847
212848
212849
212857
212860
212863
212864
212865
212866
212874
212877
212880
212881
212883
212884
212909
212916
212921
212925
212927
212929
212930
212937
212941
212943
212944
212945
212949
212950
212951
212952
212953
212954
212955
212956
212959
212960
212963
212967
212972
212975
212980
212983
212988
212991
212996
212997
212999
213000
213001
213002
213003
213004
213005
213006
213007
213008
213009
213010
213011
213012
213013
213014
213015
213016
213017
213018
213020
213024
213026
213033
213039
213041
213048
213054
213056
213057
213058
213059
213060
213061
213062
213063
213064
213065
213066
213075
213077
213080
213091
213093
213096
213107
213109
213111
213115
213117
213118
213125
213126
213127
213128
213129
213130
213138
213141
213144
213145
213146
213147
213155
213158
213161
213162
213164
213165
213190
213197
213202
213206
213208
213210
213211
213218
213222
213224
213225
213226
213230
213231
213232
213233
213234
213235
213236
213237
213240
213241
213244
213248
213253
213256
213261
213264
213269
213272
213277
213278
213280
213281
213282
213283
213284
213285
213286
213287
213288
213296
213297
213304
213309
213311
213312
213319
213324
213326
213327
213328
213329
213330
213331
213332
213333
213334
213335
213336
213337
213338
213347
213349
213352
213363
213365
213368
213379
213381
213383
213387
213389
213390
213397
213398
213399
213400
213401
213402
213410
213413
213416
213417
213418
213419
213427
213430
213433
213434
213436
213437
213462
213469
213474
213478
213480
213482
213483
213490
213494
213496
213497
213498
213502
213503
213504
213505
213506
213507
213508
213509
213512
213513
213516
213520
213525
213528
213533
213536
213541
213544
213549
213550
213552
213553
213554
213555
213556
213557
213558
213559
213560
213561
213564
213565
213568
213580
213582
213583
213586
213598
213600
213603
213604
213605
213614
213619
213621
213622
213623
213632
213637
213639
213640
213641
213642
213643
213644
213645
213646
213647
213648
213649
213650
213651
213653
213654
213656
213657
213663
213665
213666
213672
213674
213676
213681
213682
213688
213689
213690
213691
213692
213693
213701
213704
213707
213708
213709
213710
213718
213721
213724
213725
213727
213728
213739
213744
213746
213748
213749
213755
213757
213759
213760
213761
213762
213763
213764
213765
213766
213767
213768
213769
213770
213772
213773
213774
213775
213776
213777
213778
213787
213789
213792
213803
213805
213808
213819
213821
213823
213827
213829
213830
213837
213838
213839
213840
213841
213842
213850
213853
213856
213857
213858
213859
213867
213870
213873
213874
213876
213877
213902
213909
213914
213918
213920
213922
213923
213930
213934
213936
213937
213938
213942
213943
213944
213945
213946
213947
213948
213949
213952
213953
213956
213960
213965
213968
213973
213976
213981
213984
213989
213990
213992
213993
213994
213995
213996
213997
213998
213999
214000
214002
214009
214010
214017
214022
214024
214025
214032
214037
214039
214040
214041
214042
214043
214044
214045
214046
214047
214048
214049
214050
214051
214060
214062
214065
214076
214078
214081
214092
214094
214096
214100
214102
214103
214110
214111
214112
214113
214114
214115
214123
214126
214129
214130
214131
214132
214140
214143
214146
214147
214149
214150
214175
214182
214187
214191
214193
214195
214196
214203
214207
214209
214210
214211
214215
214216
214217
214218
214219
214220
214221
214222
214225
214226
214229
214233
214238
214241
214246
214249
214254
214257
214262
214263
214265
214266
214267
214268
214269
214270
214271
214272
214273
214274
214277
214278
214281
214293
214295
214296
214299
214311
214313
214316
214317
214318
214327
214332
214334
214335
214336
214345
214350
214352
214353
214354
214355
214356
214357
214358
214359
214360
214361
214362
214363
214364
214366
214367
214369
214370
214376
214378
214379
214385
214387
214389
214394
214395
214401
214402
214403
214404
214405
214406
214414
214417
214420
214421
214422
214423
214431
214434
214437
214438
214440
214441
214452
214457
214459
214461
214462
214468
214470
214472
214473
214474
214475
214476
214477
214478
214479
214480
214481
214482
214483
214485
214486
214487
214488
214489
214490
214491
214500
214502
214505
214516
214518
214521
214532
214534
214536
214540
214542
214543
214550
214551
214552
214553
214554
214555
214563
214566
214569
214570
214571
214572
214580
214583
214586
214587
214589
214590
214615
214622
214627
214631
214633
214635
214636
214643
214647
214649
214650
214651
214655
214656
214657
214658
214659
214660
214661
214662
214665
214666
214669
214673
214678
214681
214686
214689
214694
214697
214702
214703
214705
214706
214707
214708
214709
214710
214711
214712
214713
214715
214722
214723
214730
214735
214737
214738
214745
214750
214752
214753
214754
214755
214756
214757
214758
214759
214760
214761
214762
214763
214764
214773
214775
214778
214789
214791
214794
214805
214807
214809
214813
214815
214816
214823
214824
214825
214826
214827
214828
214836
214839
214842
214843
214844
214845
214853
214856
214859
214860
214862
214863
214888
214895
214900
214904
214906
214908
214909
214916
214920
214922
214923
214924
214928
214929
214930
214931
214932
214933
214934
214935
214938
214939
214942
214946
214951
214954
214959
214962
214967
214970
214975
214976
214978
214979
214980
214981
214982
214983
214984
214985
214986
214987
214990
214991
214994
215006
215008
215009
215012
215024
215026
215029
215030
215031
215040
215045
215047
215048
215049
215058
215063
215065
215066
215067
215068
215069
215070
215071
215072
215073
215074
215075
215076
215077
215079
215080
215082
215083
215089
215091
215092
215098
215100
215102
215107
215108
215114
215115
215116
215117
215118
215119
215127
215130
215133
215134
215135
215136
215144
215147
215150
215151
215153
215154
215165
215170
215172
215174
215175
215181
215183
215185
215186
215187
215188
215189
215190
215191
215192
215193
215194
215195
215196
215198
215199
215200
215201
215202
215203
215204
215213
215215
215218
215229
215231
215234
215245
215247
215249
215253
215255
215256
215263
215264
215265
215266
215267
215268
215276
215279
215282
215283
215284
215285
215293
215296
215299
215300
215302
215303
215328
215335
215340
215344
215346
215348
215349
215356
215360
215362
215363
215364
215368
215369
215370
215371
215372
215373
215374
215375
215378
215379
215382
215386
215391
215394
215399
215402
215407
215410
215415
215416
215418
215419
215420
215421
215422
215423
215424
215425
215426
215428
215431
215433
215436
215437
215442
215444
215446
215449
215450
215455
215457
215458
215459
215460
215461
215462
215463
215464
215465
215466
215467
215468
215477
215479
215482
215493
215495
215498
215509
215511
215513
215517
215519
215520
215527
215528
215529
215530
215531
215532
215540
215543
215546
215547
215548
215549
215557
215560
215563
215564
215566
215567
215592
215599
215604
215608
215610
215612
215613
215620
215624
215626
215627
215628
215632
215633
215634
215635
215636
215637
215638
215639
215642
215643
215646
215650
215655
215658
215663
215666
215671
215674
215679
215680
215682
215683
215684
215685
215686
215687
215688
215689
215690
215693
215695
215696
215707
215709
215711
215712
215723
215725
215727
215729
215730
215735
215742
215744
215745
215750
215757
215759
215760
215761
215762
215763
215764
215765
215766
215767
215768
215769
215770
215771
215772
215773
215774
215775
215776
215778
215779
215781
215782
215788
215790
215791
215797
215799
215801
215806
215807
215813
215814
215815
215816
215817
215818
215826
215829
215832
215833
215834
215835
215843
215846
215849
215850
215852
215853
215864
215869
215871
215873
215874
215880
215882
215884
215885
215886
215887
215888
215889
215890
215891
215894
215895
215896
215897
215898
215899
215900
215901
215902
215903
215904
215906
215907
215909
215915
215917
215923
215925
215928
215940
215941
215942
215943
215944
215945
215953
215956
215959
215960
215961
215972
215977
215980
215982
215994
215997
215999
216000
216001
216002
216003
216004
216005
216006
216009
216010
216011
216020
216021
216022
216024
216027
216031
216042
216046
216048
216049
216050
216059
216060
216061
216063
216066
216070
216081
216085
216087
216089
216090
216092
216095
216098
216101
216102
216108
216110
216113
216116
216119
216120
216126
216128
216129
216130
216131
216132
216133
216134
216135
216136
216137
216138
216139
216140
216141
216143
216144
216146
216152
216154
216160
216162
216165
216177
216178
216179
216180
216181
216182
216190
216193
216196
216197
216198
216209
216214
216217
216219
216231
216234
216236
216237
216238
216239
216240
216241
216242
216243
216244
216245
216246
216247
216248
216249
216250
216251
216252
216253
216254
216255
216256
216259
216260
216261
216263
216264
216265
216266
216267
216268
216269
216272
216273
216276
216280
216285
216288
216293
216294
216296
216297
216298
216299
216300
216301
216302
216303
216304
216305
216306
216307
216308
216311
216312
216315
216319
216324
216327
216332
216333
216335
216336
216337
216338
216343
216349
216350
216353
216354
216355
216356
216357
216358
216359
216360
216361
216370
216372
216385
216387
216400
216402
216405
216407
216411
216412
216413
216414
216415
216416
216424
216427
216430
216431
216432
216457
216465
216467
216471
216473
216475
216479
216483
216485
216486
216487
216491
216492
216493
216494
216495
216496
216497
216500
216501
216504
216508
216513
216516
216521
216522
216524
216525
216526
216527
216528
216529
216530
216531
216532
216535
216538
216539
216540
216541
216542
216543
216544
216545
216546
216547
216548
216549
216550
216551
216552
216553
216562
216564
216577
216579
216592
216594
216597
216599
216603
216604
216605
216606
216607
216608
216616
216619
216622
216623
216624
216649
216657
216659
216663
216665
216667
216671
216675
216677
216678
216679
216683
216684
216685
216686
216687
216688
216689
216692
216693
216696
216700
216705
216708
216713
216714
216716
216717
216718
216719
216720
216721
216722
216723
216724
216727
216729
216737
216744
216746
216754
216761
216763
216764
216765
216766
216767
216768
216769
216770
216771
216772
216773
216777
216781
216783
216784
216804
216814
216816
216817
216837
216847
216849
216850
216853
216854
216855
216856
216857
216858
216859
216861
216866
216875
216878
216899
216903
216906
216927
216931
216933
216939
216945
216954
216955
216956
216958
216959
216960
216961
216962
216963
216964
216970
216971
216973
216974
216975
216983
216986
216989
216990
216994
216999
217001
217002
217004
217005
217006
217014
217017
217020
217021
217025
217030
217032
217033
217035
217036
217037
217045
217048
217051
217052
217056
217061
217063
217064
217066
217067
217068
217076
217079
217082
217083
217087
217092
217094
217095
217097
217098
217099
217107
217110
217113
217114
217118
217123
217125
217126
217128
217129
217130
217138
217141
217144
217145
217149
217154
217156
217157
217159
217160
217161
217169
217172
217175
217176
217180
217185
217187
217188
217190
217191
217192
217200
217203
217206
217207
217211
217216
217217
217218
217219
217220
217221
217270
217290
217295
217299
217303
217309
217318
217322
217326
217327
217328
217332
217333
217334
217335
217336
217337
217338
217339
217342
217344
217345
217347
217348
217350
217351
217352
217354
217356
217361
217379
217384
217388
217389
217390
217391
217394
217395
217396
217398
217399
217400
217401
217402
217403
217404
217405
217406
217413
217417
217418
217421
217428
217431
217432
217433
217434
217436
217442
217446
217449
217450
217452
217458
217461
217462
217463
217464
217466
217472
217476
217479
217480
217482
217488
217489
217490
217491
217492
217493
217494
217495
217496
217497
217498
217500
217505
217514
217517
217538
217542
217545
217566
217570
217572
217578
217584
217593
217594
217595
217597
217598
217599
217600
217601
217602
217603
217609
217610
217612
217613
217614
217622
217625
217628
217629
217633
217638
217640
217641
217643
217644
217645
217653
217656
217659
217660
217664
217669
217671
217672
217674
217675
217676
217684
217687
217690
217691
217695
217700
217702
217703
217705
217706
217707
217715
217718
217721
217722
217726
217731
217733
217734
217736
217737
217738
217746
217749
217752
217753
217757
217762
217764
217765
217767
217768
217769
217777
217780
217783
217784
217788
217793
217795
217796
217798
217799
217800
217808
217811
217814
217815
217819
217824
217826
217827
217829
217830
217831
217839
217842
217845
217846
217850
217855
217856
217857
217858
217859
217860
217909
217929
217934
217938
217942
217948
217957
217961
217965
217966
217967
217971
217972
217973
217974
217975
217976
217977
217978
217981
217983
217984
217986
217987
217989
217990
217991
217993
217995
218000
218018
218023
218027
218028
218029
218030
218033
218034
218035
218037
218038
218039
218040
218041
218042
218043
218044
218045
218046
218051
218069
218071
218089
218091
218092
218094
218100
218103
218104
218105
218106
218108
218114
218118
218121
218122
218124
218130
218133
218134
218135
218136
218138
218144
218148
218151
218152
218154
218160
218161
218162
218163
218164
218165
218166
218167
218168
218169
218170
218171
218172
218174
218175
218176
218178
218179
218191
218193
218194
218206
218208
218210
218215
218216
218222
218223
218224
218226
218227
218228
218229
218230
218231
218232
218238
218239
218241
218242
218243
218251
218254
218257
218258
218262
218267
218269
218270
218272
218273
218274
218282
218285
218288
218289
218293
218298
218300
218301
218303
218304
218305
218313
218316
218319
218320
218324
218329
218331
218332
218334
218335
218336
218344
218347
218350
218351
218355
218360
218362
218363
218365
218366
218367
218375
218378
218381
218382
218386
218391
218393
218394
218396
218397
218398
218406
218409
218412
218413
218417
218422
218424
218425
218427
218428
218429
218437
218440
218443
218444
218448
218453
218455
218456
218458
218459
218460
218468
218471
218474
218475
218479
218484
218485
218486
218487
218488
218489
218510
218515
218517
218519
218520
218526
218528
218530
218531
218532
218533
218534
218535
218536
218537
218538
218539
218540
218541
218542
218543
218544
218545
218546
218547
218549
218554
218563
218566
218587
218591
218594
218615
218619
218621
218627
218633
218642
218643
218644
218646
218647
218648
218649
218650
218651
218652
218658
218659
218661
218662
218663
218671
218674
218677
218678
218682
218687
218689
218690
218692
218693
218694
218702
218705
218708
218709
218713
218718
218720
218721
218723
218724
218725
218733
218736
218739
218740
218744
218749
218751
218752
218754
218755
218756
218764
218767
218770
218771
218775
218780
218782
218783
218785
218786
218787
218795
218798
218801
218802
218806
218811
218813
218814
218816
218817
218818
218826
218829
218832
218833
218837
218842
218844
218845
218847
218848
218849
218857
218860
218863
218864
218868
218873
218875
218876
218878
218879
218880
218888
218891
218894
218895
218899
218904
218905
218906
218907
218908
218909
218958
218978
218983
218987
218991
218997
219006
219010
219014
219015
219016
219020
219021
219022
219023
219024
219025
219026
219027
219030
219032
219033
219035
219036
219038
219039
219040
219042
219044
219049
219067
219072
219076
219077
219078
219079
219082
219083
219084
219086
219087
219088
219089
219090
219091
219092
219093
219094
219101
219105
219109
219110
219113
219120
219123
219124
219125
219126
219128
219134
219138
219141
219142
219144
219150
219153
219154
219155
219156
219158
219164
219168
219171
219172
219174
219180
219181
219182
219183
219184
219185
219186
219187
219188
219189
219190
219192
219197
219206
219209
219230
219234
219237
219258
219262
219264
219270
219276
219285
219286
219287
219289
219290
219291
219292
219293
219294
219295
219301
219302
219304
219305
219306
219314
219317
219320
219321
219325
219330
219332
219333
219335
219336
219337
219345
219348
219351
219352
219356
219361
219363
219364
219366
219367
219368
219376
219379
219382
219383
219387
219392
219394
219395
219397
219398
219399
219407
219410
219413
219414
219418
219423
219425
219426
219428
219429
219430
219438
219441
219444
219445
219449
219454
219456
219457
219459
219460
219461
219469
219472
219475
219476
219480
219485
219487
219488
219490
219491
219492
219500
219503
219506
219507
219511
219516
219518
219519
219521
219522
219523
219531
219534
219537
219538
219542
219547
219548
219549
219550
219551
219552
219601
219621
219626
219630
219634
219640
219649
219653
219657
219658
219659
219663
219664
219665
219666
219667
219668
219669
219670
219673
219675
219676
219678
219679
219681
219682
219683
219685
219687
219692
219710
219715
219719
219720
219721
219722
219725
219726
219727
219729
219730
219731
219732
219733
219734
219735
219736
219737
219738
219743
219761
219763
219781
219783
219784
219786
219792
219795
219796
219797
219798
219800
219806
219810
219813
219814
219816
219822
219825
219826
219827
219828
219830
219836
219840
219843
219844
219846
219852
219853
219854
219855
219856
219857
219858
219859
219860
219861
219862
219863
219864
219866
219867
219868
219870
219871
219883
219885
219886
219898
219900
219902
219907
219908
219914
219915
219916
219918
219919
219920
219921
219922
219923
219924
219930
219931
219933
219934
219935
219943
219946
219949
219950
219954
219959
219961
219962
219964
219965
219966
219974
219977
219980
219981
219985
219990
219992
219993
219995
219996
219997
220005
220008
220011
220012
220016
220021
220023
220024
220026
220027
220028
220036
220039
220042
220043
220047
220052
220054
220055
220057
220058
220059
220067
220070
220073
220074
220078
220083
220085
220086
220088
220089
220090
220098
220101
220104
220105
220109
220114
220116
220117
220119
220120
220121
220129
220132
220135
220136
220140
220145
220147
220148
220150
220151
220152
220160
220163
220166
220167
220171
220176
220177
220178
220179
220180
220181
220202
220207
220209
220211
220212
220218
220220
220222
220223
220224
220225
220226
220227
220228
220229
220230
220231
220232
220233
220234
220235
220236
220237
220238
220239
220241
220246
220255
220258
220279
220283
220286
220307
220311
220313
220319
220325
220334
220335
220336
220338
220339
220340
220341
220342
220343
220344
220350
220351
220353
220354
220355
220363
220366
220369
220370
220374
220379
220381
220382
220384
220385
220386
220394
220397
220400
220401
220405
220410
220412
220413
220415
220416
220417
220425
220428
220431
220432
220436
220441
220443
220444
220446
220447
220448
220456
220459
220462
220463
220467
220472
220474
220475
220477
220478
220479
220487
220490
220493
220494
220498
220503
220505
220506
220508
220509
220510
220518
220521
220524
220525
220529
220534
220536
220537
220539
220540
220541
220549
220552
220555
220556
220560
220565
220567
220568
220570
220571
220572
220580
220583
220586
220587
220591
220596
220597
220598
220599
220600
220601
220650
220670
220675
220679
220683
220689
220698
220702
220706
220707
220708
220712
220713
220714
220715
220716
220717
220718
220719
220722
220724
220725
220727
220728
220730
220731
220732
220734
220736
220741
220759
220764
220768
220769
220770
220771
220774
220775
220776
220778
220779
220780
220781
220782
220783
220784
220785
220786
220793
220797
220801
220802
220805
220812
220815
220816
220817
220818
220820
220826
220830
220833
220834
220836
220842
220845
220846
220847
220848
220850
220856
220860
220863
220864
220866
220872
220873
220874
220875
220876
220877
220878
220879
220880
220881
220882
220884
220889
220898
220901
220922
220926
220929
220950
220954
220956
220962
220968
220977
220978
220979
220981
220982
220983
220984
220985
220986
220987
220993
220994
220996
220997
220998
221006
221009
221012
221013
221017
221022
221024
221025
221027
221028
221029
221037
221040
221043
221044
221048
221053
221055
221056
221058
221059
221060
221068
221071
221074
221075
221079
221084
221086
221087
221089
221090
221091
221099
221102
221105
221106
221110
221115
221117
221118
221120
221121
221122
221130
221133
221136
221137
221141
221146
221148
221149
221151
221152
221153
221161
221164
221167
221168
221172
221177
221179
221180
221182
221183
221184
221192
221195
221198
221199
221203
221208
221210
221211
221213
221214
221215
221223
221226
221229
221230
221234
221239
221240
221241
221242
221243
221244
221293
221313
221318
221322
221326
221332
221341
221345
221349
221350
221351
221355
221356
221357
221358
221359
221360
221361
221362
221365
221367
221368
221370
221371
221373
221374
221375
221377
221379
221384
221402
221407
221411
221412
221413
221414
221417
221418
221419
221421
221422
221423
221424
221425
221426
221427
221428
221429
221430
221435
221453
221455
221473
221475
221476
221478
221484
221487
221488
221489
221490
221492
221498
221502
221505
221506
221508
221514
221517
221518
221519
221520
221522
221528
221532
221535
221536
221538
221544
221545
221546
221547
221548
221549
221550
221551
221552
221553
221554
221555
221556
221558
221559
221560
221562
221563
221575
221577
221578
221590
221592
221594
221599
221600
221606
221607
221608
221610
221611
221612
221613
221614
221615
221616
221622
221623
221625
221626
221627
221635
221638
221641
221642
221646
221651
221653
221654
221656
221657
221658
221666
221669
221672
221673
221677
221682
221684
221685
221687
221688
221689
221697
221700
221703
221704
221708
221713
221715
221716
221718
221719
221720
221728
221731
221734
221735
221739
221744
221746
221747
221749
221750
221751
221759
221762
221765
221766
221770
221775
221777
221778
221780
221781
221782
221790
221793
221796
221797
221801
221806
221808
221809
221811
221812
221813
221821
221824
221827
221828
221832
221837
221839
221840
221842
221843
221844
221852
221855
221858
221859
221863
221868
221869
221870
221871
221872
221873
221894
221899
221901
221903
221904
221910
221912
221914
221915
221916
221917
221918
221919
221920
221921
221922
221923
221924
221925
221926
221927
221928
221929
221930
221931
221933
221938
221947
221950
221971
221975
221978
221999
222003
222005
222011
222017
222026
222027
222028
222030
222031
222032
222033
222034
222035
222036
222042
222043
222045
222046
222047
222055
222058
222061
222062
222066
222071
222073
222074
222076
222077
222078
222086
222089
222092
222093
222097
222102
222104
222105
222107
222108
222109
222117
222120
222123
222124
222128
222133
222135
222136
222138
222139
222140
222148
222151
222154
222155
222159
222164
222166
222167
222169
222170
222171
222179
222182
222185
222186
222190
222195
222197
222198
222200
222201
222202
222210
222213
222216
222217
222221
222226
222228
222229
222231
222232
222233
222241
222244
222247
222248
222252
222257
222259
222260
222262
222263
222264
222272
222275
222278
222279
222283
222288
222289
222290
222291
222292
222293
222342
222362
222367
222371
222375
222381
222390
222394
222398
222399
222400
222404
222405
222406
222407
222408
222409
222410
222411
222414
222416
222417
222419
222420
222422
222423
222424
222426
222428
222433
222451
222456
222460
222461
222462
222463
222466
222467
222468
222470
222471
222472
222473
222474
222475
222476
222477
222478
222485
222489
222493
222494
222497
222504
222507
222508
222509
222510
222512
222518
222522
222525
222526
222528
222534
222537
222538
222539
222540
222542
222548
222552
222555
222556
222558
222564
222565
222566
222567
222568
222569
222570
222571
222572
222573
222574
222576
222581
222590
222593
222614
222618
222621
222642
222646
222648
222654
222660
222669
222670
222671
222673
222674
222675
222676
222677
222678
222679
222685
222686
222688
222689
222690
222698
222701
222704
222705
222709
222714
222716
222717
222719
222720
222721
222729
222732
222735
222736
222740
222745
222747
222748
222750
222751
222752
222760
222763
222766
222767
222771
222776
222778
222779
222781
222782
222783
222791
222794
222797
222798
222802
222807
222809
222810
222812
222813
222814
222822
222825
222828
222829
222833
222838
222840
222841
222843
222844
222845
222853
222856
222859
222860
222864
222869
222871
222872
222874
222875
222876
222884
222887
222890
222891
222895
222900
222902
222903
222905
222906
222907
222915
222918
222921
222922
222926
222931
222932
222933
222934
222935
222936
222985
223005
223010
223014
223018
223024
223033
223037
223041
223042
223043
223047
223048
223049
223050
223051
223052
223053
223054
223057
223059
223060
223062
223063
223065
223066
223067
223069
223071
223076
223094
223099
223103
223104
223105
223106
223109
223110
223111
223113
223114
223115
223116
223117
223118
223119
223120
223121
223122
223127
223145
223147
223165
223167
223168
223170
223176
223179
223180
223181
223182
223184
223190
223194
223197
223198
223200
223206
223209
223210
223211
223212
223214
223220
223224
223227
223228
223230
223236
223237
223238
223239
223240
223241
223242
223243
223244
223245
223246
223247
223248
223250
223251
223252
223254
223255
223267
223269
223270
223282
223284
223286
223291
223292
223298
223299
223300
223302
223303
223304
223305
223306
223307
223308
223314
223315
223317
223318
223319
223327
223330
223333
223334
223338
223343
223345
223346
223348
223349
223350
223358
223361
223364
223365
223369
223374
223376
223377
223379
223380
223381
223389
223392
223395
223396
223400
223405
223407
223408
223410
223411
223412
223420
223423
223426
223427
223431
223436
223438
223439
223441
223442
223443
223451
223454
223457
223458
223462
223467
223469
223470
223472
223473
223474
223482
223485
223488
223489
223493
223498
223500
223501
223503
223504
223505
223513
223516
223519
223520
223524
223529
223531
223532
223534
223535
223536
223544
223547
223550
223551
223555
223560
223561
223562
223563
223564
223565
223586
223591
223593
223595
223596
223602
223604
223606
223607
223608
223609
223610
223611
223612
223613
223614
223615
223616
223617
223618
223619
223620
223621
223622
223623
223625
223630
223639
223642
223663
223667
223670
223691
223695
223697
223703
223709
223718
223719
223720
223722
223723
223724
223725
223726
223727
223728
223734
223735
223737
223738
223739
223747
223750
223753
223754
223758
223763
223765
223766
223768
223769
223770
223778
223781
223784
223785
223789
223794
223796
223797
223799
223800
223801
223809
223812
223815
223816
223820
223825
223827
223828
223830
223831
223832
223840
223843
223846
223847
223851
223856
223858
223859
223861
223862
223863
223871
223874
223877
223878
223882
223887
223889
223890
223892
223893
223894
223902
223905
223908
223909
223913
223918
223920
223921
223923
223924
223925
223933
223936
223939
223940
223944
223949
223951
223952
223954
223955
223956
223964
223967
223970
223971
223975
223980
223981
223982
223983
223984
223985
224034
224054
224059
224063
224067
224073
224082
224086
224090
224091
224092
224096
224097
224098
224099
224100
224101
224102
224103
224106
224108
224109
224111
224112
224114
224115
224116
224118
224120
224125
224143
224148
224152
224153
224154
224155
224158
224159
224160
224162
224163
224164
224165
224166
224167
224168
224169
224170
224177
224181
224185
224186
224189
224196
224199
224200
224201
224202
224204
224210
224214
224217
224218
224220
224226
224229
224230
224231
224232
224234
224240
224244
224247
224248
224250
224256
224257
224258
224259
224260
224261
224262
224263
224264
224265
224266
224268
224273
224282
224285
224306
224310
224313
224334
224338
224340
224346
224352
224361
224362
224363
224365
224366
224367
224368
224369
224370
224371
224377
224378
224380
224381
224382
224390
224393
224396
224397
224401
224406
224408
224409
224411
224412
224413
224421
224424
224427
224428
224432
224437
224439
224440
224442
224443
224444
224452
224455
224458
224459
224463
224468
224470
224471
224473
224474
224475
224483
224486
224489
224490
224494
224499
224501
224502
224504
224505
224506
224514
224517
224520
224521
224525
224530
224532
224533
224535
224536
224537
224545
224548
224551
224552
224556
224561
224563
224564
224566
224567
224568
224576
224579
224582
224583
224587
224592
224594
224595
224597
224598
224599
224607
224610
224613
224614
224618
224623
224624
224625
224626
224627
224628
224677
224697
224702
224706
224710
224716
224725
224729
224733
224734
224735
224739
224740
224741
224742
224743
224744
224745
224746
224749
224751
224752
224754
224755
224757
224758
224759
224761
224763
224768
224786
224791
224795
224796
224797
224798
224801
224802
224803
224805
224806
224807
224808
224809
224810
224811
224812
224813
224814
224819
224837
224839
224857
224859
224860
224862
224868
224871
224872
224873
224874
224876
224882
224886
224889
224890
224892
224898
224901
224902
224903
224904
224906
224912
224916
224919
224920
224922
224928
224929
224930
224931
224932
224933
224934
224935
224936
224937
224938
224939
224940
224942
224943
224944
224946
224947
224959
224961
224962
224974
224976
224978
224983
224984
224990
224991
224992
224994
224995
224996
224997
224998
224999
225000
225006
225007
225009
225010
225011
225019
225022
225025
225026
225030
225035
225037
225038
225040
225041
225042
225050
225053
225056
225057
225061
225066
225068
225069
225071
225072
225073
225081
225084
225087
225088
225092
225097
225099
225100
225102
225103
225104
225112
225115
225118
225119
225123
225128
225130
225131
225133
225134
225135
225143
225146
225149
225150
225154
225159
225161
225162
225164
225165
225166
225174
225177
225180
225181
225185
225190
225192
225193
225195
225196
225197
225205
225208
225211
225212
225216
225221
225223
225224
225226
225227
225228
225236
225239
225242
225243
225247
225252
225253
225254
225255
225256
225257
225278
225283
225285
225287
225288
225294
225296
225298
225299
225300
225301
225302
225303
225304
225305
225306
225307
225308
225309
225310
225311
225312
225313
225314
225315
225317
225322
225331
225334
225355
225359
225362
225383
225387
225389
225395
225401
225410
225411
225412
225414
225415
225416
225417
225418
225419
225420
225426
225427
225429
225430
225431
225439
225442
225445
225446
225450
225455
225457
225458
225460
225461
225462
225470
225473
225476
225477
225481
225486
225488
225489
225491
225492
225493
225501
225504
225507
225508
225512
225517
225519
225520
225522
225523
225524
225532
225535
225538
225539
225543
225548
225550
225551
225553
225554
225555
225563
225566
225569
225570
225574
225579
225581
225582
225584
225585
225586
225594
225597
225600
225601
225605
225610
225612
225613
225615
225616
225617
225625
225628
225631
225632
225636
225641
225643
225644
225646
225647
225648
225656
225659
225662
225663
225667
225672
225673
225674
225675
225676
225677
225726
225746
225751
225755
225759
225765
225774
225778
225782
225783
225784
225788
225789
225790
225791
225792
225793
225794
225795
225798
225800
225801
225803
225804
225806
225807
225808
225810
225812
225817
225835
225840
225844
225845
225846
225847
225850
225851
225852
225854
225855
225856
225857
225858
225859
225860
225861
225862
225869
225871
225872
225876
225886
225888
225898
225900
225901
225902
225903
225904
225905
225906
225907
225908
225909
225910
225912
225917
225926
225929
225950
225954
225957
225978
225982
225984
225990
225996
226005
226006
226007
226009
226010
226011
226012
226013
226014
226015
226021
226022
226024
226025
226026
226034
226037
226040
226041
226045
226050
226052
226053
226055
226056
226057
226065
226068
226071
226072
226076
226081
226083
226084
226086
226087
226088
226096
226099
226102
226103
226107
226112
226114
226115
226117
226118
226119
226127
226130
226133
226134
226138
226143
226145
226146
226148
226149
226150
226158
226161
226164
226165
226169
226174
226176
226177
226179
226180
226181
226189
226192
226195
226196
226200
226205
226207
226208
226210
226211
226212
226220
226223
226226
226227
226231
226236
226238
226239
226241
226242
226243
226251
226254
226257
226258
226262
226267
226268
226269
226270
226271
226272
226321
226341
226346
226350
226354
226360
226369
226373
226377
226378
226379
226383
226384
226385
226386
226387
226388
226389
226390
226393
226395
226396
226398
226399
226401
226402
226403
226405
226407
226412
226430
226435
226439
226440
226441
226442
226445
226446
226447
226449
226450
226451
226452
226453
226454
226455
226456
226457
226462
226480
226482
226500
226502
226504
226506
226511
226513
226514
226516
226517
226522
226523
226528
226529
226532
226534
226539
226541
226542
226544
226545
226550
226551
226556
226557
226560
226562
226563
226564
226565
226566
226567
226568
226569
226573
226574
226575
226576
226577
226578
226579
226580
226583
226585
226586
226588
226589
226591
226592
226593
226595
226597
226602
226620
226625
226629
226630
226631
226632
226635
226636
226637
226639
226640
226641
226642
226643
226644
226645
226646
226647
226649
226651
226652
226653
226654
226655
226658
226659
226664
226665
226666
226669
226670
226671
226672
226673
226674
226685
226687
226688
226697
226699
226700
226709
226711
226713
226715
226716
226721
226730
226732
226733
226738
226747
226749
226759
226760
226763
226765
226766
226767
226768
226769
226770
226771
226774
226779
226794
226795
226797
226798
226799
226800
226802
226823
226824
226831
226832
226833
226835
226836
226837
226838
226839
226840
226841
226843
226848
226852
226854
226856
226857
226858
226860
226863
226866
226867
226868
226869
226870
226871
226874
226875
226876
226877
226879
226880
226881
226882
226883
226884
226889
226890
226891
226892
226894
226895
226896
226897
226898
226899
226900
226902
226907
226911
226913
226915
226916
226917
226919
226922
226925
226926
226927
226928
226929
226930
226933
226934
226935
226936
226938
226939
226940
226941
226942
226945
226949
226950
226952
226959
226962
226963
226964
226966
226967
226968
226969
226970
226971
226972
226974
226979
226983
226985
226987
226988
226989
226991
226994
226997
226998
226999
227000
227001
227002
227005
227006
227007
227008
227010
227011
227012
227013
227014
227015
227016
227017
227023
227024
227034
227043
227048
227049
227050
227052
227053
227054
227055
227056
227057
227058
227060
227065
227069
227071
227073
227074
227075
227077
227080
227083
227084
227085
227086
227087
227088
227091
227092
227093
227094
227096
227097
227098
227099
227100
227101
227102
227110
227117
227118
227119
227120
227122
227123
227124
227125
227126
227127
227128
227130
227135
227139
227141
227143
227144
227145
227147
227150
227153
227154
227155
227156
227157
227158
227161
227162
227163
227164
227166
227167
227168
227169
227170
227171
227172
227180
227189
227190
227191
227193
227194
227195
227196
227197
227198
227199
227201
227206
227210
227212
227214
227215
227216
227218
227221
227224
227225
227226
227227
227228
227229
227232
227233
227234
227235
227237
227238
227239
227240
227241
227242
227243
227251
227257
227266
227271
227272
227273
227275
227276
227277
227278
227279
227280
227281
227283
227288
227292
227294
227296
227297
227298
227300
227303
227306
227307
227308
227309
227310
227311
227314
227315
227316
227317
227319
227320
227321
227322
227323
227324
227325
227326
227329
227330
227331
227333
227334
227335
227336
227337
227338
227339
227341
227346
227350
227352
227354
227355
227356
227358
227361
227364
227365
227366
227367
227368
227369
227372
227373
227374
227375
227377
227378
227379
227380
227381
227383
227388
227389
227390
227392
227393
227394
227395
227396
227397
227398
227400
227405
227409
227411
227413
227414
227415
227417
227420
227423
227424
227425
227426
227427
227428
227431
227432
227433
227434
227436
227437
227438
227439
227440
227441
227442
227444
227449
227450
227451
227453
227454
227455
227456
227457
227458
227459
227461
227466
227470
227472
227474
227475
227476
227478
227481
227484
227485
227486
227487
227488
227489
227492
227493
227494
227495
227497
227498
227499
227500
227501
227502
227504
227508
227512
227513
227517
227523
227526
227541
227542
227543
227544
227545
227546
227547
227548
227549
227551
227552
227553
227554
227555
227556
227561
227563
227564
227567
227569
227570
227571
227572
227573
227574
227575
227578
227583
227598
227599
227601
227602
227603
227604
227606
227627
227628
227635
227636
227637
227639
227640
227641
227642
227643
227644
227645
227647
227652
227656
227658
227660
227661
227662
227664
227667
227670
227671
227672
227673
227674
227675
227678
227679
227680
227681
227683
227684
227685
227686
227687
227688
227693
227694
227695
227696
227698
227699
227700
227701
227702
227703
227704
227706
227711
227715
227717
227719
227720
227721
227723
227726
227729
227730
227731
227732
227733
227734
227737
227738
227739
227740
227742
227743
227744
227745
227746
227749
227753
227754
227756
227763
227766
227767
227768
227770
227771
227772
227773
227774
227775
227776
227778
227783
227787
227789
227791
227792
227793
227795
227798
227801
227802
227803
227804
227805
227806
227809
227810
227811
227812
227814
227815
227816
227817
227818
227819
227820
227821
227827
227828
227838
227847
227852
227853
227854
227856
227857
227858
227859
227860
227861
227862
227864
227869
227873
227875
227877
227878
227879
227881
227884
227887
227888
227889
227890
227891
227892
227895
227896
227897
227898
227900
227901
227902
227903
227904
227905
227906
227914
227921
227922
227923
227924
227926
227927
227928
227929
227930
227931
227932
227934
227939
227943
227945
227947
227948
227949
227951
227954
227957
227958
227959
227960
227961
227962
227965
227966
227967
227968
227970
227971
227972
227973
227974
227975
227976
227984
227993
227994
227995
227997
227998
227999
228000
228001
228002
228003
228005
228010
228014
228016
228018
228019
228020
228022
228025
228028
228029
228030
228031
228032
228033
228036
228037
228038
228039
228041
228042
228043
228044
228045
228046
228047
228055
228061
228070
228075
228076
228077
228079
228080
228081
228082
228083
228084
228085
228087
228092
228096
228098
228100
228101
228102
228104
228107
228110
228111
228112
228113
228114
228115
228118
228119
228120
228121
228123
228124
228125
228126
228127
228128
228129
228130
228133
228134
228135
228137
228138
228139
228140
228141
228142
228143
228145
228150
228154
228156
228158
228159
228160
228162
228165
228168
228169
228170
228171
228172
228173
228176
228177
228178
228179
228181
228182
228183
228184
228185
228187
228192
228193
228194
228196
228197
228198
228199
228200
228201
228202
228204
228209
228213
228215
228217
228218
228219
228221
228224
228227
228228
228229
228230
228231
228232
228235
228236
228237
228238
228240
228241
228242
228243
228244
228245
228246
228248
228253
228254
228255
228257
228258
228259
228260
228261
228262
228263
228265
228270
228274
228276
228278
228279
228280
228282
228285
228288
228289
228290
228291
228292
228293
228296
228297
228298
228299
228301
228302
228303
228304
228305
228306
228308
228312
228316
228317
228321
228327
228330
228345
228346
228347
228348
228349
228350
228351
228352
228353
228355
228356
228357
228358
228359
228360
228365
228367
228374
228375
228387
228399
228400
228401
228402
228403
228404
228405
228406
228407
228408
228409
228410
228411
228412
228413
228414
228417
228418
228419
228427
228430
228433
228437
228438
228439
228440
228448
228451
228454
228458
228459
228460
228461
228469
228472
228475
228479
228480
228481
228482
228490
228493
228496
228500
228501
228502
228503
228504
228505
228506
228507
228508
228509
228512
228513
228514
228522
228525
228528
228532
228533
228534
228535
228543
228546
228549
228553
228554
228555
228556
228564
228567
228570
228574
228575
228576
228577
228585
228588
228591
228595
228596
228597
228598
228599
228600
228601
228602
228603
228604
228607
228608
228609
228617
228620
228623
228627
228628
228629
228630
228638
228641
228644
228648
228649
228650
228651
228659
228662
228665
228669
228670
228671
228672
228680
228683
228686
228690
228691
228692
228693
228694
228695
228696
228697
228698
228699
228702
228703
228704
228712
228715
228718
228722
228723
228724
228725
228733
228736
228739
228743
228744
228745
228746
228754
228757
228760
228764
228765
228766
228767
228775
228778
228781
228785
228786
228787
228788
228797
228798
228799
228800
228801
228802
228803
228804
228809
228810
228811
228812
228813
228814
228821
228828
228831
228835
228839
228847
228848
228850
228851
228852
228853
228860
228873
228876
228877
228879
228880
228881
228882
228883
228888
228892
228894
228895
228897
228898
228902
228905
228909
228910
228911
228912
228921
228922
228923
228924
228925
228926
228927
228932
228933
228934
228935
228937
228940
228948
228954
228961
228964
228972
228978
228985
228988
228996
229003
229004
229017
229018
229019
229020
229021
229022
229023
229024
229025
229026
229027
229028
229029
229030
229031
229032
229039
229049
229050
229051
229052
229053
229054
229057
229064
229077
229078
229079
229080
229081
229083
229084
229085
229086
229088
229109
229110
229117
229118
229119
229121
229122
229123
229124
229125
229126
229127
229129
229134
229138
229140
229142
229143
229144
229146
229149
229152
229153
229154
229155
229156
229157
229160
229161
229162
229163
229165
229166
229167
229168
229169
229170
229175
229176
229177
229178
229180
229181
229182
229183
229184
229185
229186
229188
229193
229197
229199
229201
229202
229203
229205
229208
229211
229212
229213
229214
229215
229216
229219
229220
229221
229222
229224
229225
229226
229227
229228
229231
229235
229236
229238
229245
229248
229249
229250
229252
229253
229254
229255
229256
229257
229258
229260
229265
229269
229271
229273
229274
229275
229277
229280
229283
229284
229285
229286
229287
229288
229291
229292
229293
229294
229296
229297
229298
229299
229300
229301
229302
229303
229309
229310
229320
229329
229334
229335
229336
229338
229339
229340
229341
229342
229343
229344
229346
229351
229355
229357
229359
229360
229361
229363
229366
229369
229370
229371
229372
229373
229374
229377
229378
229379
229380
229382
229383
229384
229385
229386
229387
229388
229396
229403
229404
229405
229406
229408
229409
229410
229411
229412
229413
229414
229416
229421
229425
229427
229429
229430
229431
229433
229436
229439
229440
229441
229442
229443
229444
229447
229448
229449
229450
229452
229453
229454
229455
229456
229457
229458
229466
229475
229476
229477
229479
229480
229481
229482
229483
229484
229485
229487
229492
229496
229498
229500
229501
229502
229504
229507
229510
229511
229512
229513
229514
229515
229518
229519
229520
229521
229523
229524
229525
229526
229527
229528
229529
229537
229543
229552
229557
229558
229559
229561
229562
229563
229564
229565
229566
229567
229569
229574
229578
229580
229582
229583
229584
229586
229589
229592
229593
229594
229595
229596
229597
229600
229601
229602
229603
229605
229606
229607
229608
229609
229610
229611
229612
229615
229616
229617
229619
229620
229621
229622
229623
229624
229625
229627
229632
229636
229638
229640
229641
229642
229644
229647
229650
229651
229652
229653
229654
229655
229658
229659
229660
229661
229663
229664
229665
229666
229667
229669
229674
229675
229676
229678
229679
229680
229681
229682
229683
229684
229686
229691
229695
229697
229699
229700
229701
229703
229706
229709
229710
229711
229712
229713
229714
229717
229718
229719
229720
229722
229723
229724
229725
229726
229727
229728
229730
229735
229736
229737
229739
229740
229741
229742
229743
229744
229745
229747
229752
229756
229758
229760
229761
229762
229764
229767
229770
229771
229772
229773
229774
229775
229778
229779
229780
229781
229783
229784
229785
229786
229787
229788
229790
229794
229798
229799
229803
229809
229812
229827
229828
229829
229830
229831
229832
229833
229834
229837
229838
229839
229840
229841
229842
229849
229862
229863
229865
229866
229867
229868
229870
229885
229887
229890
229892
229893
229896
229902
229908
229915
229918
229926
229932
229939
229942
229950
229956
229970
229971
229972
229973
229974
229975
229976
229977
229978
229979
229980
229981
229982
229983
229984
229985
229996
229997
229998
229999
230000
230001
230031
230032
230033
230035
230036
230037
230038
230040
230061
230062
230069
230070
230071
230073
230074
230075
230076
230077
230078
230079
230081
230086
230090
230092
230094
230095
230096
230098
230101
230104
230105
230106
230107
230108
230109
230112
230113
230114
230115
230117
230118
230119
230120
230121
230122
230127
230128
230129
230130
230132
230133
230134
230135
230136
230137
230138
230140
230145
230149
230151
230153
230154
230155
230157
230160
230163
230164
230165
230166
230167
230168
230171
230172
230173
230174
230176
230177
230178
230179
230180
230183
230187
230188
230190
230197
230200
230201
230202
230204
230205
230206
230207
230208
230209
230210
230212
230217
230221
230223
230225
230226
230227
230229
230232
230235
230236
230237
230238
230239
230240
230243
230244
230245
230246
230248
230249
230250
230251
230252
230253
230254
230255
230261
230262
230272
230281
230286
230287
230288
230290
230291
230292
230293
230294
230295
230296
230298
230303
230307
230309
230311
230312
230313
230315
230318
230321
230322
230323
230324
230325
230326
230329
230330
230331
230332
230334
230335
230336
230337
230338
230339
230340
230348
230355
230356
230357
230358
230360
230361
230362
230363
230364
230365
230366
230368
230373
230377
230379
230381
230382
230383
230385
230388
230391
230392
230393
230394
230395
230396
230399
230400
230401
230402
230404
230405
230406
230407
230408
230409
230410
230418
230427
230428
230429
230431
230432
230433
230434
230435
230436
230437
230439
230444
230448
230450
230452
230453
230454
230456
230459
230462
230463
230464
230465
230466
230467
230470
230471
230472
230473
230475
230476
230477
230478
230479
230480
230481
230489
230495
230504
230509
230510
230511
230513
230514
230515
230516
230517
230518
230519
230521
230526
230530
230532
230534
230535
230536
230538
230541
230544
230545
230546
230547
230548
230549
230552
230553
230554
230555
230557
230558
230559
230560
230561
230562
230563
230564
230567
230568
230569
230571
230572
230573
230574
230575
230576
230577
230579
230584
230588
230590
230592
230593
230594
230596
230599
230602
230603
230604
230605
230606
230607
230610
230611
230612
230613
230615
230616
230617
230618
230619
230621
230626
230627
230628
230630
230631
230632
230633
230634
230635
230636
230638
230643
230647
230649
230651
230652
230653
230655
230658
230661
230662
230663
230664
230665
230666
230669
230670
230671
230672
230674
230675
230676
230677
230678
230679
230680
230682
230687
230688
230689
230691
230692
230693
230694
230695
230696
230697
230699
230704
230708
230710
230712
230713
230714
230716
230719
230722
230723
230724
230725
230726
230727
230730
230731
230732
230733
230735
230736
230737
230738
230739
230740
230742
230746
230750
230751
230755
230761
230764
230779
230780
230781
230782
230783
230784
230785
230786
230789
230790
230791
230792
230793
230794
230795
230798
230819
230820
230822
230823
230824
230825
230827
230842
230844
230847
230849
230850
230853
230859
230865
230872
230875
230883
230889
230896
230899
230907
230913
230927
230928
230929
230930
230931
230932
230933
230934
230935
230936
230937
230938
230939
230940
230941
230942
230951
230952
230953
230954
230955
230956
230960
230965
230969
230972
230980
230981
230983
230984
230985
230986
230988
231003
231005
231008
231010
231011
231014
231020
231026
231033
231036
231044
231050
231057
231060
231068
231074
231088
231089
231090
231091
231092
231093
231094
231095
231096
231097
231098
231099
231100
231101
231102
231103
231113
231117
231120
231126
231127
231139
231151
231154
231160
231161
231162
231163
231164
231165
231166
231167
231168
231169
231172
231176
231178
231180
231181
231182
231183
231184
231185
231186
231187
231188
231189
231190
231191
231192
231193
231194
231195
231198
231199
231200
231208
231211
231214
231218
231219
231220
231221
231229
231232
231235
231239
231240
231241
231242
231250
231253
231256
231260
231261
231262
231263
231271
231274
231277
231281
231282
231283
231284
231285
231286
231287
231288
231289
231290
231293
231294
231295
231303
231306
231309
231313
231314
231315
231316
231324
231327
231330
231334
231335
231336
231337
231345
231348
231351
231355
231356
231357
231358
231366
231369
231372
231376
231377
231378
231379
231380
231381
231382
231383
231384
231385
231388
231389
231390
231398
231401
231404
231408
231409
231410
231411
231419
231422
231425
231429
231430
231431
231432
231440
231443
231446
231450
231451
231452
231453
231461
231464
231467
231471
231472
231473
231474
231475
231476
231477
231478
231479
231480
231483
231484
231485
231493
231496
231499
231503
231504
231505
231506
231514
231517
231520
231524
231525
231526
231527
231535
231538
231541
231545
231546
231547
231548
231556
231559
231562
231566
231567
231568
231569
231578
231579
231580
231581
231582
231583
231584
231585
231586
231589
231590
231591
231592
231593
231594
231597
231611
231612
231614
231615
231616
231617
231619
231634
231636
231639
231641
231642
231645
231651
231657
231664
231667
231675
231681
231688
231691
231699
231705
231719
231720
231721
231722
231723
231724
231725
231726
231730
231731
231732
231733
231734
231735
231738
231743
231746
231747
231748
231750
231751
231753
231754
231755
231756
231763
231776
231779
231780
231782
231783
231784
231785
231786
231791
231795
231797
231798
231800
231801
231805
231808
231812
231813
231814
231815
231824
231825
231826
231827
231828
231829
231830
231835
231836
231837
231838
231840
231843
231851
231857
231864
231867
231875
231881
231888
231891
231899
231906
231907
231920
231921
231922
231923
231924
231925
231926
231927
231928
231929
231930
231931
231932
231933
231934
231935
231936
231937
231938
231939
231940
231941
231944
231945
231946
231954
231957
231960
231964
231965
231966
231967
231975
231978
231981
231985
231986
231987
231988
231996
231999
232002
232006
232007
232008
232009
232017
232020
232023
232027
232028
232029
232030
232031
232032
232033
232034
232035
232036
232039
232040
232041
232049
232052
232055
232059
232060
232061
232062
232070
232073
232076
232080
232081
232082
232083
232091
232094
232097
232101
232102
232103
232104
232112
232115
232118
232122
232123
232124
232125
232126
232127
232128
232129
232130
232131
232134
232135
232136
232144
232147
232150
232154
232155
232156
232157
232165
232168
232171
232175
232176
232177
232178
232186
232189
232192
232196
232197
232198
232199
232207
232210
232213
232217
232218
232219
232220
232221
232222
232223
232224
232225
232226
232229
232230
232231
232239
232242
232245
232249
232250
232251
232252
232260
232263
232266
232270
232271
232272
232273
232281
232284
232287
232291
232292
232293
232294
232302
232305
232308
232312
232313
232314
232315
232324
232325
232326
232327
232328
232329
232330
232331
232332
232333
232334
232335
232336
232337
232338
232339
232340
232341
232342
232343
232346
232347
232348
232356
232359
232362
232366
232367
232368
232369
232377
232380
232383
232387
232388
232389
232390
232398
232401
232404
232408
232409
232410
232411
232419
232422
232425
232429
232430
232431
232432
232433
232434
232435
232436
232437
232438
232441
232442
232443
232451
232454
232457
232461
232462
232463
232464
232472
232475
232478
232482
232483
232484
232485
232493
232496
232499
232503
232504
232505
232506
232514
232517
232520
232524
232525
232526
232527
232528
232529
232530
232531
232532
232533
232536
232537
232538
232546
232549
232552
232556
232557
232558
232559
232567
232570
232573
232577
232578
232579
232580
232588
232591
232594
232598
232599
232600
232601
232609
232612
232615
232619
232620
232621
232622
232623
232624
232625
232626
232627
232628
232631
232632
232633
232641
232644
232647
232651
232652
232653
232654
232662
232665
232668
232672
232673
232674
232675
232683
232686
232689
232693
232694
232695
232696
232704
232707
232710
232714
232715
232716
232717
232726
232727
232728
232729
232730
232731
232732
232733
232734
232735
232736
232737
232738
232739
232740
232741
232742
232743
232744
232745
232748
232749
232750
232758
232761
232764
232768
232769
232770
232771
232779
232782
232785
232789
232790
232791
232792
232800
232803
232806
232810
232811
232812
232813
232821
232824
232827
232831
232832
232833
232834
232835
232836
232837
232838
232839
232840
232843
232844
232845
232853
232856
232859
232863
232864
232865
232866
232874
232877
232880
232884
232885
232886
232887
232895
232898
232901
232905
232906
232907
232908
232916
232919
232922
232926
232927
232928
232929
232930
232931
232932
232933
232934
232935
232938
232939
232940
232948
232951
232954
232958
232959
232960
232961
232969
232972
232975
232979
232980
232981
232982
232990
232993
232996
233000
233001
233002
233003
233011
233014
233017
233021
233022
233023
233024
233025
233026
233027
233028
233029
233030
233033
233034
233035
233043
233046
233049
233053
233054
233055
233056
233064
233067
233070
233074
233075
233076
233077
233085
233088
233091
233095
233096
233097
233098
233106
233109
233112
233116
233117
233118
233119
233128
233129
233130
233131
233132
233133
233134
233137
233138
233139
233140
233141
233142
233143
233146
233149
233153
233158
233162
233166
233170
233171
233173
233174
233175
233176
233177
233208
233209
233210
233211
233212
233213
233214
233215
233219
233220
233221
233222
233223
233224
233229
233242
233243
233245
233246
233247
233248
233249
233280
233281
233282
233283
233284
233285
233286
233287
233288
233289
233290
233291
233292
233293
233294
233295
233300
233305
233306
233307
233308
233309
233310
233311
233314
233317
233325
233329
233333
233337
233338
233340
233341
233342
233343
233344
233375
233376
233377
233378
233379
233380
233381
233382
233385
233387
233388
233389
233390
233391
233392
233395
233398
233413
233414
233416
233417
233418
233419
233420
233451
233452
233453
233454
233455
233456
233457
233458
233461
233462
233463
233464
233465
233466
233467
233470
233483
233484
233486
233487
233488
233489
233490
233521
233522
233523
233524
233525
233526
233527
233528
233531
233533
233534
233535
233536
233537
233538
233541
233558
233559
233561
233562
233563
233564
233565
233596
233597
233598
233599
233600
233601
233602
233603
233606
233607
233608
233609
233610
233611
233614
233627
233628
233630
233631
233632
233633
233634
233665
233666
233667
233668
233669
233670
233671
233672
233673
233674
233675
233676
233677
233678
233679
233680
233704
233711
233712
233714
233715
233716
233717
233718
233724
233733
233739
233752
233753
233754
233755
233756
233757
233758
233759
233760
233763
233764
233765
233766
233767
233768
233769
233774
233789
233790
233792
233793
233794
233795
233796
233827
233828
233829
233830
233831
233832
233833
233834
233837
233842
233845
233852
233853
233855
233856
233857
233858
233859
233865
233874
233880
233893
233894
233895
233896
233897
233898
233899
233902
233903
233904
233905
233906
233907
233910
233925
233926
233928
233929
233930
233931
233932
233963
233964
233965
233966
233967
233968
233969
233970
233973
233974
233975
233976
233977
233978
233979
233984
233997
234000
234001
234003
234004
234005
234006
234007
234038
234039
234040
234041
234042
234043
234044
234045
234048
234049
234050
234051
234052
234053
234054
234057
234072
234073
234075
234076
234077
234078
234079
234110
234111
234112
234113
234114
234115
234116
234117
234120
234121
234122
234123
234124
234125
234126
234129
234132
234147
234148
234150
234151
234152
234153
234154
234185
234186
234187
234188
234189
234190
234191
234192
234195
234196
234197
234198
234199
234200
234203
234218
234219
234221
234222
234223
234224
234225
234256
234257
234258
234259
234260
234261
234262
234263
234264
234265
234266
234267
234268
234269
234270
234271
234288
234289
234290
234291
234292
234293
234294
234297
234300
234315
234316
234318
234319
234320
234321
234322
234353
234354
234355
234356
234357
234358
234359
234360
234363
234364
234365
234366
234367
234368
234371
234386
234387
234389
234390
234391
234392
234393
234424
234425
234426
234427
234428
234429
234430
234431
234432
234433
234434
234435
234436
234437
234438
234439
234454
234455
234456
234457
234458
234459
234460
234463
234466
234481
234482
234484
234485
234486
234487
234488
234519
234520
234521
234522
234523
234524
234525
234526
234529
234530
234531
234532
234533
234534
234537
234552
234553
234555
234556
234557
234558
234559
234590
234591
234592
234593
234594
234595
234596
234597
234598
234599
234600
234601
234602
234603
234604
234605
234612
234618
234619
234620
234621
234622
234623
234631
234640
234641
234643
234644
234645
234646
234647
234678
234679
234680
234681
234682
234683
234684
234685
234688
234689
234690
234691
234692
234693
234694
234699
234714
234715
234717
234718
234719
234720
234721
234752
234753
234754
234755
234756
234757
234758
234759
234768
234775
234776
234778
234779
234780
234781
234782
234788
234797
234803
234816
234817
234818
234819
234820
234821
234822
234825
234826
234827
234828
234829
234830
234831
234834
234837
234852
234853
234855
234856
234857
234858
234859
234890
234891
234892
234893
234894
234895
234896
234897
234900
234913
234914
234916
234917
234918
234919
234920
234926
234935
234941
234954
234955
234956
234957
234958
234959
234960
234963
234964
234965
234966
234967
234968
234971
234986
234987
234989
234990
234991
234992
234993
235024
235025
235026
235027
235028
235029
235030
235031
235032
235034
235035
235036
235037
235038
235039
235040
235043
235045
235046
235048
235049
235051
235052
235053
235055
235057
235062
235080
235085
235089
235090
235091
235092
235095
235096
235097
235099
235100
235101
235102
235105
235106
235107
235108
235109
235110
235111
235114
235117
235132
235133
235135
235136
235137
235138
235139
235170
235171
235172
235173
235174
235175
235176
235177
235180
235181
235182
235183
235184
235185
235188
235203
235204
235206
235207
235208
235209
235210
235241
235242
235243
235244
235245
235246
235247
235248
235251
235252
235253
235254
235255
235256
235257
235260
235263
235278
235279
235281
235282
235283
235284
235285
235316
235317
235318
235319
235320
235321
235322
235323
235326
235327
235328
235329
235330
235331
235334
235347
235348
235350
235351
235352
235353
235354
235385
235386
235387
235388
235389
235390
235391
235392
235393
235394
235395
235396
235397
235398
235399
235400
235417
235418
235419
235420
235421
235422
235423
235426
235429
235444
235445
235447
235448
235449
235450
235451
235482
235483
235484
235485
235486
235487
235488
235489
235492
235493
235494
235495
235496
235497
235500
235513
235514
235516
235517
235518
235519
235520
235551
235552
235553
235554
235555
235556
235557
235558
235559
235560
235561
235562
235563
235564
235565
235566
235581
235582
235583
235584
235585
235586
235587
235590
235593
235608
235609
235611
235612
235613
235614
235615
235646
235647
235648
235649
235650
235651
235652
235653
235656
235657
235658
235659
235660
235661
235664
235677
235678
235680
235681
235682
235683
235684
235715
235716
235717
235718
235719
235720
235721
235722
235723
235724
235725
235726
235727
235728
235729
235730
235740
235743
235744
235745
235746
235747
235748
235754
235767
235768
235770
235771
235772
235773
235774
235805
235806
235807
235808
235809
235810
235811
235812
235813
235814
235815
235816
235817
235818
235819
235820
235827
235833
235834
235835
235836
235837
235838
235842
235857
235858
235860
235861
235862
235863
235864
235895
235896
235897
235898
235899
235900
235901
235902
235903
235904
235905
235906
235907
235908
235909
235910
235929
235930
235945
235952
235953
235955
235956
235957
235958
235959
235965
235974
235980
235993
235994
235995
235996
235997
235998
235999
236000
236001
236004
236005
236006
236007
236008
236009
236010
236015
236030
236031
236033
236034
236035
236036
236037
236068
236069
236070
236071
236072
236073
236074
236075
236078
236083
236086
236093
236094
236096
236097
236098
236099
236100
236106
236115
236121
236134
236135
236136
236137
236138
236139
236140
236143
236144
236145
236146
236147
236148
236151
236166
236167
236169
236170
236171
236172
236173
236204
236205
236206
236207
236208
236209
236210
236211
236214
236215
236216
236217
236218
236219
236220
236225
236238
236241
236242
236244
236245
236246
236247
236248
236279
236280
236281
236282
236283
236284
236285
236286
236289
236290
236291
236292
236293
236294
236295
236298
236313
236314
236316
236317
236318
236319
236320
236351
236352
236353
236354
236355
236356
236357
236358
236361
236362
236363
236364
236365
236366
236367
236370
236373
236388
236389
236391
236392
236393
236394
236395
236426
236427
236428
236429
236430
236431
236432
236433
236436
236437
236438
236439
236440
236441
236444
236459
236460
236462
236463
236464
236465
236466
236497
236498
236499
236500
236501
236502
236503
236504
236505
236506
236507
236508
236509
236510
236511
236512
236529
236530
236531
236532
236533
236534
236535
236538
236541
236556
236557
236559
236560
236561
236562
236563
236594
236595
236596
236597
236598
236599
236600
236601
236604
236605
236606
236607
236608
236609
236612
236627
236628
236630
236631
236632
236633
236634
236665
236666
236667
236668
236669
236670
236671
236672
236673
236674
236675
236676
236677
236678
236679
236680
236695
236696
236697
236698
236699
236700
236701
236704
236707
236722
236723
236725
236726
236727
236728
236729
236760
236761
236762
236763
236764
236765
236766
236767
236770
236771
236772
236773
236774
236775
236778
236793
236794
236796
236797
236798
236799
236800
236831
236832
236833
236834
236835
236836
236837
236838
236839
236840
236841
236842
236843
236844
236845
236846
236853
236859
236860
236861
236862
236863
236864
236872
236881
236882
236884
236885
236886
236887
236888
236919
236920
236921
236922
236923
236924
236925
236926
236929
236930
236931
236932
236933
236934
236935
236940
236955
236956
236958
236959
236960
236961
236962
236993
236994
236995
236996
236997
236998
236999
237000
237009
237016
237017
237019
237020
237021
237022
237023
237029
237038
237044
237057
237058
237059
237060
237061
237062
237063
237066
237067
237068
237069
237070
237071
237072
237075
237078
237093
237094
237096
237097
237098
237099
237100
237131
237132
237133
237134
237135
237136
237137
237138
237141
237154
237155
237157
237158
237159
237160
237161
237167
237176
237182
237195
237196
237197
237198
237199
237200
237201
237204
237205
237206
237207
237208
237209
237212
237227
237228
237230
237231
237232
237233
237234
237265
237266
237267
237268
237269
237270
237271
237272
237273
237275
237276
237277
237278
237279
237280
237281
237284
237286
237287
237289
237290
237292
237293
237294
237296
237298
237303
237321
237326
237330
237331
237332
237333
237336
237337
237338
237340
237341
237342
237343
237346
237347
237348
237349
237350
237351
237352
237355
237358
237373
237374
237376
237377
237378
237379
237380
237411
237412
237413
237414
237415
237416
237417
237418
237421
237422
237423
237424
237425
237426
237429
237444
237445
237447
237448
237449
237450
237451
237482
237483
237484
237485
237486
237487
237488
237489
237492
237493
237494
237495
237496
237497
237498
237501
237504
237519
237520
237522
237523
237524
237525
237526
237557
237558
237559
237560
237561
237562
237563
237564
237567
237568
237569
237570
237571
237572
237575
237588
237589
237591
237592
237593
237594
237595
237626
237627
237628
237629
237630
237631
237632
237633
237634
237635
237636
237637
237638
237639
237640
237641
237658
237659
237660
237661
237662
237663
237664
237667
237670
237685
237686
237688
237689
237690
237691
237692
237723
237724
237725
237726
237727
237728
237729
237730
237733
237734
237735
237736
237737
237738
237741
237754
237755
237757
237758
237759
237760
237761
237792
237793
237794
237795
237796
237797
237798
237799
237800
237801
237802
237803
237804
237805
237806
237807
237822
237823
237824
237825
237826
237827
237828
237831
237834
237849
237850
237852
237853
237854
237855
237856
237887
237888
237889
237890
237891
237892
237893
237894
237897
237898
237899
237900
237901
237902
237905
237918
237919
237921
237922
237923
237924
237925
237956
237957
237958
237959
237960
237961
237962
237963
237964
237965
237966
237967
237968
237969
237970
237971
237981
237984
237985
237986
237987
237988
237989
237995
238008
238009
238011
238012
238013
238014
238015
238046
238047
238048
238049
238050
238051
238052
238053
238054
238055
238056
238057
238058
238059
238060
238061
238068
238074
238075
238076
238077
238078
238079
238083
238098
238099
238101
238102
238103
238104
238105
238136
238137
238138
238139
238140
238141
238142
238143
238144
238145
238146
238147
238148
238149
238150
238151
238170
238171
238186
238193
238194
238196
238197
238198
238199
238200
238206
238215
238221
238234
238235
238236
238237
238238
238239
238240
238241
238242
238245
238246
238247
238248
238249
238250
238251
238256
238271
238272
238274
238275
238276
238277
238278
238309
238310
238311
238312
238313
238314
238315
238316
238319
238324
238327
238334
238335
238337
238338
238339
238340
238341
238347
238356
238362
238375
238376
238377
238378
238379
238380
238381
238384
238385
238386
238387
238388
238389
238392
238407
238408
238410
238411
238412
238413
238414
238445
238446
238447
238448
238449
238450
238451
238452
238455
238456
238457
238458
238459
238460
238461
238466
238479
238482
238483
238485
238486
238487
238488
238489
238520
238521
238522
238523
238524
238525
238526
238527
238530
238531
238532
238533
238534
238535
238536
238539
238554
238555
238557
238558
238559
238560
238561
238592
238593
238594
238595
238596
238597
238598
238599
238602
238603
238604
238605
238606
238607
238608
238611
238614
238629
238630
238632
238633
238634
238635
238636
238667
238668
238669
238670
238671
238672
238673
238674
238677
238678
238679
238680
238681
238682
238685
238700
238701
238703
238704
238705
238706
238707
238738
238739
238740
238741
238742
238743
238744
238745
238746
238747
238748
238749
238750
238751
238752
238753
238770
238771
238772
238773
238774
238775
238776
238779
238782
238797
238798
238800
238801
238802
238803
238804
238835
238836
238837
238838
238839
238840
238841
238842
238845
238846
238847
238848
238849
238850
238853
238868
238869
238871
238872
238873
238874
238875
238906
238907
238908
238909
238910
238911
238912
238913
238914
238915
238916
238917
238918
238919
238920
238921
238936
238937
238938
238939
238940
238941
238942
238945
238948
238963
238964
238966
238967
238968
238969
238970
239001
239002
239003
239004
239005
239006
239007
239008
239011
239012
239013
239014
239015
239016
239019
239034
239035
239037
239038
239039
239040
239041
239072
239073
239074
239075
239076
239077
239078
239079
239080
239081
239082
239083
239084
239085
239086
239087
239094
239100
239101
239102
239103
239104
239105
239113
239122
239123
239125
239126
239127
239128
239129
239160
239161
239162
239163
239164
239165
239166
239167
239170
239171
239172
239173
239174
239175
239176
239181
239196
239197
239199
239200
239201
239202
239203
239234
239235
239236
239237
239238
239239
239240
239241
239250
239257
239258
239260
239261
239262
239263
239264
239270
239279
239285
239298
239299
239300
239301
239302
239303
239304
239307
239308
239309
239310
239311
239312
239313
239316
239319
239334
239335
239337
239338
239339
239340
239341
239372
239373
239374
239375
239376
239377
239378
239379
239382
239395
239396
239398
239399
239400
239401
239402
239408
239417
239423
239436
239437
239438
239439
239440
239441
239442
239445
239446
239447
239448
239449
239450
239453
239468
239469
239471
239472
239473
239474
239475
239506
239507
239508
239509
239510
239511
239512
239513
239514
239516
239517
239518
239519
239520
239521
239522
239525
239527
239528
239530
239531
239533
239534
239535
239537
239539
239544
239562
239567
239571
239572
239573
239574
239577
239578
239579
239581
239582
239583
239584
239587
239588
239589
239590
239591
239592
239593
239596
239599
239614
239615
239617
239618
239619
239620
239621
239652
239653
239654
239655
239656
239657
239658
239659
239662
239663
239664
239665
239666
239667
239670
239685
239686
239688
239689
239690
239691
239692
239723
239724
239725
239726
239727
239728
239729
239730
239733
239734
239735
239736
239737
239738
239739
239742
239745
239760
239761
239763
239764
239765
239766
239767
239798
239799
239800
239801
239802
239803
239804
239805
239808
239809
239810
239811
239812
239813
239816
239829
239830
239832
239833
239834
239835
239836
239867
239868
239869
239870
239871
239872
239873
239874
239875
239876
239877
239878
239879
239880
239881
239882
239899
239900
239901
239902
239903
239904
239905
239908
239911
239926
239927
239929
239930
239931
239932
239933
239964
239965
239966
239967
239968
239969
239970
239971
239974
239975
239976
239977
239978
239979
239982
239995
239996
239998
239999
240000
240001
240002
240033
240034
240035
240036
240037
240038
240039
240040
240041
240042
240043
240044
240045
240046
240047
240048
240063
240064
240065
240066
240067
240068
240069
240072
240075
240090
240091
240093
240094
240095
240096
240097
240128
240129
240130
240131
240132
240133
240134
240135
240138
240139
240140
240141
240142
240143
240146
240159
240160
240162
240163
240164
240165
240166
240197
240198
240199
240200
240201
240202
240203
240204
240205
240206
240207
240208
240209
240210
240211
240212
240222
240225
240226
240227
240228
240229
240230
240236
240249
240250
240252
240253
240254
240255
240256
240287
240288
240289
240290
240291
240292
240293
240294
240295
240296
240297
240298
240299
240300
240301
240302
240309
240315
240316
240317
240318
240319
240320
240324
240339
240340
240342
240343
240344
240345
240346
240377
240378
240379
240380
240381
240382
240383
240384
240385
240386
240387
240388
240389
240390
240391
240392
240411
240412
240427
240434
240435
240437
240438
240439
240440
240441
240447
240456
240462
240475
240476
240477
240478
240479
240480
240481
240482
240483
240486
240487
240488
240489
240490
240491
240492
240497
240512
240513
240515
240516
240517
240518
240519
240550
240551
240552
240553
240554
240555
240556
240557
240560
240565
240568
240575
240576
240578
240579
240580
240581
240582
240588
240597
240603
240616
240617
240618
240619
240620
240621
240622
240625
240626
240627
240628
240629
240630
240633
240648
240649
240651
240652
240653
240654
240655
240686
240687
240688
240689
240690
240691
240692
240693
240696
240697
240698
240699
240700
240701
240702
240707
240720
240723
240724
240726
240727
240728
240729
240730
240761
240762
240763
240764
240765
240766
240767
240768
240771
240772
240773
240774
240775
240776
240777
240780
240795
240796
240798
240799
240800
240801
240802
240833
240834
240835
240836
240837
240838
240839
240840
240843
240844
240845
240846
240847
240848
240849
240852
240855
240870
240871
240873
240874
240875
240876
240877
240908
240909
240910
240911
240912
240913
240914
240915
240918
240919
240920
240921
240922
240923
240926
240941
240942
240944
240945
240946
240947
240948
240979
240980
240981
240982
240983
240984
240985
240986
240987
240988
240989
240990
240991
240992
240993
240994
241011
241012
241013
241014
241015
241016
241017
241020
241023
241038
241039
241041
241042
241043
241044
241045
241076
241077
241078
241079
241080
241081
241082
241083
241086
241087
241088
241089
241090
241091
241094
241109
241110
241112
241113
241114
241115
241116
241147
241148
241149
241150
241151
241152
241153
241154
241155
241156
241157
241158
241159
241160
241161
241162
241177
241178
241179
241180
241181
241182
241183
241186
241189
241204
241205
241207
241208
241209
241210
241211
241242
241243
241244
241245
241246
241247
241248
241249
241252
241253
241254
241255
241256
241257
241260
241275
241276
241278
241279
241280
241281
241282
241313
241314
241315
241316
241317
241318
241319
241320
241321
241322
241323
241324
241325
241326
241327
241328
241335
241341
241342
241343
241344
241345
241346
241354
241363
241364
241366
241367
241368
241369
241370
241401
241402
241403
241404
241405
241406
241407
241408
241411
241412
241413
241414
241415
241416
241417
241422
241437
241438
241440
241441
241442
241443
241444
241475
241476
241477
241478
241479
241480
241481
241482
241491
241498
241499
241501
241502
241503
241504
241505
241511
241520
241526
241539
241540
241541
241542
241543
241544
241545
241548
241549
241550
241551
241552
241553
241554
241557
241560
241575
241576
241578
241579
241580
241581
241582
241613
241614
241615
241616
241617
241618
241619
241620
241623
241636
241637
241639
241640
241641
241642
241643
241649
241658
241664
241677
241678
241679
241680
241681
241682
241683
241686
241687
241688
241689
241690
241691
241694
241709
241710
241712
241713
241714
241715
241716
241747
241748
241749
241750
241751
241752
241753
241754
241755
241757
241758
241759
241760
241761
241762
241763
241766
241768
241769
241771
241772
241774
241775
241776
241778
241780
241785
241803
241808
241812
241813
241814
241815
241818
241819
241820
241822
241823
241824
241825
241828
241829
241830
241831
241832
241833
241834
241837
241840
241855
241856
241858
241859
241860
241861
241862
241893
241894
241895
241896
241897
241898
241899
241900
241903
241904
241905
241906
241907
241908
241911
241926
241927
241929
241930
241931
241932
241933
241964
241965
241966
241967
241968
241969
241970
241971
241974
241975
241976
241977
241978
241979
241980
241983
241986
242001
242002
242004
242005
242006
242007
242008
242039
242040
242041
242042
242043
242044
242045
242046
242049
242050
242051
242052
242053
242054
242057
242070
242071
242073
242074
242075
242076
242077
242108
242109
242110
242111
242112
242113
242114
242115
242116
242117
242118
242119
242120
242121
242122
242123
242140
242141
242142
242143
242144
242145
242146
242149
242152
242167
242168
242170
242171
242172
242173
242174
242205
242206
242207
242208
242209
242210
242211
242212
242215
242216
242217
242218
242219
242220
242223
242236
242237
242239
242240
242241
242242
242243
242274
242275
242276
242277
242278
242279
242280
242281
242282
242283
242284
242285
242286
242287
242288
242289
242304
242305
242306
242307
242308
242309
242310
242313
242316
242331
242332
242334
242335
242336
242337
242338
242369
242370
242371
242372
242373
242374
242375
242376
242379
242380
242381
242382
242383
242384
242387
242400
242401
242403
242404
242405
242406
242407
242438
242439
242440
242441
242442
242443
242444
242445
242446
242447
242448
242449
242450
242451
242452
242453
242463
242466
242467
242468
242469
242470
242471
242477
242490
242491
242493
242494
242495
242496
242497
242528
242529
242530
242531
242532
242533
242534
242535
242536
242537
242538
242539
242540
242541
242542
242543
242550
242556
242557
242558
242559
242560
242561
242565
242580
242581
242583
242584
242585
242586
242587
242618
242619
242620
242621
242622
242623
242624
242625
242626
242627
242628
242629
242630
242631
242632
242633
242652
242653
242668
242675
242676
242678
242679
242680
242681
242682
242688
242697
242703
242716
242717
242718
242719
242720
242721
242722
242723
242724
242727
242728
242729
242730
242731
242732
242733
242738
242753
242754
242756
242757
242758
242759
242760
242791
242792
242793
242794
242795
242796
242797
242798
242801
242806
242809
242816
242817
242819
242820
242821
242822
242823
242829
242838
242844
242857
242858
242859
242860
242861
242862
242863
242866
242867
242868
242869
242870
242871
242874
242889
242890
242892
242893
242894
242895
242896
242927
242928
242929
242930
242931
242932
242933
242934
242937
242938
242939
242940
242941
242942
242943
242948
242961
242964
242965
242967
242968
242969
242970
242971
243002
243003
243004
243005
243006
243007
243008
243009
243012
243013
243014
243015
243016
243017
243018
243021
243036
243037
243039
243040
243041
243042
243043
243074
243075
243076
243077
243078
243079
243080
243081
243084
243085
243086
243087
243088
243089
243090
243093
243096
243111
243112
243114
243115
243116
243117
243118
243149
243150
243151
243152
243153
243154
243155
243156
243159
243160
243161
243162
243163
243164
243167
243182
243183
243185
243186
243187
243188
243189
243220
243221
243222
243223
243224
243225
243226
243227
243228
243229
243230
243231
243232
243233
243234
243235
243252
243253
243254
243255
243256
243257
243258
243261
243264
243279
243280
243282
243283
243284
243285
243286
243317
243318
243319
243320
243321
243322
243323
243324
243327
243328
243329
243330
243331
243332
243335
243350
243351
243353
243354
243355
243356
243357
243388
243389
243390
243391
243392
243393
243394
243395
243396
243397
243398
243399
243400
243401
243402
243403
243418
243419
243420
243421
243422
243423
243424
243427
243430
243445
243446
243448
243449
243450
243451
243452
243483
243484
243485
243486
243487
243488
243489
243490
243493
243494
243495
243496
243497
243498
243501
243516
243517
243519
243520
243521
243522
243523
243554
243555
243556
243557
243558
243559
243560
243561
243562
243563
243564
243565
243566
243567
243568
243569
243576
243582
243583
243584
243585
243586
243587
243595
243604
243605
243607
243608
243609
243610
243611
243642
243643
243644
243645
243646
243647
243648
243649
243652
243653
243654
243655
243656
243657
243658
243663
243678
243679
243681
243682
243683
243684
243685
243716
243717
243718
243719
243720
243721
243722
243723
243732
243739
243740
243742
243743
243744
243745
243746
243752
243761
243767
243780
243781
243782
243783
243784
243785
243786
243789
243790
243791
243792
243793
243794
243795
243798
243801
243816
243817
243819
243820
243821
243822
243823
243854
243855
243856
243857
243858
243859
243860
243861
243864
243877
243878
243880
243881
243882
243883
243884
243890
243899
243905
243918
243919
243920
243921
243922
243923
243924
243927
243928
243929
243930
243931
243932
243935
243950
243951
243953
243954
243955
243956
243957
243988
243989
243990
243991
243992
243993
243994
243995
243996
243998
243999
244000
244001
244002
244003
244004
244007
244009
244010
244012
244013
244015
244016
244017
244019
244021
244026
244044
244049
244053
244054
244055
244056
244059
244060
244061
244063
244064
244065
244066
244069
244070
244071
244072
244073
244074
244075
244078
244081
244096
244097
244099
244100
244101
244102
244103
244134
244135
244136
244137
244138
244139
244140
244141
244144
244145
244146
244147
244148
244149
244152
244167
244168
244170
244171
244172
244173
244174
244205
244206
244207
244208
244209
244210
244211
244212
244215
244216
244217
244218
244219
244220
244221
244224
244227
244242
244243
244245
244246
244247
244248
244249
244280
244281
244282
244283
244284
244285
244286
244287
244290
244291
244292
244293
244294
244295
244298
244311
244312
244314
244315
244316
244317
244318
244349
244350
244351
244352
244353
244354
244355
244356
244357
244358
244359
244360
244361
244362
244363
244364
244381
244382
244383
244384
244385
244386
244387
244390
244393
244408
244409
244411
244412
244413
244414
244415
244446
244447
244448
244449
244450
244451
244452
244453
244456
244457
244458
244459
244460
244461
244464
244477
244478
244480
244481
244482
244483
244484
244515
244516
244517
244518
244519
244520
244521
244522
244523
244524
244525
244526
244527
244528
244529
244530
244545
244546
244547
244548
244549
244550
244551
244554
244557
244572
244573
244575
244576
244577
244578
244579
244610
244611
244612
244613
244614
244615
244616
244617
244620
244621
244622
244623
244624
244625
244628
244641
244642
244644
244645
244646
244647
244648
244679
244680
244681
244682
244683
244684
244685
244686
244687
244688
244689
244690
244691
244692
244693
244694
244704
244707
244708
244709
244710
244711
244712
244718
244731
244732
244734
244735
244736
244737
244738
244769
244770
244771
244772
244773
244774
244775
244776
244777
244778
244779
244780
244781
244782
244783
244784
244791
244797
244798
244799
244800
244801
244802
244806
244821
244822
244824
244825
244826
244827
244828
244859
244860
244861
244862
244863
244864
244865
244866
244867
244868
244869
244870
244871
244872
244873
244874
244893
244898
244907
244908
244927
244928
244931
244932
244933
244934
244935
244936
244937
244940
244943
244958
244959
244961
244962
244963
244964
244965
244996
244997
244998
244999
245000
245001
245002
245003
245006
245015
245016
245035
245036
245039
245040
245041
245042
245043
245044
245047
245062
245063
245065
245066
245067
245068
245069
245100
245101
245102
245103
245104
245105
245106
245107
245110
245111
245112
245113
245114
245115
245116
245119
245122
245137
245138
245140
245141
245142
245143
245144
245175
245176
245177
245178
245179
245180
245181
245182
245185
245186
245187
245188
245189
245190
245193
245208
245209
245211
245212
245213
245214
245215
245246
245247
245248
245249
245250
245251
245252
245253
245256
245257
245258
245259
245260
245261
245262
245265
245268
245283
245284
245286
245287
245288
245289
245290
245321
245322
245323
245324
245325
245326
245327
245328
245331
245332
245333
245334
245335
245336
245339
245354
245355
245357
245358
245359
245360
245361
245392
245393
245394
245395
245396
245397
245398
245399
245400
245401
245402
245403
245404
245405
245406
245407
245422
245423
245424
245425
245426
245427
245428
245431
245434
245449
245450
245452
245453
245454
245455
245456
245487
245488
245489
245490
245491
245492
245493
245494
245497
245498
245499
245500
245501
245502
245505
245520
245521
245523
245524
245525
245526
245527
245558
245559
245560
245561
245562
245563
245564
245565
245566
245567
245568
245569
245570
245571
245572
245573
245588
245589
245590
245591
245592
245593
245594
245597
245600
245615
245616
245618
245619
245620
245621
245622
245653
245654
245655
245656
245657
245658
245659
245660
245663
245664
245665
245666
245667
245668
245671
245686
245687
245689
245690
245691
245692
245693
245724
245725
245726
245727
245728
245729
245730
245731
245732
245733
245734
245735
245736
245737
245738
245739
245746
245752
245753
245754
245755
245756
245757
245765
245774
245775
245777
245778
245779
245780
245781
245812
245813
245814
245815
245816
245817
245818
245819
245822
245823
245824
245825
245826
245827
245828
245831
245848
245849
245851
245852
245853
245854
245855
245886
245887
245888
245889
245890
245891
245892
245893
245896
245905
245906
245925
245926
245929
245930
245931
245932
245933
245934
245935
245938
245941
245956
245957
245959
245960
245961
245962
245963
245994
245995
245996
245997
245998
245999
246000
246001
246004
246013
246014
246033
246034
246037
246038
246039
246040
246041
246042
246045
246060
246061
246063
246064
246065
246066
246067
246098
246099
246100
246101
246102
246103
246104
246105
246106
246108
246109
246110
246111
246112
246113
246114
246117
246119
246120
246122
246123
246125
246126
246127
246129
246131
246136
246154
246159
246163
246164
246165
246166
246169
246170
246171
246173
246174
246175
246176
246179
246180
246181
246182
246183
246184
246185
246188
246191
246206
246207
246209
246210
246211
246212
246213
246244
246245
246246
246247
246248
246249
246250
246251
246254
246255
246256
246257
246258
246259
246262
246277
246278
246280
246281
246282
246283
246284
246315
246316
246317
246318
246319
246320
246321
246322
246325
246326
246327
246328
246329
246330
246331
246334
246337
246352
246353
246355
246356
246357
246358
246359
246390
246391
246392
246393
246394
246395
246396
246397
246400
246401
246402
246403
246404
246405
246408
246421
246422
246424
246425
246426
246427
246428
246459
246460
246461
246462
246463
246464
246465
246466
246467
246468
246469
246470
246471
246472
246473
246474
246489
246490
246491
246492
246493
246494
246495
246498
246501
246516
246517
246519
246520
246521
246522
246523
246554
246555
246556
246557
246558
246559
246560
246561
246564
246565
246566
246567
246568
246569
246572
246585
246586
246588
246589
246590
246591
246592
246623
246624
246625
246626
246627
246628
246629
246630
246631
246632
246633
246634
246635
246636
246637
246638
246653
246654
246655
246656
246657
246658
246659
246662
246665
246680
246681
246683
246684
246685
246686
246687
246718
246719
246720
246721
246722
246723
246724
246725
246728
246729
246730
246731
246732
246733
246736
246749
246750
246752
246753
246754
246755
246756
246787
246788
246789
246790
246791
246792
246793
246794
246795
246796
246797
246798
246799
246800
246801
246802
246815
246818
246819
246820
246821
246822
246823
246826
246841
246842
246844
246845
246846
246847
246848
246879
246880
246881
246882
246883
246884
246885
246886
246887
246888
246889
246890
246891
246892
246893
246894
246909
246910
246911
246912
246913
246914
246915
246918
246935
246936
246938
246939
246940
246941
246942
246973
246974
246975
246976
246977
246978
246979
246980
246981
246982
246983
246984
246985
246986
246987
246988
246991
247014
247015
247034
247035
247038
247039
247040
247041
247042
247043
247044
247047
247050
247065
247066
247068
247069
247070
247071
247072
247103
247104
247105
247106
247107
247108
247109
247110
247113
247122
247123
247142
247143
247146
247147
247148
247149
247150
247151
247154
247169
247170
247172
247173
247174
247175
247176
247207
247208
247209
247210
247211
247212
247213
247214
247217
247218
247219
247220
247221
247222
247223
247226
247229
247244
247245
247247
247248
247249
247250
247251
247282
247283
247284
247285
247286
247287
247288
247289
247292
247293
247294
247295
247296
247297
247300
247315
247316
247318
247319
247320
247321
247322
247353
247354
247355
247356
247357
247358
247359
247360
247363
247364
247365
247366
247367
247368
247369
247372
247375
247390
247391
247393
247394
247395
247396
247397
247428
247429
247430
247431
247432
247433
247434
247435
247438
247439
247440
247441
247442
247443
247446
247461
247462
247464
247465
247466
247467
247468
247499
247500
247501
247502
247503
247504
247505
247506
247507
247508
247509
247510
247511
247512
247513
247514
247517
247530
247531
247532
247533
247534
247535
247536
247539
247554
247555
247557
247558
247559
247560
247561
247592
247593
247594
247595
247596
247597
247598
247599
247602
247603
247604
247605
247606
247607
247610
247625
247626
247628
247629
247630
247631
247632
247663
247664
247665
247666
247667
247668
247669
247670
247671
247672
247673
247674
247675
247676
247677
247678
247681
247694
247695
247696
247697
247698
247699
247700
247703
247718
247719
247721
247722
247723
247724
247725
247756
247757
247758
247759
247760
247761
247762
247763
247766
247767
247768
247769
247770
247771
247774
247789
247790
247792
247793
247794
247795
247796
247827
247828
247829
247830
247831
247832
247833
247834
247835
247836
247837
247838
247839
247840
247841
247842
247849
247854
247855
247856
247857
247858
247859
247866
247875
247876
247878
247879
247880
247881
247882
247913
247914
247915
247916
247917
247918
247919
247920
247923
247924
247925
247926
247927
247928
247929
247932
247935
247950
247951
247953
247954
247955
247956
247957
247988
247989
247990
247991
247992
247993
247994
247995
247999
248012
248013
248015
248016
248017
248018
248019
248025
248034
248040
248053
248054
248055
248056
248057
248058
248059
248062
248063
248064
248065
248066
248067
248068
248076
248085
248086
248088
248089
248090
248091
248092
248123
248124
248125
248126
248127
248128
248129
248130
248134
248135
248136
248137
248138
248139
248140
248143
248146
248163
248164
248166
248167
248168
248169
248170
248176
248185
248191
248204
248205
248206
248207
248208
248209
248210
248213
248214
248215
248216
248217
248218
248221
248234
248235
248236
248237
248238
248240
248241
248242
248243
248244
248275
248276
248277
248278
248279
248280
248281
248282
248285
248286
248287
248288
248289
248290
248291
248300
248303
248304
248305
248306
248307
248308
248313
248314
248318
248319
248320
248321
248322
248323
248324
248325
248330
248331
248335
248338
248342
248343
248351
248353
248354
248358
248361
248365
248366
248374
248376
248377
248379
248381
248382
248386
248389
248396
248398
248399
248403
248406
248413
248415
248416
248417
248418
248419
248420
248421
248422
248423
248425
248429
248430
248432
248433
248441
248447
248449
248450
248458
248464
248466
248467
248468
248469
248470
248471
248472
248473
248474
248475
248476
248477
248478
248479
248481
248482
248484
248485
248491
248493
248494
248500
248502
248504
248509
248510
248516
248517
248518
248519
248520
248521
248524
248525
248526
248534
248537
248540
248544
248545
248546
248547
248555
248558
248561
248565
248566
248567
248568
248576
248579
248582
248586
248587
248588
248589
248597
248600
248603
248607
248608
248609
248610
248621
248626
248628
248630
248631
248637
248639
248641
248642
248643
248644
248645
248646
248647
248648
248649
248650
248651
248652
248653
248654
248655
248656
248657
248658
248659
248660
248661
248664
248665
248666
248667
248669
248670
248671
248672
248673
248674
248675
248678
248679
248682
248686
248691
248694
248699
248702
248707
248710
248715
248718
248723
248726
248731
248734
248739
248742
248747
248748
248750
248751
248752
248753
248754
248755
248756
248757
248758
248759
248760
248761
248762
248765
248766
248769
248773
248778
248781
248786
248789
248794
248797
248802
248805
248810
248813
248818
248821
248826
248829
248834
248835
248837
248838
248839
248840
248843
248844
248850
248851
248854
248855
248856
248857
248858
248859
248860
248864
248865
248872
248873
248880
248883
248887
248888
248895
248898
248902
248903
248907
248911
248913
248914
248923
248924
248925
248926
248927
248928
248931
248932
248933
248941
248944
248947
248951
248952
248953
248954
248962
248965
248968
248972
248973
248974
248975
248983
248986
248989
248993
248994
248995
248996
249004
249007
249010
249014
249015
249016
249017
249020
249025
249040
249045
249050
249055
249059
249063
249065
249066
249075
249079
249083
249084
249085
249086
249090
249091
249092
249093
249094
249095
249096
249097
249100
249101
249104
249108
249113
249116
249121
249124
249129
249132
249137
249140
249145
249148
249153
249156
249161
249164
249169
249170
249172
249173
249174
249175
249176
249177
249178
249179
249180
249183
249186
249187
249188
249189
249190
249192
249193
249195
249196
249199
249200
249206
249208
249209
249212
249213
249219
249221
249222
249223
249224
249225
249226
249227
249228
249229
249230
249231
249232
249233
249234
249236
249237
249239
249240
249246
249248
249249
249255
249257
249259
249264
249265
249271
249272
249273
249274
249275
249276
249284
249287
249290
249291
249292
249293
249301
249304
249307
249308
249310
249311
249322
249327
249329
249331
249332
249338
249340
249342
249343
249344
249345
249346
249347
249348
249349
249350
249351
249352
249353
249354
249355
249356
249357
249358
249359
249360
249361
249362
249365
249366
249367
249368
249370
249371
249372
249373
249374
249375
249376
249379
249380
249383
249387
249392
249395
249400
249403
249408
249411
249416
249417
249419
249420
249421
249422
249423
249424
249425
249426
249427
249428
249429
249430
249431
249434
249435
249438
249442
249447
249450
249455
249458
249463
249466
249471
249472
249474
249475
249476
249477
249482
249488
249489
249492
249493
249494
249495
249496
249497
249498
249499
249500
249509
249511
249514
249525
249527
249530
249541
249543
249545
249549
249551
249552
249559
249560
249561
249562
249563
249564
249572
249575
249578
249579
249580
249581
249589
249592
249595
249596
249598
249599
249624
249631
249636
249640
249642
249644
249645
249652
249656
249658
249659
249660
249664
249665
249666
249667
249668
249669
249670
249671
249674
249675
249678
249682
249687
249690
249695
249698
249703
249706
249711
249712
249714
249715
249716
249717
249718
249719
249720
249721
249722
249725
249728
249729
249730
249731
249732
249734
249736
249738
249741
249742
249749
249751
249753
249756
249757
249764
249766
249767
249768
249769
249770
249771
249772
249773
249774
249775
249776
249777
249778
249780
249781
249783
249789
249791
249797
249799
249802
249814
249815
249816
249817
249818
249819
249827
249830
249833
249834
249835
249846
249851
249854
249856
249868
249871
249873
249874
249875
249876
249877
249878
249879
249880
249881
249882
249883
249884
249885
249886
249887
249888
249889
249890
249891
249892
249893
249896
249897
249898
249900
249901
249902
249903
249904
249905
249906
249909
249910
249913
249917
249922
249925
249930
249931
249933
249934
249935
249936
249937
249938
249939
249940
249941
249942
249943
249944
249945
249948
249949
249952
249956
249961
249964
249969
249970
249972
249973
249974
249975
249980
249986
249987
249990
249991
249992
249993
249994
249995
249996
249997
249998
250007
250009
250022
250024
250037
250039
250042
250044
250048
250049
250050
250051
250052
250053
250061
250064
250067
250068
250069
250094
250102
250104
250108
250110
250112
250116
250120
250122
250123
250124
250128
250129
250130
250131
250132
250133
250134
250137
250138
250141
250145
250150
250153
250158
250159
250161
250162
250163
250164
250165
250166
250167
250168
250169
250172
250175
250176
250177
250178
250179
250183
250185
250188
250189
250197
250199
250201
250204
250205
250213
250215
250216
250217
250218
250219
250220
250221
250222
250223
250224
250225
250226
250227
250229
250230
250232
250238
250240
250246
250248
250251
250263
250264
250265
250266
250267
250268
250276
250279
250282
250283
250284
250295
250300
250303
250305
250317
250320
250322
250323
250324
250325
250326
250327
250328
250329
250330
250331
250332
250333
250334
250335
250336
250337
250338
250339
250340
250341
250342
250345
250346
250347
250349
250350
250351
250352
250353
250354
250355
250358
250359
250362
250366
250371
250374
250379
250380
250382
250383
250384
250385
250386
250387
250388
250389
250390
250391
250392
250393
250394
250397
250398
250401
250405
250410
250413
250418
250419
250421
250422
250423
250424
250429
250435
250436
250439
250440
250441
250442
250443
250444
250445
250446
250447
250456
250458
250471
250473
250486
250488
250491
250493
250497
250498
250499
250500
250501
250502
250510
250513
250516
250517
250518
250543
250551
250553
250557
250559
250561
250565
250569
250571
250572
250573
250577
250578
250579
250580
250581
250582
250583
250586
250587
250590
250594
250599
250602
250607
250608
250610
250611
250612
250613
250614
250615
250616
250617
250618
250621
250624
250625
250626
250627
250628
250632
250634
250637
250638
250646
250648
250650
250653
250654
250662
250664
250665
250666
250667
250668
250669
250670
250671
250672
250673
250674
250675
250676
250678
250679
250681
250687
250689
250695
250697
250700
250712
250713
250714
250715
250716
250717
250725
250728
250731
250732
250733
250744
250749
250752
250754
250766
250769
250771
250772
250773
250774
250775
250776
250777
250778
250779
250780
250781
250782
250783
250784
250785
250786
250787
250788
250789
250790
250791
250794
250795
250796
250798
250799
250800
250801
250802
250803
250804
250807
250808
250811
250815
250820
250823
250828
250829
250831
250832
250833
250834
250835
250836
250837
250838
250839
250840
250841
250842
250843
250846
250847
250850
250854
250859
250862
250867
250868
250870
250871
250872
250873
250878
250884
250885
250888
250889
250890
250891
250892
250893
250894
250895
250896
250905
250907
250920
250922
250935
250937
250940
250942
250946
250947
250948
250949
250950
250951
250959
250962
250965
250966
250967
250992
251000
251002
251006
251008
251010
251014
251018
251020
251021
251022
251026
251027
251028
251029
251030
251031
251032
251035
251036
251039
251043
251048
251051
251056
251057
251059
251060
251061
251062
251063
251064
251065
251066
251067
251070
251073
251074
251075
251076
251077
251081
251083
251086
251087
251095
251097
251099
251102
251103
251111
251113
251114
251115
251116
251117
251118
251119
251120
251121
251122
251123
251124
251125
251127
251128
251130
251136
251138
251144
251146
251149
251161
251162
251163
251164
251165
251166
251174
251177
251180
251181
251182
251193
251198
251201
251203
251215
251218
251220
251221
251222
251223
251224
251225
251226
251227
251228
251229
251230
251231
251232
251233
251234
251235
251236
251237
251238
251239
251240
251243
251244
251245
251247
251248
251249
251250
251251
251252
251253
251256
251257
251260
251264
251269
251272
251277
251278
251280
251281
251282
251283
251284
251285
251286
251287
251288
251289
251290
251291
251292
251295
251296
251299
251303
251308
251311
251316
251317
251319
251320
251321
251322
251327
251333
251334
251337
251338
251339
251340
251341
251342
251343
251344
251345
251354
251356
251369
251371
251384
251386
251389
251391
251395
251396
251397
251398
251399
251400
251408
251411
251414
251415
251416
251441
251449
251451
251455
251457
251459
251463
251467
251469
251470
251471
251475
251476
251477
251478
251479
251480
251481
251484
251485
251488
251492
251497
251500
251505
251506
251508
251509
251510
251511
251512
251513
251514
251515
251516
251519
251522
251523
251524
251525
251526
251529
251531
251534
251536
251541
251542
251543
251545
251548
251550
251555
251556
251557
251559
251560
251561
251562
251563
251564
251566
251569
251580
251581
251586
251587
251596
251597
251607
251613
251626
251627
251642
251644
251645
251650
251651
251660
251661
251671
251677
251690
251691
251706
251708
251710
251711
251717
251718
251747
251749
251750
251779
251781
251782
251783
251784
251785
251786
251787
251788
251789
251790
251791
251792
251793
251795
251796
251797
251799
251800
251812
251814
251815
251827
251829
251831
251836
251837
251843
251844
251845
251847
251848
251849
251850
251851
251852
251853
251859
251860
251862
251863
251864
251872
251875
251878
251879
251883
251888
251890
251891
251893
251894
251895
251903
251906
251909
251910
251914
251919
251921
251922
251924
251925
251926
251934
251937
251940
251941
251945
251950
251952
251953
251955
251956
251957
251965
251968
251971
251972
251976
251981
251983
251984
251986
251987
251988
251996
251999
252002
252003
252007
252012
252014
252015
252017
252018
252019
252027
252030
252033
252034
252038
252043
252045
252046
252048
252049
252050
252058
252061
252064
252065
252069
252074
252076
252077
252079
252080
252081
252089
252092
252095
252096
252100
252105
252106
252107
252108
252109
252110
252131
252136
252138
252140
252141
252147
252149
252151
252152
252153
252154
252155
252156
252157
252158
252159
252160
252161
252162
252163
252164
252165
252166
252167
252168
252170
252175
252184
252187
252208
252212
252215
252236
252240
252242
252248
252254
252263
252264
252265
252267
252268
252269
252270
252271
252272
252273
252279
252280
252282
252283
252284
252292
252295
252298
252299
252303
252308
252310
252311
252313
252314
252315
252323
252326
252329
252330
252334
252339
252341
252342
252344
252345
252346
252354
252357
252360
252361
252365
252370
252372
252373
252375
252376
252377
252385
252388
252391
252392
252396
252401
252403
252404
252406
252407
252408
252416
252419
252422
252423
252427
252432
252434
252435
252437
252438
252439
252447
252450
252453
252454
252458
252463
252465
252466
252468
252469
252470
252478
252481
252484
252485
252489
252494
252496
252497
252499
252500
252501
252509
252512
252515
252516
252520
252525
252526
252527
252528
252529
252530
252579
252599
252604
252608
252612
252618
252627
252631
252635
252636
252637
252641
252642
252643
252644
252645
252646
252647
252648
252651
252653
252654
252656
252657
252659
252660
252661
252663
252665
252670
252688
252693
252697
252698
252699
252700
252703
252704
252705
252707
252708
252709
252710
252711
252712
252713
252714
252715
252720
252721
252742
252748
252750
252751
252772
252778
252780
252781
252782
252783
252784
252785
252786
252787
252788
252789
252790
252791
252792
252793
252796
252797
252798
252799
252800
252801
252802
252803
252804
252805
252806
252807
252810
252812
252813
252815
252816
252818
252819
252820
252822
252824
252829
252847
252852
252856
252857
252858
252859
252862
252863
252864
252866
252867
252868
252869
252870
252871
252872
252873
252874
252875
252876
252877
252878
252881
252883
252884
252886
252887
252889
252890
252891
252893
252895
252900
252918
252923
252927
252928
252929
252930
252933
252934
252935
252937
252938
252939
252940
252943
252944
252949
252954
252955
252962
252963
252966
252967
252968
252969
252970
252971
252972
252974
252979
252988
252991
253012
253016
253019
253040
253044
253046
253052
253058
253067
253068
253069
253071
253072
253073
253074
253075
253076
253077
253083
253084
253086
253087
253088
253096
253099
253102
253103
253107
253112
253114
253115
253117
253118
253119
253127
253130
253133
253134
253138
253143
253145
253146
253148
253149
253150
253158
253161
253164
253165
253169
253174
253176
253177
253179
253180
253181
253189
253192
253195
253196
253200
253205
253207
253208
253210
253211
253212
253220
253223
253226
253227
253231
253236
253238
253239
253241
253242
253243
253251
253254
253257
253258
253262
253267
253269
253270
253272
253273
253274
253282
253285
253288
253289
253293
253298
253300
253301
253303
253304
253305
253313
253316
253319
253320
253324
253329
253330
253331
253332
253333
253334
253383
253403
253408
253412
253416
253422
253431
253435
253439
253440
253441
253445
253446
253447
253448
253449
253450
253451
253452
253455
253457
253458
253460
253461
253463
253464
253465
253467
253469
253474
253492
253497
253501
253502
253503
253504
253507
253508
253509
253511
253512
253513
253514
253515
253516
253517
253518
253519
253522
253525
253526
253527
253528
253529
253530
253531
253532
253534
253536
253537
253540
253553
253555
253556
253559
253572
253574
253575
253576
253577
253578
253579
253580
253581
253582
253583
253585
253588
253589
253594
253596
253597
253598
253599
253600
253601
253602
253603
253604
253605
253606
253607
253608
253609
253611
253614
253616
253619
253620
253621
253623
253624
253626
253629
253631
253634
253638
253639
253640
253641
253642
253651
253654
253658
253659
253661
253662
253663
253664
253665
253666
253667
253670
253674
253676
253677
253680
253681
253682
253683
253684
253685
253686
253687
253688
253691
253692
253693
253694
253695
253696
253697
253698
253699
253700
253708
253711
253714
253715
253716
253717
253725
253728
253731
253732
253734
253735
253737
253738
253747
253750
253751
253758
253762
253764
253765
253772
253776
253778
253786
253787
253788
253789
253790
253792
253794
253795
253796
253799
253800
253801
253802
253803
253804
253807
253808
253811
253815
253820
253823
253828
253831
253836
253839
253844
253845
253847
253848
253849
253850
253851
253852
253853
253854
253855
253857
253858
253860
253861
253862
253872
253874
253875
253876
253886
253888
253889
253890
253891
253894
253895
253896
253897
253898
253899
253900
253901
253903
253904
253905
253907
253908
253912
253913
253914
253915
253916
253917
253918
253919
253920
253921
253924
253925
253928
253932
253937
253940
253945
253946
253948
253949
253950
253951
253952
253954
253955
253959
253962
253964
253965
253966
253967
253968
253969
253970
253971
253972
253973
253975
253976
253980
253985
253986
253987
253988
253989
253990
253992
253994
253995
253996
253997
253998
253999
254001
254002
254006
254011
254012
254013
254014
254015
254016
254017
254020
254021
254022
254023
254024
254025
254027
254031
254033
254035
254038
254039
254046
254048
254050
254053
254054
254061
254063
254064
254065
254066
254067
254068
254069
254070
254071
254072
254073
254074
254075
254076
254078
254079
254081
254087
254089
254095
254097
254100
254112
254113
254114
254115
254116
254117
254125
254128
254131
254132
254133
254144
254149
254152
254154
254166
254169
254171
254172
254173
254174
254175
254176
254177
254178
254179
254180
254181
254182
254183
254184
254185
254186
254187
254188
254189
254190
254191
254194
254195
254196
254198
254199
254200
254201
254202
254203
254204
254207
254208
254211
254215
254220
254223
254228
254229
254231
254232
254233
254234
254235
254236
254237
254238
254239
254240
254241
254242
254243
254246
254247
254250
254254
254259
254262
254267
254268
254270
254271
254272
254273
254278
254284
254285
254288
254289
254290
254291
254292
254293
254294
254295
254296
254305
254307
254320
254322
254335
254337
254340
254342
254346
254347
254348
254349
254350
254351
254359
254362
254365
254366
254367
254392
254400
254402
254406
254408
254410
254414
254418
254420
254421
254422
254426
254427
254428
254429
254430
254431
254432
254435
254436
254439
254443
254448
254451
254456
254457
254459
254460
254461
254462
254463
254464
254465
254466
254467
254470
254473
254474
254475
254476
254477
254482
254484
254489
254496
254498
254500
254505
254512
254514
254515
254516
254517
254518
254519
254520
254521
254522
254523
254524
254525
254526
254528
254529
254531
254537
254539
254545
254547
254550
254562
254563
254564
254565
254566
254567
254575
254578
254581
254582
254583
254594
254599
254602
254604
254616
254619
254621
254622
254623
254624
254625
254626
254627
254628
254629
254630
254631
254632
254633
254634
254635
254636
254637
254638
254639
254640
254641
254644
254645
254646
254648
254649
254650
254651
254652
254653
254654
254657
254658
254661
254665
254670
254673
254678
254679
254681
254682
254683
254684
254685
254686
254687
254688
254689
254690
254691
254692
254693
254696
254697
254700
254704
254709
254712
254717
254718
254720
254721
254722
254723
254728
254734
254735
254738
254739
254740
254741
254742
254743
254744
254745
254746
254755
254757
254770
254772
254785
254787
254790
254792
254796
254797
254798
254799
254800
254801
254809
254812
254815
254816
254817
254842
254850
254852
254856
254858
254860
254864
254868
254870
254871
254872
254876
254877
254878
254879
254880
254881
254882
254885
254886
254889
254893
254898
254901
254906
254907
254909
254910
254911
254912
254913
254914
254915
254916
254917
254920
254923
254924
254925
254926
254927
254932
254934
254939
254946
254948
254950
254955
254962
254964
254965
254966
254967
254968
254969
254970
254971
254972
254973
254974
254975
254976
254978
254979
254981
254987
254989
254995
254997
255000
255012
255013
255014
255015
255016
255017
255025
255028
255031
255032
255033
255044
255049
255052
255054
255066
255069
255071
255072
255073
255074
255075
255076
255077
255078
255079
255080
255081
255082
255083
255084
255085
255086
255087
255088
255089
255090
255091
255094
255095
255096
255098
255099
255100
255101
255102
255103
255104
255107
255108
255111
255115
255120
255123
255128
255129
255131
255132
255133
255134
255135
255136
255137
255138
255139
255140
255141
255142
255143
255146
255147
255150
255154
255159
255162
255167
255168
255170
255171
255172
255173
255178
255184
255185
255188
255189
255190
255191
255192
255193
255194
255195
255196
255205
255207
255220
255222
255235
255237
255240
255242
255246
255247
255248
255249
255250
255251
255259
255262
255265
255266
255267
255292
255300
255302
255306
255308
255310
255314
255318
255320
255321
255322
255326
255327
255328
255329
255330
255331
255332
255335
255336
255339
255343
255348
255351
255356
255357
255359
255360
255361
255362
255363
255364
255365
255366
255367
255370
255373
255374
255375
255376
255377
255382
255384
255389
255396
255398
255400
255405
255412
255414
255415
255416
255417
255418
255419
255420
255421
255422
255423
255424
255425
255426
255428
255429
255431
255437
255439
255445
255447
255450
255462
255463
255464
255465
255466
255467
255475
255478
255481
255482
255483
255494
255499
255502
255504
255516
255519
255521
255522
255523
255524
255525
255526
255527
255528
255529
255530
255531
255532
255533
255534
255535
255536
255537
255538
255539
255540
255541
255544
255545
255546
255548
255549
255550
255551
255552
255553
255554
255557
255558
255561
255565
255570
255573
255578
255579
255581
255582
255583
255584
255585
255586
255587
255588
255589
255590
255591
255592
255593
255596
255597
255600
255604
255609
255612
255617
255618
255620
255621
255622
255623
255628
255634
255635
255638
255639
255640
255641
255642
255643
255644
255645
255646
255655
255657
255670
255672
255685
255687
255690
255692
255696
255697
255698
255699
255700
255701
255709
255712
255715
255716
255717
255742
255750
255752
255756
255758
255760
255764
255768
255770
255771
255772
255776
255777
255778
255779
255780
255781
255782
255785
255786
255789
255793
255798
255801
255806
255807
255809
255810
255811
255812
255813
255814
255815
255816
255817
255820
255823
255824
255825
255826
255827
255831
255836
255841
255843
255848
255853
255855
255856
255857
255858
255859
255860
255861
255862
255863
255864
255865
255866
255869
255870
255871
255872
255873
255874
255875
255876
255878
255879
255880
255882
255883
255887
255888
255889
255890
255891
255892
255893
255894
255895
255896
255899
255900
255903
255907
255912
255915
255920
255921
255923
255924
255925
255926
255927
255929
255930
255934
255937
255939
255940
255941
255942
255943
255944
255945
255946
255947
255948
255950
255951
255955
255960
255961
255962
255963
255964
255965
255967
255969
255970
255971
255972
255973
255974
255976
255977
255981
255986
255987
255988
255989
255990
255991
255992
255995
255996
255997
255998
255999
256000
256002
256006
256008
256010
256013
256014
256021
256023
256025
256028
256029
256036
256038
256039
256040
256041
256042
256043
256044
256045
256046
256047
256048
256049
256050
256051
256053
256054
256056
256062
256064
256070
256072
256075
256087
256088
256089
256090
256091
256092
256100
256103
256106
256107
256108
256119
256124
256127
256129
256141
256144
256146
256147
256148
256149
256150
256151
256152
256153
256154
256155
256156
256157
256158
256159
256160
256161
256162
256163
256164
256165
256166
256169
256170
256171
256173
256174
256175
256176
256177
256178
256179
256182
256183
256186
256190
256195
256198
256203
256204
256206
256207
256208
256209
256210
256211
256212
256213
256214
256215
256216
256217
256218
256221
256222
256225
256229
256234
256237
256242
256243
256245
256246
256247
256248
256253
256259
256260
256263
256264
256265
256266
256267
256268
256269
256270
256271
256280
256282
256295
256297
256310
256312
256315
256317
256321
256322
256323
256324
256325
256326
256334
256337
256340
256341
256342
256367
256375
256377
256381
256383
256385
256389
256393
256395
256396
256397
256401
256402
256403
256404
256405
256406
256407
256410
256411
256414
256418
256423
256426
256431
256432
256434
256435
256436
256437
256438
256439
256440
256441
256442
256445
256448
256449
256450
256451
256452
256457
256459
256464
256471
256473
256475
256480
256487
256489
256490
256491
256492
256493
256494
256495
256496
256497
256498
256499
256500
256501
256503
256504
256506
256512
256514
256520
256522
256525
256537
256538
256539
256540
256541
256542
256550
256553
256556
256557
256558
256569
256574
256577
256579
256591
256594
256596
256597
256598
256599
256600
256601
256602
256603
256604
256605
256606
256607
256608
256609
256610
256611
256612
256613
256614
256615
256616
256619
256620
256621
256623
256624
256625
256626
256627
256628
256629
256632
256633
256636
256640
256645
256648
256653
256654
256656
256657
256658
256659
256660
256661
256662
256663
256664
256665
256666
256667
256668
256671
256672
256675
256679
256684
256687
256692
256693
256695
256696
256697
256698
256703
256709
256710
256713
256714
256715
256716
256717
256718
256719
256720
256721
256730
256732
256745
256747
256760
256762
256765
256767
256771
256772
256773
256774
256775
256776
256784
256787
256790
256791
256792
256817
256825
256827
256831
256833
256835
256839
256843
256845
256846
256847
256851
256852
256853
256854
256855
256856
256857
256860
256861
256864
256868
256873
256876
256881
256882
256884
256885
256886
256887
256888
256889
256890
256891
256892
256895
256898
256899
256900
256901
256902
256907
256909
256914
256921
256923
256925
256930
256937
256939
256940
256941
256942
256943
256944
256945
256946
256947
256948
256949
256950
256951
256953
256954
256956
256962
256964
256970
256972
256975
256987
256988
256989
256990
256991
256992
257000
257003
257006
257007
257008
257019
257024
257027
257029
257041
257044
257046
257047
257048
257049
257050
257051
257052
257053
257054
257055
257056
257057
257058
257059
257060
257061
257062
257063
257064
257065
257066
257069
257070
257071
257073
257074
257075
257076
257077
257078
257079
257082
257083
257086
257090
257095
257098
257103
257104
257106
257107
257108
257109
257110
257111
257112
257113
257114
257115
257116
257117
257118
257121
257122
257125
257129
257134
257137
257142
257143
257145
257146
257147
257148
257153
257159
257160
257163
257164
257165
257166
257167
257168
257169
257170
257171
257180
257182
257195
257197
257210
257212
257215
257217
257221
257222
257223
257224
257225
257226
257234
257237
257240
257241
257242
257267
257275
257277
257281
257283
257285
257289
257293
257295
257296
257297
257301
257302
257303
257304
257305
257306
257307
257310
257311
257314
257318
257323
257326
257331
257332
257334
257335
257336
257337
257338
257339
257340
257341
257342
257345
257348
257349
257350
257351
257352
257357
257359
257364
257371
257373
257375
257380
257387
257389
257390
257391
257392
257393
257394
257395
257396
257397
257398
257399
257400
257401
257403
257404
257406
257412
257414
257420
257422
257425
257437
257438
257439
257440
257441
257442
257450
257453
257456
257457
257458
257469
257474
257477
257479
257491
257494
257496
257497
257498
257499
257500
257501
257502
257503
257504
257505
257506
257507
257508
257509
257510
257511
257512
257513
257514
257515
257516
257519
257520
257521
257523
257524
257525
257526
257527
257528
257529
257532
257533
257536
257540
257545
257548
257553
257554
257556
257557
257558
257559
257560
257561
257562
257563
257564
257565
257566
257567
257568
257571
257572
257575
257579
257584
257587
257592
257593
257595
257596
257597
257598
257603
257609
257610
257613
257614
257615
257616
257617
257618
257619
257620
257621
257630
257632
257645
257647
257660
257662
257665
257667
257671
257672
257673
257674
257675
257676
257684
257687
257690
257691
257692
257717
257725
257727
257731
257733
257735
257739
257743
257745
257746
257747
257751
257752
257753
257754
257755
257756
257757
257760
257761
257764
257768
257773
257776
257781
257782
257784
257785
257786
257787
257788
257789
257790
257791
257792
257795
257798
257799
257800
257801
257802
257806
257811
257816
257818
257823
257828
257830
257831
257832
257833
257834
257835
257836
257837
257838
257839
257840
257842
257843
257845
257846
257847
257857
257859
257860
257861
257871
257873
257874
257875
257876
257877
257878
257879
257880
257881
257882
257883
257884
257893
257895
257908
257910
257923
257925
257928
257930
257934
257935
257936
257937
257938
257939
257947
257950
257953
257954
257955
257980
257988
257990
257994
257996
257998
258002
258006
258008
258009
258010
258014
258015
258016
258017
258018
258019
258020
258023
258024
258027
258031
258036
258039
258044
258045
258047
258048
258049
258050
258051
258052
258053
258054
258055
258059
258060
258075
258076
258079
258080
258083
258085
258086
258101
258102
258105
258106
258109
258111
258112
258113
258114
258115
258116
258117
258118
258119
258120
258121
258123
258128
258137
258140
258161
258165
258168
258189
258193
258195
258201
258207
258216
258217
258218
258220
258221
258222
258223
258224
258225
258226
258232
258233
258235
258236
258237
258245
258248
258251
258252
258256
258261
258263
258264
258266
258267
258268
258276
258279
258282
258283
258287
258292
258294
258295
258297
258298
258299
258307
258310
258313
258314
258318
258323
258325
258326
258328
258329
258330
258338
258341
258344
258345
258349
258354
258356
258357
258359
258360
258361
258369
258372
258375
258376
258380
258385
258387
258388
258390
258391
258392
258400
258403
258406
258407
258411
258416
258418
258419
258421
258422
258423
258431
258434
258437
258438
258442
258447
258449
258450
258452
258453
258454
258462
258465
258468
258469
258473
258478
258479
258480
258481
258482
258483
258532
258552
258557
258561
258565
258571
258580
258584
258588
258589
258590
258594
258595
258596
258597
258598
258599
258600
258601
258604
258606
258607
258609
258610
258612
258613
258614
258616
258618
258623
258641
258646
258650
258651
258652
258653
258656
258657
258658
258660
258661
258662
258663
258664
258665
258666
258667
258668
258673
258674
258675
258676
258677
258678
258679
258680
258681
258696
258699
258700
258701
258702
258703
258704
258705
258706
258708
258709
258713
258715
258716
258717
258718
258719
258720
258728
258731
258734
258735
258736
258737
258745
258748
258751
258752
258754
258755
258759
258766
258767
258768
258769
258770
258771
258779
258782
258785
258786
258787
258788
258796
258799
258802
258803
258805
258806
258807
258808
258809
258810
258811
258812
258820
258823
258826
258827
258828
258829
258837
258840
258843
258844
258846
258847
258848
258849
258850
258851
258852
258853
258861
258864
258867
258868
258869
258870
258878
258881
258884
258885
258887
258888
258889
258897
258899
258902
258906
258912
258919
258926
258931
258934
258941
258946
258957
258960
258967
258971
258976
258983
258988
258991
258998
259003
259014
259017
259024
259028
259033
259040
259045
259048
259055
259060
259071
259074
259081
259085
259088
259090
259095
259101
259104
259108
259109
259118
259119
259120
259121
259122
259123
259124
259125
259130
259131
259135
259136
259138
259140
259141
259142
259143
259144
259146
259147
259151
259152
259154
259156
259157
259158
259159
259160
259162
259165
259166
259173
259178
259179
259180
259181
259182
259183
259184
259185
259187
259192
259201
259204
259225
259229
259232
259253
259257
259259
259265
259271
259280
259281
259282
259284
259285
259286
259287
259288
259289
259290
259296
259297
259299
259300
259301
259309
259312
259315
259316
259320
259325
259327
259328
259330
259331
259332
259340
259343
259346
259347
259351
259356
259358
259359
259361
259362
259363
259371
259374
259377
259378
259382
259387
259389
259390
259392
259393
259394
259402
259405
259408
259409
259413
259418
259420
259421
259423
259424
259425
259433
259436
259439
259440
259444
259449
259451
259452
259454
259455
259456
259464
259467
259470
259471
259475
259480
259482
259483
259485
259486
259487
259495
259498
259501
259502
259506
259511
259513
259514
259516
259517
259518
259526
259529
259532
259533
259537
259542
259543
259544
259545
259546
259547
259596
259616
259621
259625
259629
259635
259644
259648
259652
259653
259654
259658
259659
259660
259661
259662
259663
259664
259665
259668
259670
259671
259673
259674
259676
259677
259678
259680
259682
259687
259705
259710
259714
259715
259716
259717
259720
259721
259722
259724
259725
259726
259727
259728
259729
259730
259731
259732
259733
259736
259738
259741
259747
259749
259752
259756
259758
259761
259767
259769
259772
259776
259778
259779
259780
259781
259782
259783
259784
259785
259786
259787
259788
259789
259798
259800
259803
259814
259816
259819
259830
259832
259834
259838
259840
259841
259848
259849
259850
259851
259852
259853
259861
259864
259867
259868
259869
259870
259878
259881
259884
259885
259887
259888
259913
259920
259925
259929
259931
259933
259934
259941
259945
259947
259948
259949
259953
259954
259955
259956
259957
259958
259959
259960
259963
259964
259967
259971
259976
259979
259984
259987
259992
259995
260000
260001
260003
260004
260005
260006
260007
260008
260009
260010
260011
260012
260013
260014
260015
260016
260017
260018
260019
260020
260021
260022
260024
260028
260030
260037
260043
260045
260052
260058
260060
260061
260062
260063
260064
260065
260066
260067
260068
260069
260070
260079
260081
260084
260095
260097
260100
260111
260113
260115
260119
260121
260122
260129
260130
260131
260132
260133
260134
260142
260145
260148
260149
260150
260151
260159
260162
260165
260166
260168
260169
260194
260201
260206
260210
260212
260214
260215
260222
260226
260228
260229
260230
260234
260235
260236
260237
260238
260239
260240
260241
260244
260245
260248
260252
260257
260260
260265
260268
260273
260276
260281
260282
260284
260285
260286
260287
260288
260289
260290
260291
260292
260300
260301
260308
260313
260315
260316
260323
260328
260330
260331
260332
260333
260334
260335
260336
260337
260338
260339
260340
260341
260342
260351
260353
260356
260367
260369
260372
260383
260385
260387
260391
260393
260394
260401
260402
260403
260404
260405
260406
260414
260417
260420
260421
260422
260423
260431
260434
260437
260438
260440
260441
260466
260473
260478
260482
260484
260486
260487
260494
260498
260500
260501
260502
260506
260507
260508
260509
260510
260511
260512
260513
260516
260517
260520
260524
260529
260532
260537
260540
260545
260548
260553
260554
260556
260557
260558
260559
260560
260561
260562
260563
260564
260565
260568
260569
260572
260584
260586
260587
260590
260602
260604
260607
260608
260609
260618
260623
260625
260626
260627
260636
260641
260643
260644
260645
260646
260647
260648
260649
260650
260651
260652
260653
260654
260655
260657
260658
260660
260661
260667
260669
260670
260676
260678
260680
260685
260686
260692
260693
260694
260695
260696
260697
260705
260708
260711
260712
260713
260714
260722
260725
260728
260729
260731
260732
260743
260748
260750
260752
260753
260759
260761
260763
260764
260765
260766
260767
260768
260769
260770
260771
260772
260773
260774
260776
260777
260778
260779
260780
260781
260782
260791
260793
260796
260807
260809
260812
260823
260825
260827
260831
260833
260834
260841
260842
260843
260844
260845
260846
260854
260857
260860
260861
260862
260863
260871
260874
260877
260878
260880
260881
260906
260913
260918
260922
260924
260926
260927
260934
260938
260940
260941
260942
260946
260947
260948
260949
260950
260951
260952
260953
260956
260957
260960
260964
260969
260972
260977
260980
260985
260988
260993
260994
260996
260997
260998
260999
261000
261001
261002
261003
261004
261006
261013
261014
261021
261026
261028
261029
261036
261041
261043
261044
261045
261046
261047
261048
261049
261050
261051
261052
261053
261054
261055
261064
261066
261069
261080
261082
261085
261096
261098
261100
261104
261106
261107
261114
261115
261116
261117
261118
261119
261127
261130
261133
261134
261135
261136
261144
261147
261150
261151
261153
261154
261179
261186
261191
261195
261197
261199
261200
261207
261211
261213
261214
261215
261219
261220
261221
261222
261223
261224
261225
261226
261229
261230
261233
261237
261242
261245
261250
261253
261258
261261
261266
261267
261269
261270
261271
261272
261273
261274
261275
261276
261277
261278
261281
261282
261285
261297
261299
261300
261303
261315
261317
261320
261321
261322
261331
261336
261338
261339
261340
261349
261354
261356
261357
261358
261359
261360
261361
261362
261363
261364
261365
261366
261367
261368
261370
261371
261373
261374
261380
261382
261383
261389
261391
261393
261398
261399
261405
261406
261407
261408
261409
261410
261418
261421
261424
261425
261426
261427
261435
261438
261441
261442
261444
261445
261456
261461
261463
261465
261466
261472
261474
261476
261477
261478
261479
261480
261481
261482
261483
261484
261485
261486
261487
261489
261490
261491
261492
261493
261494
261495
261504
261506
261509
261520
261522
261525
261536
261538
261540
261544
261546
261547
261554
261555
261556
261557
261558
261559
261567
261570
261573
261574
261575
261576
261584
261587
261590
261591
261593
261594
261619
261626
261631
261635
261637
261639
261640
261647
261651
261653
261654
261655
261659
261660
261661
261662
261663
261664
261665
261666
261669
261670
261673
261677
261682
261685
261690
261693
261698
261701
261706
261707
261709
261710
261711
261712
261713
261714
261715
261716
261717
261719
261726
261727
261734
261739
261741
261742
261749
261754
261756
261757
261758
261759
261760
261761
261762
261763
261764
261765
261766
261767
261768
261777
261779
261782
261793
261795
261798
261809
261811
261813
261817
261819
261820
261827
261828
261829
261830
261831
261832
261840
261843
261846
261847
261848
261849
261857
261860
261863
261864
261866
261867
261892
261899
261904
261908
261910
261912
261913
261920
261924
261926
261927
261928
261932
261933
261934
261935
261936
261937
261938
261939
261942
261943
261946
261950
261955
261958
261963
261966
261971
261974
261979
261980
261982
261983
261984
261985
261986
261987
261988
261989
261990
261991
261994
261995
261998
262010
262012
262013
262016
262028
262030
262033
262034
262035
262044
262049
262051
262052
262053
262062
262067
262069
262070
262071
262072
262073
262074
262075
262076
262077
262078
262079
262080
262081
262083
262084
262086
262087
262093
262095
262096
262102
262104
262106
262111
262112
262118
262119
262120
262121
262122
262123
262131
262134
262137
262138
262139
262140
262148
262151
262154
262155
262157
262158
262169
262174
262176
262178
262179
262185
262187
262189
262190
262191
262192
262193
262194
262195
262196
262197
262198
262199
262200
262202
262203
262204
262205
262206
262207
262208
262217
262219
262222
262233
262235
262238
262249
262251
262253
262257
262259
262260
262267
262268
262269
262270
262271
262272
262280
262283
262286
262287
262288
262289
262297
262300
262303
262304
262306
262307
262332
262339
262344
262348
262350
262352
262353
262360
262364
262366
262367
262368
262372
262373
262374
262375
262376
262377
262378
262379
262382
262383
262386
262390
262395
262398
262403
262406
262411
262414
262419
262420
262422
262423
262424
262425
262426
262427
262428
262429
262430
262432
262435
262437
262440
262441
262446
262448
262450
262453
262454
262459
262461
262462
262463
262464
262465
262466
262467
262468
262469
262470
262471
262472
262481
262483
262486
262497
262499
262502
262513
262515
262517
262521
262523
262524
262531
262532
262533
262534
262535
262536
262544
262547
262550
262551
262552
262553
262561
262564
262567
262568
262570
262571
262596
262603
262608
262612
262614
262616
262617
262624
262628
262630
262631
262632
262636
262637
262638
262639
262640
262641
262642
262643
262646
262647
262650
262654
262659
262662
262667
262670
262675
262678
262683
262684
262686
262687
262688
262689
262690
262691
262692
262693
262694
262697
262699
262700
262711
262713
262715
262716
262727
262729
262731
262733
262734
262739
262746
262748
262749
262754
262761
262763
262764
262765
262766
262767
262768
262769
262770
262771
262772
262773
262774
262775
262776
262777
262778
262779
262780
262782
262783
262785
262786
262792
262794
262795
262801
262803
262805
262810
262811
262817
262818
262819
262820
262821
262822
262830
262833
262836
262837
262838
262839
262847
262850
262853
262854
262856
262857
262868
262873
262875
262877
262878
262884
262886
262888
262889
262890
262891
262892
262893
262894
262895
262898
262899
262900
262901
262902
262903
262904
262905
262906
262907
262908
262910
262911
262913
262919
262921
262927
262929
262932
262944
262945
262946
262947
262948
262949
262957
262960
262963
262964
262965
262976
262981
262984
262986
262998
263001
263003
263004
263005
263006
263007
263008
263009
263010
263013
263014
263015
263024
263025
263026
263028
263031
263035
263046
263050
263052
263053
263054
263063
263064
263065
263067
263070
263074
263085
263089
263091
263093
263094
263096
263099
263102
263105
263106
263112
263114
263117
263120
263123
263124
263130
263132
263133
263134
263135
263136
263137
263138
263139
263140
263141
263142
263143
263144
263145
263147
263148
263150
263156
263158
263164
263166
263169
263181
263182
263183
263184
263185
263186
263194
263197
263200
263201
263202
263213
263218
263221
263223
263235
263238
263240
263241
263242
263243
263244
263245
263246
263247
263248
263249
263250
263251
263252
263253
263254
263255
263256
263257
263258
263259
263260
263263
263264
263265
263267
263268
263269
263270
263271
263272
263273
263276
263277
263280
263284
263289
263292
263297
263298
263300
263301
263302
263303
263304
263305
263306
263307
263308
263309
263310
263311
263312
263315
263316
263319
263323
263328
263331
263336
263337
263339
263340
263341
263342
263347
263353
263354
263357
263358
263359
263360
263361
263362
263363
263364
263365
263374
263376
263389
263391
263404
263406
263409
263411
263415
263416
263417
263418
263419
263420
263428
263431
263434
263435
263436
263461
263469
263471
263475
263477
263479
263483
263487
263489
263490
263491
263495
263496
263497
263498
263499
263500
263501
263504
263505
263508
263512
263517
263520
263525
263526
263528
263529
263530
263531
263532
263533
263534
263535
263536
263539
263542
263543
263544
263545
263546
263547
263548
263549
263550
263551
263552
263553
263554
263555
263556
263557
263566
263568
263581
263583
263596
263598
263601
263603
263607
263608
263609
263610
263611
263612
263620
263623
263626
263627
263628
263653
263661
263663
263667
263669
263671
263675
263679
263681
263682
263683
263687
263688
263689
263690
263691
263692
263693
263696
263697
263700
263704
263709
263712
263717
263718
263720
263721
263722
263723
263724
263725
263726
263727
263728
263731
263733
263741
263748
263750
263758
263765
263767
263768
263769
263770
263771
263772
263773
263774
263775
263776
263777
263781
263785
263787
263788
263808
263818
263820
263821
263841
263851
263853
263854
263857
263858
263859
263860
263861
263862
263863
263865
263870
263879
263882
263903
263907
263910
263931
263935
263937
263943
263949
263958
263959
263960
263962
263963
263964
263965
263966
263967
263968
263974
263975
263977
263978
263979
263987
263990
263993
263994
263998
264003
264005
264006
264008
264009
264010
264018
264021
264024
264025
264029
264034
264036
264037
264039
264040
264041
264049
264052
264055
264056
264060
264065
264067
264068
264070
264071
264072
264080
264083
264086
264087
264091
264096
264098
264099
264101
264102
264103
264111
264114
264117
264118
264122
264127
264129
264130
264132
264133
264134
264142
264145
264148
264149
264153
264158
264160
264161
264163
264164
264165
264173
264176
264179
264180
264184
264189
264191
264192
264194
264195
264196
264204
264207
264210
264211
264215
264220
264221
264222
264223
264224
264225
264274
264294
264299
264303
264307
264313
264322
264326
264330
264331
264332
264336
264337
264338
264339
264340
264341
264342
264343
264346
264348
264349
264351
264352
264354
264355
264356
264358
264360
264365
264383
264388
264392
264393
264394
264395
264398
264399
264400
264402
264403
264404
264405
264406
264407
264408
264409
264410
264417
264421
264422
264425
264432
264435
264436
264437
264438
264440
264446
264450
264453
264454
264456
264462
264465
264466
264467
264468
264470
264476
264480
264483
264484
264486
264492
264493
264494
264495
264496
264497
264498
264499
264500
264501
264502
264504
264509
264518
264521
264542
264546
264549
264570
264574
264576
264582
264588
264597
264598
264599
264601
264602
264603
264604
264605
264606
264607
264613
264614
264616
264617
264618
264626
264629
264632
264633
264637
264642
264644
264645
264647
264648
264649
264657
264660
264663
264664
264668
264673
264675
264676
264678
264679
264680
264688
264691
264694
264695
264699
264704
264706
264707
264709
264710
264711
264719
264722
264725
264726
264730
264735
264737
264738
264740
264741
264742
264750
264753
264756
264757
264761
264766
264768
264769
264771
264772
264773
264781
264784
264787
264788
264792
264797
264799
264800
264802
264803
264804
264812
264815
264818
264819
264823
264828
264830
264831
264833
264834
264835
264843
264846
264849
264850
264854
264859
264860
264861
264862
264863
264864
264913
264933
264938
264942
264946
264952
264961
264965
264969
264970
264971
264975
264976
264977
264978
264979
264980
264981
264982
264985
264987
264988
264990
264991
264993
264994
264995
264997
264999
265004
265022
265027
265031
265032
265033
265034
265037
265038
265039
265041
265042
265043
265044
265045
265046
265047
265048
265049
265050
265055
265073
265075
265093
265095
265096
265098
265104
265107
265108
265109
265110
265112
265118
265122
265125
265126
265128
265134
265137
265138
265139
265140
265142
265148
265152
265155
265156
265158
265164
265165
265166
265167
265168
265169
265170
265171
265172
265173
265174
265175
265176
265178
265179
265180
265182
265183
265195
265197
265198
265210
265212
265214
265219
265220
265226
265227
265228
265230
265231
265232
265233
265234
265235
265236
265242
265243
265245
265246
265247
265255
265258
265261
265262
265266
265271
265273
265274
265276
265277
265278
265286
265289
265292
265293
265297
265302
265304
265305
265307
265308
265309
265317
265320
265323
265324
265328
265333
265335
265336
265338
265339
265340
265348
265351
265354
265355
265359
265364
265366
265367
265369
265370
265371
265379
265382
265385
265386
265390
265395
265397
265398
265400
265401
265402
265410
265413
265416
265417
265421
265426
265428
265429
265431
265432
265433
265441
265444
265447
265448
265452
265457
265459
265460
265462
265463
265464
265472
265475
265478
265479
265483
265488
265489
265490
265491
265492
265493
265514
265519
265521
265523
265524
265530
265532
265534
265535
265536
265537
265538
265539
265540
265541
265542
265543
265544
265545
265546
265547
265548
265549
265550
265551
265553
265558
265567
265570
265591
265595
265598
265619
265623
265625
265631
265637
265646
265647
265648
265650
265651
265652
265653
265654
265655
265656
265662
265663
265665
265666
265667
265675
265678
265681
265682
265686
265691
265693
265694
265696
265697
265698
265706
265709
265712
265713
265717
265722
265724
265725
265727
265728
265729
265737
265740
265743
265744
265748
265753
265755
265756
265758
265759
265760
265768
265771
265774
265775
265779
265784
265786
265787
265789
265790
265791
265799
265802
265805
265806
265810
265815
265817
265818
265820
265821
265822
265830
265833
265836
265837
265841
265846
265848
265849
265851
265852
265853
265861
265864
265867
265868
265872
265877
265879
265880
265882
265883
265884
265892
265895
265898
265899
265903
265908
265909
265910
265911
265912
265913
265962
265982
265987
265991
265995
266001
266010
266014
266018
266019
266020
266024
266025
266026
266027
266028
266029
266030
266031
266034
266036
266037
266039
266040
266042
266043
266044
266046
266048
266053
266071
266076
266080
266081
266082
266083
266086
266087
266088
266090
266091
266092
266093
266094
266095
266096
266097
266098
266105
266109
266113
266114
266117
266124
266127
266128
266129
266130
266132
266138
266142
266145
266146
266148
266154
266157
266158
266159
266160
266162
266168
266172
266175
266176
266178
266184
266185
266186
266187
266188
266189
266190
266191
266192
266193
266194
266196
266201
266210
266213
266234
266238
266241
266262
266266
266268
266274
266280
266289
266290
266291
266293
266294
266295
266296
266297
266298
266299
266305
266306
266308
266309
266310
266318
266321
266324
266325
266329
266334
266336
266337
266339
266340
266341
266349
266352
266355
266356
266360
266365
266367
266368
266370
266371
266372
266380
266383
266386
266387
266391
266396
266398
266399
266401
266402
266403
266411
266414
266417
266418
266422
266427
266429
266430
266432
266433
266434
266442
266445
266448
266449
266453
266458
266460
266461
266463
266464
266465
266473
266476
266479
266480
266484
266489
266491
266492
266494
266495
266496
266504
266507
266510
266511
266515
266520
266522
266523
266525
266526
266527
266535
266538
266541
266542
266546
266551
266552
266553
266554
266555
266556
266605
266625
266630
266634
266638
266644
266653
266657
266661
266662
266663
266667
266668
266669
266670
266671
266672
266673
266674
266677
266679
266680
266682
266683
266685
266686
266687
266689
266691
266696
266714
266719
266723
266724
266725
266726
266729
266730
266731
266733
266734
266735
266736
266737
266738
266739
266740
266741
266742
266747
266765
266767
266785
266787
266788
266790
266796
266799
266800
266801
266802
266804
266810
266814
266817
266818
266820
266826
266829
266830
266831
266832
266834
266840
266844
266847
266848
266850
266856
266857
266858
266859
266860
266861
266862
266863
266864
266865
266866
266867
266868
266870
266871
266872
266874
266875
266887
266889
266890
266902
266904
266906
266911
266912
266918
266919
266920
266922
266923
266924
266925
266926
266927
266928
266934
266935
266937
266938
266939
266947
266950
266953
266954
266958
266963
266965
266966
266968
266969
266970
266978
266981
266984
266985
266989
266994
266996
266997
266999
267000
267001
267009
267012
267015
267016
267020
267025
267027
267028
267030
267031
267032
267040
267043
267046
267047
267051
267056
267058
267059
267061
267062
267063
267071
267074
267077
267078
267082
267087
267089
267090
267092
267093
267094
267102
267105
267108
267109
267113
267118
267120
267121
267123
267124
267125
267133
267136
267139
267140
267144
267149
267151
267152
267154
267155
267156
267164
267167
267170
267171
267175
267180
267181
267182
267183
267184
267185
267206
267211
267213
267215
267216
267222
267224
267226
267227
267228
267229
267230
267231
267232
267233
267234
267235
267236
267237
267238
267239
267240
267241
267242
267243
267245
267250
267259
267262
267283
267287
267290
267311
267315
267317
267323
267329
267338
267339
267340
267342
267343
267344
267345
267346
267347
267348
267354
267355
267357
267358
267359
267367
267370
267373
267374
267378
267383
267385
267386
267388
267389
267390
267398
267401
267404
267405
267409
267414
267416
267417
267419
267420
267421
267429
267432
267435
267436
267440
267445
267447
267448
267450
267451
267452
267460
267463
267466
267467
267471
267476
267478
267479
267481
267482
267483
267491
267494
267497
267498
267502
267507
267509
267510
267512
267513
267514
267522
267525
267528
267529
267533
267538
267540
267541
267543
267544
267545
267553
267556
267559
267560
267564
267569
267571
267572
267574
267575
267576
267584
267587
267590
267591
267595
267600
267601
267602
267603
267604
267605
267654
267674
267679
267683
267687
267693
267702
267706
267710
267711
267712
267716
267717
267718
267719
267720
267721
267722
267723
267726
267728
267729
267731
267732
267734
267735
267736
267738
267740
267745
267763
267768
267772
267773
267774
267775
267778
267779
267780
267782
267783
267784
267785
267786
267787
267788
267789
267790
267797
267801
267805
267806
267809
267816
267819
267820
267821
267822
267824
267830
267834
267837
267838
267840
267846
267849
267850
267851
267852
267854
267860
267864
267867
267868
267870
267876
267877
267878
267879
267880
267881
267882
267883
267884
267885
267886
267888
267893
267902
267905
267926
267930
267933
267954
267958
267960
267966
267972
267981
267982
267983
267985
267986
267987
267988
267989
267990
267991
267997
267998
268000
268001
268002
268010
268013
268016
268017
268021
268026
268028
268029
268031
268032
268033
268041
268044
268047
268048
268052
268057
268059
268060
268062
268063
268064
268072
268075
268078
268079
268083
268088
268090
268091
268093
268094
268095
268103
268106
268109
268110
268114
268119
268121
268122
268124
268125
268126
268134
268137
268140
268141
268145
268150
268152
268153
268155
268156
268157
268165
268168
268171
268172
268176
268181
268183
268184
268186
268187
268188
268196
268199
268202
268203
268207
268212
268214
268215
268217
268218
268219
268227
268230
268233
268234
268238
268243
268244
268245
268246
268247
268248
268297
268317
268322
268326
268330
268336
268345
268349
268353
268354
268355
268359
268360
268361
268362
268363
268364
268365
268366
268369
268371
268372
268374
268375
268377
268378
268379
268381
268383
268388
268406
268411
268415
268416
268417
268418
268421
268422
268423
268425
268426
268427
268428
268429
268430
268431
268432
268433
268434
268439
268457
268459
268477
268479
268480
268482
268488
268491
268492
268493
268494
268496
268502
268506
268509
268510
268512
268518
268521
268522
268523
268524
268526
268532
268536
268539
268540
268542
268548
268549
268550
268551
268552
268553
268554
268555
268556
268557
268558
268559
268560
268562
268563
268564
268566
268567
268579
268581
268582
268594
268596
268598
268603
268604
268610
268611
268612
268614
268615
268616
268617
268618
268619
268620
268626
268627
268629
268630
268631
268639
268642
268645
268646
268650
268655
268657
268658
268660
268661
268662
268670
268673
268676
268677
268681
268686
268688
268689
268691
268692
268693
268701
268704
268707
268708
268712
268717
268719
268720
268722
268723
268724
268732
268735
268738
268739
268743
268748
268750
268751
268753
268754
268755
268763
268766
268769
268770
268774
268779
268781
268782
268784
268785
268786
268794
268797
268800
268801
268805
268810
268812
268813
268815
268816
268817
268825
268828
268831
268832
268836
268841
268843
268844
268846
268847
268848
268856
268859
268862
268863
268867
268872
268873
268874
268875
268876
268877
268898
268903
268905
268907
268908
268914
268916
268918
268919
268920
268921
268922
268923
268924
268925
268926
268927
268928
268929
268930
268931
268932
268933
268934
268935
268937
268942
268951
268954
268975
268979
268982
269003
269007
269009
269015
269021
269030
269031
269032
269034
269035
269036
269037
269038
269039
269040
269046
269047
269049
269050
269051
269059
269062
269065
269066
269070
269075
269077
269078
269080
269081
269082
269090
269093
269096
269097
269101
269106
269108
269109
269111
269112
269113
269121
269124
269127
269128
269132
269137
269139
269140
269142
269143
269144
269152
269155
269158
269159
269163
269168
269170
269171
269173
269174
269175
269183
269186
269189
269190
269194
269199
269201
269202
269204
269205
269206
269214
269217
269220
269221
269225
269230
269232
269233
269235
269236
269237
269245
269248
269251
269252
269256
269261
269263
269264
269266
269267
269268
269276
269279
269282
269283
269287
269292
269293
269294
269295
269296
269297
269346
269366
269371
269375
269379
269385
269394
269398
269402
269403
269404
269408
269409
269410
269411
269412
269413
269414
269415
269418
269420
269421
269423
269424
269426
269427
269428
269430
269432
269437
269455
269460
269464
269465
269466
269467
269470
269471
269472
269474
269475
269476
269477
269478
269479
269480
269481
269482
269489
269493
269497
269498
269501
269508
269511
269512
269513
269514
269516
269522
269526
269529
269530
269532
269538
269541
269542
269543
269544
269546
269552
269556
269559
269560
269562
269568
269569
269570
269571
269572
269573
269574
269575
269576
269577
269578
269580
269585
269594
269597
269618
269622
269625
269646
269650
269652
269658
269664
269673
269674
269675
269677
269678
269679
269680
269681
269682
269683
269689
269690
269692
269693
269694
269702
269705
269708
269709
269713
269718
269720
269721
269723
269724
269725
269733
269736
269739
269740
269744
269749
269751
269752
269754
269755
269756
269764
269767
269770
269771
269775
269780
269782
269783
269785
269786
269787
269795
269798
269801
269802
269806
269811
269813
269814
269816
269817
269818
269826
269829
269832
269833
269837
269842
269844
269845
269847
269848
269849
269857
269860
269863
269864
269868
269873
269875
269876
269878
269879
269880
269888
269891
269894
269895
269899
269904
269906
269907
269909
269910
269911
269919
269922
269925
269926
269930
269935
269936
269937
269938
269939
269940
269989
270009
270014
270018
270022
270028
270037
270041
270045
270046
270047
270051
270052
270053
270054
270055
270056
270057
270058
270061
270063
270064
270066
270067
270069
270070
270071
270073
270075
270080
270098
270103
270107
270108
270109
270110
270113
270114
270115
270117
270118
270119
270120
270121
270122
270123
270124
270125
270126
270131
270149
270151
270169
270171
270172
270174
270180
270183
270184
270185
270186
270188
270194
270198
270201
270202
270204
270210
270213
270214
270215
270216
270218
270224
270228
270231
270232
270234
270240
270241
270242
270243
270244
270245
270246
270247
270248
270249
270250
270251
270252
270254
270255
270256
270258
270259
270271
270273
270274
270286
270288
270290
270295
270296
270302
270303
270304
270306
270307
270308
270309
270310
270311
270312
270318
270319
270321
270322
270323
270331
270334
270337
270338
270342
270347
270349
270350
270352
270353
270354
270362
270365
270368
270369
270373
270378
270380
270381
270383
270384
270385
270393
270396
270399
270400
270404
270409
270411
270412
270414
270415
270416
270424
270427
270430
270431
270435
270440
270442
270443
270445
270446
270447
270455
270458
270461
270462
270466
270471
270473
270474
270476
270477
270478
270486
270489
270492
270493
270497
270502
270504
270505
270507
270508
270509
270517
270520
270523
270524
270528
270533
270535
270536
270538
270539
270540
270548
270551
270554
270555
270559
270564
270565
270566
270567
270568
270569
270590
270595
270597
270599
270600
270606
270608
270610
270611
270612
270613
270614
270615
270616
270617
270618
270619
270620
270621
270622
270623
270624
270625
270626
270627
270629
270634
270643
270646
270667
270671
270674
270695
270699
270701
270707
270713
270722
270723
270724
270726
270727
270728
270729
270730
270731
270732
270738
270739
270741
270742
270743
270751
270754
270757
270758
270762
270767
270769
270770
270772
270773
270774
270782
270785
270788
270789
270793
270798
270800
270801
270803
270804
270805
270813
270816
270819
270820
270824
270829
270831
270832
270834
270835
270836
270844
270847
270850
270851
270855
270860
270862
270863
270865
270866
270867
270875
270878
270881
270882
270886
270891
270893
270894
270896
270897
270898
270906
270909
270912
270913
270917
270922
270924
270925
270927
270928
270929
270937
270940
270943
270944
270948
270953
270955
270956
270958
270959
270960
270968
270971
270974
270975
270979
270984
270985
270986
270987
270988
270989
271038
271058
271063
271067
271071
271077
271086
271090
271094
271095
271096
271100
271101
271102
271103
271104
271105
271106
271107
271110
271112
271113
271115
271116
271118
271119
271120
271122
271124
271129
271147
271152
271156
271157
271158
271159
271162
271163
271164
271166
271167
271168
271169
271170
271171
271172
271173
271174
271181
271185
271189
271190
271193
271200
271203
271204
271205
271206
271208
271214
271218
271221
271222
271224
271230
271233
271234
271235
271236
271238
271244
271248
271251
271252
271254
271260
271261
271262
271263
271264
271265
271266
271267
271268
271269
271270
271272
271277
271286
271289
271310
271314
271317
271338
271342
271344
271350
271356
271365
271366
271367
271369
271370
271371
271372
271373
271374
271375
271381
271382
271384
271385
271386
271394
271397
271400
271401
271405
271410
271412
271413
271415
271416
271417
271425
271428
271431
271432
271436
271441
271443
271444
271446
271447
271448
271456
271459
271462
271463
271467
271472
271474
271475
271477
271478
271479
271487
271490
271493
271494
271498
271503
271505
271506
271508
271509
271510
271518
271521
271524
271525
271529
271534
271536
271537
271539
271540
271541
271549
271552
271555
271556
271560
271565
271567
271568
271570
271571
271572
271580
271583
271586
271587
271591
271596
271598
271599
271601
271602
271603
271611
271614
271617
271618
271622
271627
271628
271629
271630
271631
271632
271681
271701
271706
271710
271714
271720
271729
271733
271737
271738
271739
271743
271744
271745
271746
271747
271748
271749
271750
271753
271755
271756
271758
271759
271761
271762
271763
271765
271767
271772
271790
271795
271799
271800
271801
271802
271805
271806
271807
271809
271810
271811
271812
271813
271814
271815
271816
271817
271818
271823
271841
271843
271861
271863
271864
271866
271872
271875
271876
271877
271878
271880
271886
271890
271893
271894
271896
271902
271905
271906
271907
271908
271910
271916
271920
271923
271924
271926
271932
271933
271934
271935
271936
271937
271938
271939
271940
271941
271942
271943
271944
271946
271947
271948
271950
271951
271963
271965
271966
271978
271980
271982
271987
271988
271994
271995
271996
271998
271999
272000
272001
272002
272003
272004
272010
272011
272013
272014
272015
272023
272026
272029
272030
272034
272039
272041
272042
272044
272045
272046
272054
272057
272060
272061
272065
272070
272072
272073
272075
272076
272077
272085
272088
272091
272092
272096
272101
272103
272104
272106
272107
272108
272116
272119
272122
272123
272127
272132
272134
272135
272137
272138
272139
272147
272150
272153
272154
272158
272163
272165
272166
272168
272169
272170
272178
272181
272184
272185
272189
272194
272196
272197
272199
272200
272201
272209
272212
272215
272216
272220
272225
272227
272228
272230
272231
272232
272240
272243
272246
272247
272251
272256
272257
272258
272259
272260
272261
272282
272287
272289
272291
272292
272298
272300
272302
272303
272304
272305
272306
272307
272308
272309
272310
272311
272312
272313
272314
272315
272316
272317
272318
272319
272321
272326
272335
272338
272359
272363
272366
272387
272391
272393
272399
272405
272414
272415
272416
272418
272419
272420
272421
272422
272423
272424
272430
272431
272433
272434
272435
272443
272446
272449
272450
272454
272459
272461
272462
272464
272465
272466
272474
272477
272480
272481
272485
272490
272492
272493
272495
272496
272497
272505
272508
272511
272512
272516
272521
272523
272524
272526
272527
272528
272536
272539
272542
272543
272547
272552
272554
272555
272557
272558
272559
272567
272570
272573
272574
272578
272583
272585
272586
272588
272589
272590
272598
272601
272604
272605
272609
272614
272616
272617
272619
272620
272621
272629
272632
272635
272636
272640
272645
272647
272648
272650
272651
272652
272660
272663
272666
272667
272671
272676
272677
272678
272679
272680
272681
272730
272750
272755
272759
272763
272769
272778
272782
272786
272787
272788
272792
272793
272794
272795
272796
272797
272798
272799
272802
272804
272805
272807
272808
272810
272811
272812
272814
272816
272821
272839
272844
272848
272849
272850
272851
272854
272855
272856
272858
272859
272860
272861
272862
272863
272864
272865
272866
272873
272875
272876
272880
272890
272892
272902
272904
272905
272906
272907
272908
272909
272910
272911
272912
272913
272914
272916
272921
272930
272933
272954
272958
272961
272982
272986
272988
272994
273000
273009
273010
273011
273013
273014
273015
273016
273017
273018
273019
273025
273026
273028
273029
273030
273038
273041
273044
273045
273049
273054
273056
273057
273059
273060
273061
273069
273072
273075
273076
273080
273085
273087
273088
273090
273091
273092
273100
273103
273106
273107
273111
273116
273118
273119
273121
273122
273123
273131
273134
273137
273138
273142
273147
273149
273150
273152
273153
273154
273162
273165
273168
273169
273173
273178
273180
273181
273183
273184
273185
273193
273196
273199
273200
273204
273209
273211
273212
273214
273215
273216
273224
273227
273230
273231
273235
273240
273242
273243
273245
273246
273247
273255
273258
273261
273262
273266
273271
273272
273273
273274
273275
273276
273325
273345
273350
273354
273358
273364
273373
273377
273381
273382
273383
273387
273388
273389
273390
273391
273392
273393
273394
273397
273399
273400
273402
273403
273405
273406
273407
273409
273411
273416
273434
273439
273443
273444
273445
273446
273449
273450
273451
273453
273454
273455
273456
273457
273458
273459
273460
273461
273466
273484
273486
273504
273506
273508
273510
273515
273517
273518
273520
273521
273526
273527
273532
273533
273536
273538
273543
273545
273546
273548
273549
273554
273555
273560
273561
273564
273566
273567
273568
273569
273570
273571
273572
273573
273577
273578
273579
273580
273581
273582
273583
273584
273587
273589
273590
273592
273593
273595
273596
273597
273599
273601
273606
273624
273629
273633
273634
273635
273636
273639
273640
273641
273643
273644
273645
273646
273647
273648
273649
273650
273651
273653
273655
273656
273657
273658
273659
273660
273661
273662
273663
273664
273665
273666
273667
273668
273682
273684
273686
273687
273688
273689
273690
273691
273692
273693
273694
273695
273696
273697
273698
273700
273703
273705
273708
273709
273710
273712
273713
273715
273718
273720
273721
273723
273726
273730
273731
273732
273733
273734
273742
273746
273747
273750
273758
273761
273764
273773
273774
273779
273783
273784
273787
273795
273798
273801
273810
273811
273816
273820
273823
273824
273831
273832
273835
273838
273839
273840
273841
273842
273843
273847
273851
273853
273854
273874
273884
273886
273887
273907
273917
273919
273920
273923
273924
273925
273926
273927
273928
273929
273931
273936
273945
273948
273969
273973
273976
273997
274001
274003
274009
274015
274024
274025
274026
274028
274029
274030
274031
274032
274033
274034
274040
274041
274043
274044
274045
274053
274056
274059
274060
274064
274069
274071
274072
274074
274075
274076
274084
274087
274090
274091
274095
274100
274102
274103
274105
274106
274107
274115
274118
274121
274122
274126
274131
274133
274134
274136
274137
274138
274146
274149
274152
274153
274157
274162
274164
274165
274167
274168
274169
274177
274180
274183
274184
274188
274193
274195
274196
274198
274199
274200
274208
274211
274214
274215
274219
274224
274226
274227
274229
274230
274231
274239
274242
274245
274246
274250
274255
274257
274258
274260
274261
274262
274270
274273
274276
274277
274281
274286
274287
274288
274289
274290
274291
274340
274360
274365
274369
274373
274379
274388
274392
274396
274397
274398
274402
274403
274404
274405
274406
274407
274408
274409
274412
274414
274415
274417
274418
274420
274421
274422
274424
274426
274431
274449
274454
274458
274459
274460
274461
274464
274465
274466
274468
274469
274470
274471
274472
274473
274474
274475
274476
274483
274487
274488
274491
274498
274501
274502
274503
274504
274506
274512
274516
274519
274520
274522
274528
274531
274532
274533
274534
274536
274542
274546
274549
274550
274552
274558
274559
274560
274561
274562
274563
274564
274565
274566
274567
274568
274570
274575
274584
274587
274608
274612
274615
274636
274640
274642
274648
274654
274663
274664
274665
274667
274668
274669
274670
274671
274672
274673
274679
274680
274682
274683
274684
274692
274695
274698
274699
274703
274708
274710
274711
274713
274714
274715
274723
274726
274729
274730
274734
274739
274741
274742
274744
274745
274746
274754
274757
274760
274761
274765
274770
274772
274773
274775
274776
274777
274785
274788
274791
274792
274796
274801
274803
274804
274806
274807
274808
274816
274819
274822
274823
274827
274832
274834
274835
274837
274838
274839
274847
274850
274853
274854
274858
274863
274865
274866
274868
274869
274870
274878
274881
274884
274885
274889
274894
274896
274897
274899
274900
274901
274909
274912
274915
274916
274920
274925
274926
274927
274928
274929
274930
274979
274999
275004
275008
275012
275018
275027
275031
275035
275036
275037
275041
275042
275043
275044
275045
275046
275047
275048
275051
275053
275054
275056
275057
275059
275060
275061
275063
275065
275070
275088
275093
275097
275098
275099
275100
275103
275104
275105
275107
275108
275109
275110
275111
275112
275113
275114
275115
275116
275121
275139
275141
275159
275161
275162
275164
275170
275173
275174
275175
275176
275178
275184
275188
275191
275192
275194
275200
275203
275204
275205
275206
275208
275214
275218
275221
275222
275224
275230
275231
275232
275233
275234
275235
275236
275237
275238
275239
275240
275241
275242
275244
275245
275246
275248
275249
275261
275263
275264
275276
275278
275280
275285
275286
275292
275293
275294
275296
275297
275298
275299
275300
275301
275302
275308
275309
275311
275312
275313
275321
275324
275327
275328
275332
275337
275339
275340
275342
275343
275344
275352
275355
275358
275359
275363
275368
275370
275371
275373
275374
275375
275383
275386
275389
275390
275394
275399
275401
275402
275404
275405
275406
275414
275417
275420
275421
275425
275430
275432
275433
275435
275436
275437
275445
275448
275451
275452
275456
275461
275463
275464
275466
275467
275468
275476
275479
275482
275483
275487
275492
275494
275495
275497
275498
275499
275507
275510
275513
275514
275518
275523
275525
275526
275528
275529
275530
275538
275541
275544
275545
275549
275554
275555
275556
275557
275558
275559
275580
275585
275587
275589
275590
275596
275598
275600
275601
275602
275603
275604
275605
275606
275607
275608
275609
275610
275611
275612
275613
275614
275615
275616
275617
275619
275624
275633
275636
275657
275661
275664
275685
275689
275691
275697
275703
275712
275713
275714
275716
275717
275718
275719
275720
275721
275722
275728
275729
275731
275732
275733
275741
275744
275747
275748
275752
275757
275759
275760
275762
275763
275764
275772
275775
275778
275779
275783
275788
275790
275791
275793
275794
275795
275803
275806
275809
275810
275814
275819
275821
275822
275824
275825
275826
275834
275837
275840
275841
275845
275850
275852
275853
275855
275856
275857
275865
275868
275871
275872
275876
275881
275883
275884
275886
275887
275888
275896
275899
275902
275903
275907
275912
275914
275915
275917
275918
275919
275927
275930
275933
275934
275938
275943
275945
275946
275948
275949
275950
275958
275961
275964
275965
275969
275974
275975
275976
275977
275978
275979
276028
276048
276053
276057
276061
276067
276076
276080
276084
276085
276086
276090
276091
276092
276093
276094
276095
276096
276097
276100
276102
276103
276105
276106
276108
276109
276110
276112
276114
276119
276137
276142
276146
276147
276148
276149
276152
276153
276154
276156
276157
276158
276159
276160
276161
276162
276163
276164
276171
276175
276179
276180
276183
276190
276193
276194
276195
276196
276198
276204
276208
276211
276212
276214
276220
276223
276224
276225
276226
276228
276234
276238
276241
276242
276244
276250
276251
276252
276253
276254
276255
276256
276257
276258
276259
276260
276262
276267
276276
276279
276300
276304
276307
276328
276332
276334
276340
276346
276355
276356
276357
276359
276360
276361
276362
276363
276364
276365
276371
276372
276374
276375
276376
276384
276387
276390
276391
276395
276400
276402
276403
276405
276406
276407
276415
276418
276421
276422
276426
276431
276433
276434
276436
276437
276438
276446
276449
276452
276453
276457
276462
276464
276465
276467
276468
276469
276477
276480
276483
276484
276488
276493
276495
276496
276498
276499
276500
276508
276511
276514
276515
276519
276524
276526
276527
276529
276530
276531
276539
276542
276545
276546
276550
276555
276557
276558
276560
276561
276562
276570
276573
276576
276577
276581
276586
276588
276589
276591
276592
276593
276601
276604
276607
276608
276612
276617
276618
276619
276620
276621
276622
276671
276691
276696
276700
276704
276710
276719
276723
276727
276728
276729
276733
276734
276735
276736
276737
276738
276739
276740
276743
276745
276746
276748
276749
276751
276752
276753
276755
276757
276762
276780
276785
276789
276790
276791
276792
276795
276796
276797
276799
276800
276801
276802
276803
276804
276805
276806
276807
276808
276813
276831
276833
276851
276853
276854
276856
276862
276865
276866
276867
276868
276870
276876
276880
276883
276884
276886
276892
276895
276896
276897
276898
276900
276906
276910
276913
276914
276916
276922
276923
276924
276925
276926
276927
276928
276929
276930
276931
276932
276933
276934
276936
276937
276938
276940
276941
276953
276955
276956
276968
276970
276972
276977
276978
276984
276985
276986
276988
276989
276990
276991
276992
276993
276994
277000
277001
277003
277004
277005
277013
277016
277019
277020
277024
277029
277031
277032
277034
277035
277036
277044
277047
277050
277051
277055
277060
277062
277063
277065
277066
277067
277075
277078
277081
277082
277086
277091
277093
277094
277096
277097
277098
277106
277109
277112
277113
277117
277122
277124
277125
277127
277128
277129
277137
277140
277143
277144
277148
277153
277155
277156
277158
277159
277160
277168
277171
277174
277175
277179
277184
277186
277187
277189
277190
277191
277199
277202
277205
277206
277210
277215
277217
277218
277220
277221
277222
277230
277233
277236
277237
277241
277246
277247
277248
277249
277250
277251
277272
277277
277279
277281
277282
277288
277290
277292
277293
277294
277295
277296
277297
277298
277299
277300
277301
277302
277303
277304
277305
277306
277307
277308
277309
277311
277316
277325
277328
277349
277353
277356
277377
277381
277383
277389
277395
277404
277405
277406
277408
277409
277410
277411
277412
277413
277414
277420
277421
277423
277424
277425
277433
277436
277439
277440
277444
277449
277451
277452
277454
277455
277456
277464
277467
277470
277471
277475
277480
277482
277483
277485
277486
277487
277495
277498
277501
277502
277506
277511
277513
277514
277516
277517
277518
277526
277529
277532
277533
277537
277542
277544
277545
277547
277548
277549
277557
277560
277563
277564
277568
277573
277575
277576
277578
277579
277580
277588
277591
277594
277595
277599
277604
277606
277607
277609
277610
277611
277619
277622
277625
277626
277630
277635
277637
277638
277640
277641
277642
277650
277653
277656
277657
277661
277666
277667
277668
277669
277670
277671
277720
277740
277745
277749
277753
277759
277768
277772
277776
277777
277778
277782
277783
277784
277785
277786
277787
277788
277789
277792
277794
277795
277797
277798
277800
277801
277802
277804
277806
277811
277829
277834
277838
277839
277840
277841
277844
277845
277846
277848
277849
277850
277851
277852
277853
277854
277855
277856
277863
277867
277871
277872
277875
277882
277885
277886
277887
277888
277890
277896
277900
277903
277904
277906
277912
277915
277916
277917
277918
277920
277926
277930
277933
277934
277936
277942
277943
277944
277945
277946
277947
277948
277949
277950
277951
277952
277954
277959
277968
277971
277992
277996
277999
278020
278024
278026
278032
278038
278047
278048
278049
278051
278052
278053
278054
278055
278056
278057
278063
278064
278066
278067
278068
278076
278079
278082
278083
278087
278092
278094
278095
278097
278098
278099
278107
278110
278113
278114
278118
278123
278125
278126
278128
278129
278130
278138
278141
278144
278145
278149
278154
278156
278157
278159
278160
278161
278169
278172
278175
278176
278180
278185
278187
278188
278190
278191
278192
278200
278203
278206
278207
278211
278216
278218
278219
278221
278222
278223
278231
278234
278237
278238
278242
278247
278249
278250
278252
278253
278254
278262
278265
278268
278269
278273
278278
278280
278281
278283
278284
278285
278293
278296
278299
278300
278304
278309
278310
278311
278312
278313
278314
278363
278383
278388
278392
278396
278402
278411
278415
278419
278420
278421
278425
278426
278427
278428
278429
278430
278431
278432
278435
278437
278438
278440
278441
278443
278444
278445
278447
278449
278454
278472
278477
278481
278482
278483
278484
278487
278488
278489
278491
278492
278493
278494
278495
278496
278497
278498
278499
278500
278505
278523
278525
278543
278545
278546
278548
278554
278557
278558
278559
278560
278562
278568
278572
278575
278576
278578
278584
278587
278588
278589
278590
278592
278598
278602
278605
278606
278608
278614
278615
278616
278617
278618
278619
278620
278621
278622
278623
278624
278625
278626
278628
278629
278630
278632
278633
278645
278647
278648
278660
278662
278664
278669
278670
278676
278677
278678
278680
278681
278682
278683
278684
278685
278686
278692
278693
278695
278696
278697
278705
278708
278711
278712
278716
278721
278723
278724
278726
278727
278728
278736
278739
278742
278743
278747
278752
278754
278755
278757
278758
278759
278767
278770
278773
278774
278778
278783
278785
278786
278788
278789
278790
278798
278801
278804
278805
278809
278814
278816
278817
278819
278820
278821
278829
278832
278835
278836
278840
278845
278847
278848
278850
278851
278852
278860
278863
278866
278867
278871
278876
278878
278879
278881
278882
278883
278891
278894
278897
278898
278902
278907
278909
278910
278912
278913
278914
278922
278925
278928
278929
278933
278938
278939
278940
278941
278942
278943
278964
278969
278971
278973
278974
278980
278982
278984
278985
278986
278987
278988
278989
278990
278991
278992
278993
278994
278995
278996
278997
278998
278999
279000
279001
279003
279008
279017
279020
279041
279045
279048
279069
279073
279075
279081
279087
279096
279097
279098
279100
279101
279102
279103
279104
279105
279106
279112
279113
279115
279116
279117
279125
279128
279131
279132
279136
279141
279143
279144
279146
279147
279148
279156
279159
279162
279163
279167
279172
279174
279175
279177
279178
279179
279187
279190
279193
279194
279198
279203
279205
279206
279208
279209
279210
279218
279221
279224
279225
279229
279234
279236
279237
279239
279240
279241
279249
279252
279255
279256
279260
279265
279267
279268
279270
279271
279272
279280
279283
279286
279287
279291
279296
279298
279299
279301
279302
279303
279311
279314
279317
279318
279322
279327
279329
279330
279332
279333
279334
279342
279345
279348
279349
279353
279358
279359
279360
279361
279362
279363
279412
279432
279437
279441
279445
279451
279460
279464
279468
279469
279470
279474
279475
279476
279477
279478
279479
279480
279481
279484
279486
279487
279489
279490
279492
279493
279494
279496
279498
279503
279521
279526
279530
279531
279532
279533
279536
279537
279538
279540
279541
279542
279543
279544
279545
279546
279547
279548
279555
279559
279563
279564
279567
279574
279577
279578
279579
279580
279582
279588
279592
279595
279596
279598
279604
279607
279608
279609
279610
279612
279618
279622
279625
279626
279628
279634
279635
279636
279637
279638
279639
279640
279641
279642
279643
279644
279646
279651
279660
279663
279684
279688
279691
279712
279716
279718
279724
279730
279739
279740
279741
279743
279744
279745
279746
279747
279748
279749
279755
279756
279758
279759
279760
279768
279771
279774
279775
279779
279784
279786
279787
279789
279790
279791
279799
279802
279805
279806
279810
279815
279817
279818
279820
279821
279822
279830
279833
279836
279837
279841
279846
279848
279849
279851
279852
279853
279861
279864
279867
279868
279872
279877
279879
279880
279882
279883
279884
279892
279895
279898
279899
279903
279908
279910
279911
279913
279914
279915
279923
279926
279929
279930
279934
279939
279941
279942
279944
279945
279946
279954
279957
279960
279961
279965
279970
279972
279973
279975
279976
279977
279985
279988
279991
279992
279996
280001
280002
280003
280004
280005
280006
280055
280075
280080
280084
280088
280094
280103
280107
280111
280112
280113
280117
280118
280119
280120
280121
280122
280123
280124
280127
280129
280130
280132
280133
280135
280136
280137
280139
280141
280146
280164
280169
280173
280174
280175
280176
280179
280180
280181
280183
280184
280185
280186
280187
280188
280189
280190
280191
280192
280197
280215
280217
280235
280237
280238
280240
280246
280249
280250
280251
280252
280254
280260
280264
280267
280268
280270
280276
280279
280280
280281
280282
280284
280290
280294
280297
280298
280300
280306
280307
280308
280309
280310
280311
280312
280313
280314
280315
280316
280317
280318
280320
280321
280322
280324
280325
280337
280339
280340
280352
280354
280356
280361
280362
280368
280369
280370
280372
280373
280374
280375
280376
280377
280378
280384
280385
280387
280388
280389
280397
280400
280403
280404
280408
280413
280415
280416
280418
280419
280420
280428
280431
280434
280435
280439
280444
280446
280447
280449
280450
280451
280459
280462
280465
280466
280470
280475
280477
280478
280480
280481
280482
280490
280493
280496
280497
280501
280506
280508
280509
280511
280512
280513
280521
280524
280527
280528
280532
280537
280539
280540
280542
280543
280544
280552
280555
280558
280559
280563
280568
280570
280571
280573
280574
280575
280583
280586
280589
280590
280594
280599
280601
280602
280604
280605
280606
280614
280617
280620
280621
280625
280630
280631
280632
280633
280634
280635
280656
280661
280663
280665
280666
280672
280674
280676
280677
280678
280679
280680
280681
280682
280683
280684
280685
280686
280687
280688
280689
280690
280691
280692
280693
280695
280700
280709
280712
280733
280737
280740
280761
280765
280767
280773
280779
280788
280789
280790
280792
280793
280794
280795
280796
280797
280798
280804
280805
280807
280808
280809
280817
280820
280823
280824
280828
280833
280835
280836
280838
280839
280840
280848
280851
280854
280855
280859
280864
280866
280867
280869
280870
280871
280879
280882
280885
280886
280890
280895
280897
280898
280900
280901
280902
280910
280913
280916
280917
280921
280926
280928
280929
280931
280932
280933
280941
280944
280947
280948
280952
280957
280959
280960
280962
280963
280964
280972
280975
280978
280979
280983
280988
280990
280991
280993
280994
280995
281003
281006
281009
281010
281014
281019
281021
281022
281024
281025
281026
281034
281037
281040
281041
281045
281050
281051
281052
281053
281054
281055
281104
281124
281129
281133
281137
281143
281152
281156
281160
281161
281162
281166
281167
281168
281169
281170
281171
281172
281173
281176
281178
281179
281181
281182
281184
281185
281186
281188
281190
281195
281213
281218
281222
281223
281224
281225
281228
281229
281230
281232
281233
281234
281235
281236
281237
281238
281239
281240
281247
281251
281255
281256
281259
281266
281269
281270
281271
281272
281274
281280
281284
281287
281288
281290
281296
281299
281300
281301
281302
281304
281310
281314
281317
281318
281320
281326
281327
281328
281329
281330
281331
281332
281333
281334
281335
281336
281338
281343
281352
281355
281376
281380
281383
281404
281408
281410
281416
281422
281431
281432
281433
281435
281436
281437
281438
281439
281440
281441
281447
281448
281450
281451
281452
281460
281463
281466
281467
281471
281476
281478
281479
281481
281482
281483
281491
281494
281497
281498
281502
281507
281509
281510
281512
281513
281514
281522
281525
281528
281529
281533
281538
281540
281541
281543
281544
281545
281553
281556
281559
281560
281564
281569
281571
281572
281574
281575
281576
281584
281587
281590
281591
281595
281600
281602
281603
281605
281606
281607
281615
281618
281621
281622
281626
281631
281633
281634
281636
281637
281638
281646
281649
281652
281653
281657
281662
281664
281665
281667
281668
281669
281677
281680
281683
281684
281688
281693
281694
281695
281696
281697
281698
281747
281767
281772
281776
281780
281786
281795
281799
281803
281804
281805
281809
281810
281811
281812
281813
281814
281815
281816
281819
281821
281822
281824
281825
281827
281828
281829
281831
281833
281838
281856
281861
281865
281866
281867
281868
281871
281872
281873
281875
281876
281877
281878
281879
281880
281881
281882
281883
281884
281889
281907
281909
281927
281929
281930
281932
281938
281941
281942
281943
281944
281946
281952
281956
281959
281960
281962
281968
281971
281972
281973
281974
281976
281982
281986
281989
281990
281992
281998
281999
282000
282001
282002
282003
282004
282005
282006
282007
282008
282009
282010
282012
282013
282014
282016
282017
282029
282031
282032
282044
282046
282048
282053
282054
282060
282061
282062
282064
282065
282066
282067
282068
282069
282070
282076
282077
282079
282080
282081
282089
282092
282095
282096
282100
282105
282107
282108
282110
282111
282112
282120
282123
282126
282127
282131
282136
282138
282139
282141
282142
282143
282151
282154
282157
282158
282162
282167
282169
282170
282172
282173
282174
282182
282185
282188
282189
282193
282198
282200
282201
282203
282204
282205
282213
282216
282219
282220
282224
282229
282231
282232
282234
282235
282236
282244
282247
282250
282251
282255
282260
282262
282263
282265
282266
282267
282275
282278
282281
282282
282286
282291
282293
282294
282296
282297
282298
282306
282309
282312
282313
282317
282322
282323
282324
282325
282326
282327
282348
282353
282355
282357
282358
282364
282366
282368
282369
282370
282371
282372
282373
282374
282375
282376
282377
282378
282379
282380
282381
282382
282383
282384
282385
282387
282392
282401
282404
282425
282429
282432
282453
282457
282459
282465
282471
282480
282481
282482
282484
282485
282486
282487
282488
282489
282490
282496
282497
282499
282500
282501
282509
282512
282515
282516
282520
282525
282527
282528
282530
282531
282532
282540
282543
282546
282547
282551
282556
282558
282559
282561
282562
282563
282571
282574
282577
282578
282582
282587
282589
282590
282592
282593
282594
282602
282605
282608
282609
282613
282618
282620
282621
282623
282624
282625
282633
282636
282639
282640
282644
282649
282651
282652
282654
282655
282656
282664
282667
282670
282671
282675
282680
282682
282683
282685
282686
282687
282695
282698
282701
282702
282706
282711
282713
282714
282716
282717
282718
282726
282729
282732
282733
282737
282742
282743
282744
282745
282746
282747
282796
282816
282821
282825
282829
282835
282844
282848
282852
282853
282854
282858
282859
282860
282861
282862
282863
282864
282865
282868
282870
282871
282873
282874
282876
282877
282878
282880
282882
282887
282905
282910
282914
282915
282916
282917
282920
282921
282922
282924
282925
282926
282927
282928
282929
282930
282931
282932
282939
282941
282942
282946
282956
282958
282968
282970
282971
282972
282973
282974
282975
282976
282977
282978
282979
282980
282982
282987
282996
282999
283020
283024
283027
283048
283052
283054
283060
283066
283075
283076
283077
283079
283080
283081
283082
283083
283084
283085
283091
283092
283094
283095
283096
283104
283107
283110
283111
283115
283120
283122
283123
283125
283126
283127
283135
283138
283141
283142
283146
283151
283153
283154
283156
283157
283158
283166
283169
283172
283173
283177
283182
283184
283185
283187
283188
283189
283197
283200
283203
283204
283208
283213
283215
283216
283218
283219
283220
283228
283231
283234
283235
283239
283244
283246
283247
283249
283250
283251
283259
283262
283265
283266
283270
283275
283277
283278
283280
283281
283282
283290
283293
283296
283297
283301
283306
283308
283309
283311
283312
283313
283321
283324
283327
283328
283332
283337
283338
283339
283340
283341
283342
283391
283411
283416
283420
283424
283430
283439
283443
283447
283448
283449
283453
283454
283455
283456
283457
283458
283459
283460
283463
283465
283466
283468
283469
283471
283472
283473
283475
283477
283482
283500
283505
283509
283510
283511
283512
283515
283516
283517
283519
283520
283521
283522
283523
283524
283525
283526
283527
283532
283550
283552
283570
283572
283574
283576
283581
283583
283584
283586
283587
283592
283593
283598
283599
283602
283604
283609
283611
283612
283614
283615
283620
283621
283626
283627
283630
283632
283633
283634
283635
283636
283637
283639
283640
283644
283645
283649
283653
283657
283658
283662
283666
283670
283671
283672
283674
283675
283676
283677
283680
283681
283682
283683
283684
283685
283688
283690
283691
283693
283694
283696
283697
283698
283700
283702
283707
283725
283730
283734
283735
283736
283737
283740
283741
283742
283744
283745
283746
283747
283750
283751
283765
283766
283767
283770
283771
283772
283773
283774
283775
283777
283781
283782
283784
283785
283793
283799
283801
283802
283810
283816
283818
283819
283820
283821
283822
283823
283824
283825
283826
283827
283828
283829
283830
283831
283833
283834
283836
283837
283843
283845
283846
283852
283854
283856
283861
283862
283868
283869
283870
283871
283872
283873
283876
283877
283878
283886
283889
283892
283896
283897
283898
283899
283907
283910
283913
283917
283918
283919
283920
283928
283931
283934
283938
283939
283940
283941
283949
283952
283955
283959
283960
283961
283962
283973
283978
283980
283982
283983
283989
283991
283993
283994
283995
283996
283997
283998
283999
284000
284001
284002
284003
284004
284005
284006
284007
284008
284009
284010
284011
284012
284013
284016
284017
284018
284019
284021
284022
284023
284024
284025
284026
284027
284030
284031
284034
284038
284043
284046
284051
284054
284059
284062
284067
284070
284075
284078
284083
284086
284091
284094
284099
284100
284102
284103
284104
284105
284106
284107
284108
284109
284110
284111
284112
284113
284114
284117
284118
284121
284125
284130
284133
284138
284141
284146
284149
284154
284157
284162
284165
284170
284173
284178
284181
284186
284187
284189
284190
284191
284192
284195
284196
284202
284203
284206
284207
284208
284209
284210
284211
284212
284216
284217
284224
284225
284232
284235
284239
284240
284247
284250
284254
284255
284259
284263
284265
284266
284275
284276
284277
284278
284279
284280
284283
284284
284285
284293
284296
284299
284303
284304
284305
284306
284314
284317
284320
284324
284325
284326
284327
284335
284338
284341
284345
284346
284347
284348
284356
284359
284362
284366
284367
284368
284369
284372
284377
284392
284397
284402
284407
284411
284415
284417
284418
284427
284431
284435
284436
284437
284438
284442
284443
284444
284445
284446
284447
284448
284449
284452
284453
284456
284460
284465
284468
284473
284476
284481
284484
284489
284492
284497
284500
284505
284508
284513
284516
284521
284522
284524
284525
284526
284527
284528
284529
284530
284531
284532
284535
284538
284539
284540
284541
284542
284544
284545
284547
284548
284551
284552
284558
284560
284561
284564
284565
284571
284573
284574
284575
284576
284577
284578
284579
284580
284581
284582
284583
284584
284585
284586
284588
284589
284591
284592
284598
284600
284601
284607
284609
284611
284616
284617
284623
284624
284625
284626
284627
284628
284636
284639
284642
284643
284644
284645
284653
284656
284659
284660
284662
284663
284674
284679
284681
284683
284684
284690
284692
284694
284695
284696
284697
284698
284699
284700
284701
284702
284703
284704
284705
284706
284707
284708
284709
284710
284711
284712
284713
284714
284717
284718
284719
284720
284722
284723
284724
284725
284726
284727
284728
284731
284732
284735
284739
284744
284747
284752
284755
284760
284763
284768
284769
284771
284772
284773
284774
284775
284776
284777
284778
284779
284780
284781
284782
284783
284786
284787
284790
284794
284799
284802
284807
284810
284815
284818
284823
284824
284826
284827
284828
284829
284834
284840
284841
284844
284845
284846
284847
284848
284849
284850
284851
284852
284861
284863
284866
284877
284879
284882
284893
284895
284897
284901
284903
284904
284911
284912
284913
284914
284915
284916
284924
284927
284930
284931
284932
284933
284941
284944
284947
284948
284950
284951
284976
284983
284988
284992
284994
284996
284997
285004
285008
285010
285011
285012
285016
285017
285018
285019
285020
285021
285022
285023
285026
285027
285030
285034
285039
285042
285047
285050
285055
285058
285063
285064
285066
285067
285068
285069
285070
285071
285072
285073
285074
285077
285080
285081
285082
285083
285084
285086
285088
285090
285093
285094
285101
285103
285105
285108
285109
285116
285118
285119
285120
285121
285122
285123
285124
285125
285126
285127
285128
285129
285130
285132
285133
285135
285141
285143
285149
285151
285154
285166
285167
285168
285169
285170
285171
285179
285182
285185
285186
285187
285198
285203
285206
285208
285220
285223
285225
285226
285227
285228
285229
285230
285231
285232
285233
285234
285235
285236
285237
285238
285239
285240
285241
285242
285243
285244
285245
285248
285249
285250
285252
285253
285254
285255
285256
285257
285258
285261
285262
285265
285269
285274
285277
285282
285283
285285
285286
285287
285288
285289
285290
285291
285292
285293
285294
285295
285296
285297
285300
285301
285304
285308
285313
285316
285321
285322
285324
285325
285326
285327
285332
285338
285339
285342
285343
285344
285345
285346
285347
285348
285349
285350
285359
285361
285374
285376
285389
285391
285394
285396
285400
285401
285402
285403
285404
285405
285413
285416
285419
285420
285421
285446
285454
285456
285460
285462
285464
285468
285472
285474
285475
285476
285480
285481
285482
285483
285484
285485
285486
285489
285490
285493
285497
285502
285505
285510
285511
285513
285514
285515
285516
285517
285518
285519
285520
285521
285524
285527
285528
285529
285530
285531
285535
285537
285540
285541
285549
285551
285553
285556
285557
285565
285567
285568
285569
285570
285571
285572
285573
285574
285575
285576
285577
285578
285579
285581
285582
285584
285590
285592
285598
285600
285603
285615
285616
285617
285618
285619
285620
285628
285631
285634
285635
285636
285647
285652
285655
285657
285669
285672
285674
285675
285676
285677
285678
285679
285680
285681
285682
285683
285684
285685
285686
285687
285688
285689
285690
285691
285692
285693
285694
285697
285698
285699
285701
285702
285703
285704
285705
285706
285707
285710
285711
285714
285718
285723
285726
285731
285732
285734
285735
285736
285737
285738
285739
285740
285741
285742
285743
285744
285745
285746
285749
285750
285753
285757
285762
285765
285770
285771
285773
285774
285775
285776
285781
285787
285788
285791
285792
285793
285794
285795
285796
285797
285798
285799
285808
285810
285823
285825
285838
285840
285843
285845
285849
285850
285851
285852
285853
285854
285862
285865
285868
285869
285870
285895
285903
285905
285909
285911
285913
285917
285921
285923
285924
285925
285929
285930
285931
285932
285933
285934
285935
285938
285939
285942
285946
285951
285954
285959
285960
285962
285963
285964
285965
285966
285967
285968
285969
285970
285973
285976
285977
285978
285979
285980
285984
285986
285989
285990
285998
286000
286002
286005
286006
286014
286016
286017
286018
286019
286020
286021
286022
286023
286024
286025
286026
286027
286028
286030
286031
286033
286039
286041
286047
286049
286052
286064
286065
286066
286067
286068
286069
286077
286080
286083
286084
286085
286096
286101
286104
286106
286118
286121
286123
286124
286125
286126
286127
286128
286129
286130
286131
286132
286133
286134
286135
286136
286137
286138
286139
286140
286141
286142
286143
286146
286147
286148
286150
286151
286152
286153
286154
286155
286156
286159
286160
286163
286167
286172
286175
286180
286181
286183
286184
286185
286186
286187
286188
286189
286190
286191
286192
286193
286194
286195
286198
286199
286202
286206
286211
286214
286219
286220
286222
286223
286224
286225
286230
286236
286237
286240
286241
286242
286243
286244
286245
286246
286247
286248
286257
286259
286272
286274
286287
286289
286292
286294
286298
286299
286300
286301
286302
286303
286311
286314
286317
286318
286319
286344
286352
286354
286358
286360
286362
286366
286370
286372
286373
286374
286378
286379
286380
286381
286382
286383
286384
286387
286388
286391
286395
286400
286403
286408
286409
286411
286412
286413
286414
286415
286416
286417
286418
286419
286422
286425
286426
286427
286428
286429
286433
286435
286438
286439
286447
286449
286451
286454
286455
286463
286465
286466
286467
286468
286469
286470
286471
286472
286473
286474
286475
286476
286477
286479
286480
286482
286488
286490
286496
286498
286501
286513
286514
286515
286516
286517
286518
286526
286529
286532
286533
286534
286545
286550
286553
286555
286567
286570
286572
286573
286574
286575
286576
286577
286578
286579
286580
286581
286582
286583
286584
286585
286586
286587
286588
286589
286590
286591
286592
286595
286596
286597
286599
286600
286601
286602
286603
286604
286605
286608
286609
286612
286616
286621
286624
286629
286630
286632
286633
286634
286635
286636
286637
286638
286639
286640
286641
286642
286643
286644
286647
286648
286651
286655
286660
286663
286668
286669
286671
286672
286673
286674
286679
286685
286686
286689
286690
286691
286692
286693
286694
286695
286696
286697
286706
286708
286721
286723
286736
286738
286741
286743
286747
286748
286749
286750
286751
286752
286760
286763
286766
286767
286768
286793
286801
286803
286807
286809
286811
286815
286819
286821
286822
286823
286827
286828
286829
286830
286831
286832
286833
286836
286837
286840
286844
286849
286852
286857
286858
286860
286861
286862
286863
286864
286865
286866
286867
286868
286871
286874
286875
286876
286877
286878
286881
286883
286886
286888
286893
286894
286895
286897
286900
286902
286907
286908
286909
286911
286912
286913
286914
286915
286916
286917
286918
286923
286924
286935
286939
286940
286951
286955
286958
286959
286966
286967
286968
286971
286972
286973
286974
286975
286976
286978
286982
286983
286985
286986
286994
287000
287002
287003
287011
287017
287019
287020
287021
287022
287023
287024
287025
287026
287027
287028
287029
287030
287031
287032
287034
287035
287037
287038
287044
287046
287047
287053
287055
287057
287062
287063
287069
287070
287071
287072
287073
287074
287077
287078
287079
287087
287090
287093
287097
287098
287099
287100
287108
287111
287114
287118
287119
287120
287121
287129
287132
287135
287139
287140
287141
287142
287150
287153
287156
287160
287161
287162
287163
287174
287179
287181
287183
287184
287190
287192
287194
287195
287196
287197
287198
287199
287200
287201
287202
287203
287204
287205
287206
287207
287208
287209
287210
287211
287212
287213
287214
287217
287218
287219
287220
287222
287223
287224
287225
287226
287227
287228
287231
287232
287235
287239
287244
287247
287252
287255
287260
287263
287268
287271
287276
287279
287284
287287
287292
287295
287300
287301
287303
287304
287305
287306
287307
287308
287309
287310
287311
287312
287313
287314
287315
287318
287319
287322
287326
287331
287334
287339
287342
287347
287350
287355
287358
287363
287366
287371
287374
287379
287382
287387
287388
287390
287391
287392
287393
287396
287397
287403
287404
287407
287408
287409
287410
287411
287412
287413
287417
287418
287425
287426
287433
287436
287440
287441
287448
287451
287455
287456
287460
287464
287466
287467
287476
287477
287478
287479
287480
287481
287484
287485
287486
287494
287497
287500
287504
287505
287506
287507
287515
287518
287521
287525
287526
287527
287528
287536
287539
287542
287546
287547
287548
287549
287557
287560
287563
287567
287568
287569
287570
287573
287578
287593
287598
287603
287608
287612
287616
287618
287619
287628
287632
287636
287637
287638
287639
287643
287644
287645
287646
287647
287648
287649
287650
287653
287654
287657
287661
287666
287669
287674
287677
287682
287685
287690
287693
287698
287701
287706
287709
287714
287717
287722
287723
287725
287726
287727
287728
287729
287730
287731
287732
287733
287736
287739
287740
287741
287742
287743
287745
287746
287748
287749
287752
287753
287759
287761
287762
287765
287766
287772
287774
287775
287776
287777
287778
287779
287780
287781
287782
287783
287784
287785
287786
287787
287789
287790
287792
287793
287799
287801
287802
287808
287810
287812
287817
287818
287824
287825
287826
287827
287828
287829
287837
287840
287843
287844
287845
287846
287854
287857
287860
287861
287863
287864
287875
287880
287882
287884
287885
287891
287893
287895
287896
287897
287898
287899
287900
287901
287902
287903
287904
287905
287906
287907
287908
287909
287910
287911
287912
287913
287914
287915
287918
287919
287920
287921
287923
287924
287925
287926
287927
287928
287929
287932
287933
287936
287940
287945
287948
287953
287956
287961
287964
287969
287970
287972
287973
287974
287975
287976
287977
287978
287979
287980
287981
287982
287983
287984
287987
287988
287991
287995
288000
288003
288008
288011
288016
288019
288024
288025
288027
288028
288029
288030
288035
288041
288042
288045
288046
288047
288048
288049
288050
288051
288052
288053
288062
288064
288067
288078
288080
288083
288094
288096
288098
288102
288104
288105
288112
288113
288114
288115
288116
288117
288125
288128
288131
288132
288133
288134
288142
288145
288148
288149
288151
288152
288177
288184
288189
288193
288195
288197
288198
288205
288209
288211
288212
288213
288217
288218
288219
288220
288221
288222
288223
288224
288227
288228
288231
288235
288240
288243
288248
288251
288256
288259
288264
288265
288267
288268
288269
288270
288271
288272
288273
288274
288275
288278
288281
288282
288283
288284
288285
288287
288289
288291
288294
288295
288302
288304
288306
288309
288310
288317
288319
288320
288321
288322
288323
288324
288325
288326
288327
288328
288329
288330
288331
288333
288334
288336
288342
288344
288350
288352
288355
288367
288368
288369
288370
288371
288372
288380
288383
288386
288387
288388
288399
288404
288407
288409
288421
288424
288426
288427
288428
288429
288430
288431
288432
288433
288434
288435
288436
288437
288438
288439
288440
288441
288442
288443
288444
288445
288446
288449
288450
288451
288453
288454
288455
288456
288457
288458
288459
288462
288463
288466
288470
288475
288478
288483
288484
288486
288487
288488
288489
288490
288491
288492
288493
288494
288495
288496
288497
288498
288501
288502
288505
288509
288514
288517
288522
288523
288525
288526
288527
288528
288533
288539
288540
288543
288544
288545
288546
288547
288548
288549
288550
288551
288560
288562
288575
288577
288590
288592
288595
288597
288601
288602
288603
288604
288605
288606
288614
288617
288620
288621
288622
288647
288655
288657
288661
288663
288665
288669
288673
288675
288676
288677
288681
288682
288683
288684
288685
288686
288687
288690
288691
288694
288698
288703
288706
288711
288712
288714
288715
288716
288717
288718
288719
288720
288721
288722
288725
288728
288729
288730
288731
288732
288736
288738
288741
288742
288750
288752
288754
288757
288758
288766
288768
288769
288770
288771
288772
288773
288774
288775
288776
288777
288778
288779
288780
288782
288783
288785
288791
288793
288799
288801
288804
288816
288817
288818
288819
288820
288821
288829
288832
288835
288836
288837
288848
288853
288856
288858
288870
288873
288875
288876
288877
288878
288879
288880
288881
288882
288883
288884
288885
288886
288887
288888
288889
288890
288891
288892
288893
288894
288895
288898
288899
288900
288902
288903
288904
288905
288906
288907
288908
288911
288912
288915
288919
288924
288927
288932
288933
288935
288936
288937
288938
288939
288940
288941
288942
288943
288944
288945
288946
288947
288950
288951
288954
288958
288963
288966
288971
288972
288974
288975
288976
288977
288982
288988
288989
288992
288993
288994
288995
288996
288997
288998
288999
289000
289009
289011
289024
289026
289039
289041
289044
289046
289050
289051
289052
289053
289054
289055
289063
289066
289069
289070
289071
289096
289104
289106
289110
289112
289114
289118
289122
289124
289125
289126
289130
289131
289132
289133
289134
289135
289136
289139
289140
289143
289147
289152
289155
289160
289161
289163
289164
289165
289166
289167
289168
289169
289170
289171
289174
289177
289178
289179
289180
289181
289185
289187
289190
289191
289199
289201
289203
289206
289207
289215
289217
289218
289219
289220
289221
289222
289223
289224
289225
289226
289227
289228
289229
289231
289232
289234
289240
289242
289248
289250
289253
289265
289266
289267
289268
289269
289270
289278
289281
289284
289285
289286
289297
289302
289305
289307
289319
289322
289324
289325
289326
289327
289328
289329
289330
289331
289332
289333
289334
289335
289336
289337
289338
289339
289340
289341
289342
289343
289344
289347
289348
289349
289351
289352
289353
289354
289355
289356
289357
289360
289361
289364
289368
289373
289376
289381
289382
289384
289385
289386
289387
289388
289389
289390
289391
289392
289393
289394
289395
289396
289399
289400
289403
289407
289412
289415
289420
289421
289423
289424
289425
289426
289431
289437
289438
289441
289442
289443
289444
289445
289446
289447
289448
289449
289458
289460
289473
289475
289488
289490
289493
289495
289499
289500
289501
289502
289503
289504
289512
289515
289518
289519
289520
289545
289553
289555
289559
289561
289563
289567
289571
289573
289574
289575
289579
289580
289581
289582
289583
289584
289585
289588
289589
289592
289596
289601
289604
289609
289610
289612
289613
289614
289615
289616
289617
289618
289619
289620
289623
289626
289627
289628
289629
289630
289634
289636
289639
289640
289648
289650
289652
289655
289656
289664
289666
289667
289668
289669
289670
289671
289672
289673
289674
289675
289676
289677
289678
289680
289681
289683
289689
289691
289697
289699
289702
289714
289715
289716
289717
289718
289719
289727
289730
289733
289734
289735
289746
289751
289754
289756
289768
289771
289773
289774
289775
289776
289777
289778
289779
289780
289781
289782
289783
289784
289785
289786
289787
289788
289789
289790
289791
289792
289793
289796
289797
289798
289800
289801
289802
289803
289804
289805
289806
289809
289810
289813
289817
289822
289825
289830
289831
289833
289834
289835
289836
289837
289838
289839
289840
289841
289842
289843
289844
289845
289848
289849
289852
289856
289861
289864
289869
289870
289872
289873
289874
289875
289880
289886
289887
289890
289891
289892
289893
289894
289895
289896
289897
289898
289907
289909
289922
289924
289937
289939
289942
289944
289948
289949
289950
289951
289952
289953
289961
289964
289967
289968
289969
289994
290002
290004
290008
290010
290012
290016
290020
290022
290023
290024
290028
290029
290030
290031
290032
290033
290034
290037
290038
290041
290045
290050
290053
290058
290059
290061
290062
290063
290064
290065
290066
290067
290068
290069
290072
290075
290076
290077
290078
290079
290082
290084
290087
290089
290094
290095
290096
290098
290101
290103
290108
290109
290110
290112
290113
290114
290115
290116
290117
290119
290123
290124
290135
290139
290140
290151
290155
290158
290162
290163
290167
290174
290179
290183
290187
290188
290192
290199
290204
290208
290212
290213
290216
290217
290218
290221
290222
290225
290226
290227
290228
290229
290230
290231
290232
290241
290243
290256
290258
290271
290273
290276
290278
290282
290283
290284
290285
290286
290287
290295
290298
290301
290302
290303
290328
290336
290338
290342
290344
290346
290350
290354
290356
290357
290358
290362
290363
290364
290365
290366
290367
290368
290371
290372
290375
290379
290384
290387
290392
290393
290395
290396
290397
290398
290399
290400
290401
290402
290403
290404
290407
290408
290409
290410
290411
290412
290413
290414
290415
290416
290417
290420
290421
290422
290424
290425
290426
290427
290428
290429
290430
290433
290434
290437
290441
290446
290449
290454
290455
290457
290458
290459
290460
290461
290462
290463
290464
290465
290466
290467
290468
290469
290472
290473
290476
290480
290485
290488
290493
290494
290496
290497
290498
290499
290504
290510
290511
290514
290515
290516
290517
290518
290519
290520
290521
290522
290531
290533
290546
290548
290561
290563
290566
290568
290572
290573
290574
290575
290576
290577
290585
290588
290591
290592
290593
290618
290626
290628
290632
290634
290636
290640
290644
290646
290647
290648
290652
290653
290654
290655
290656
290657
290658
290661
290662
290665
290669
290674
290677
290682
290683
290685
290686
290687
290688
290689
290690
290691
290692
290693
290696
290699
290700
290701
290702
290703
290706
290710
290711
290726
290727
290728
290729
290730
290734
290735
290750
290751
290752
290753
290754
290758
290760
290764
290765
290768
290789
290793
290794
290797
290818
290822
290823
290824
290825
290826
290827
290828
290829
290830
290831
290832
290834
290839
290848
290851
290872
290876
290879
290900
290904
290906
290912
290918
290927
290928
290929
290931
290932
290933
290934
290935
290936
290937
290943
290944
290946
290947
290948
290956
290959
290962
290963
290967
290972
290974
290975
290977
290978
290979
290987
290990
290993
290994
290998
291003
291005
291006
291008
291009
291010
291018
291021
291024
291025
291029
291034
291036
291037
291039
291040
291041
291049
291052
291055
291056
291060
291065
291067
291068
291070
291071
291072
291080
291083
291086
291087
291091
291096
291098
291099
291101
291102
291103
291111
291114
291117
291118
291122
291127
291129
291130
291132
291133
291134
291142
291145
291148
291149
291153
291158
291160
291161
291163
291164
291165
291173
291176
291179
291180
291184
291189
291190
291191
291192
291193
291194
291243
291263
291268
291272
291276
291282
291291
291295
291299
291300
291301
291305
291306
291307
291308
291309
291310
291311
291312
291315
291317
291318
291320
291321
291323
291324
291325
291327
291329
291334
291352
291357
291361
291362
291363
291364
291367
291368
291369
291371
291372
291373
291374
291375
291376
291377
291378
291379
291381
291382
291386
291387
291393
291418
291427
291431
291432
291438
291463
291472
291476
291477
291478
291479
291482
291488
291489
291493
291497
291498
291499
291504
291508
291509
291510
291517
291518
291519
291520
291528
291537
291541
291542
291546
291550
291551
291552
291557
291561
291562
291563
291570
291571
291572
291573
291581
291590
291594
291595
291596
291597
291598
291599
291600
291601
291602
291603
291605
291609
291611
291613
291616
291617
291624
291626
291628
291631
291632
291639
291641
291642
291643
291644
291645
291646
291647
291648
291649
291650
291651
291652
291653
291654
291656
291657
291659
291665
291667
291673
291675
291678
291690
291691
291692
291693
291694
291695
291703
291706
291709
291710
291711
291722
291727
291730
291732
291744
291747
291749
291750
291751
291752
291753
291754
291755
291756
291757
291758
291759
291760
291761
291762
291763
291764
291765
291766
291767
291768
291769
291772
291773
291774
291776
291777
291778
291779
291780
291781
291782
291785
291786
291789
291793
291798
291801
291806
291807
291809
291810
291811
291812
291813
291814
291815
291816
291817
291818
291819
291820
291821
291824
291825
291828
291832
291837
291840
291845
291846
291848
291849
291850
291851
291856
291862
291863
291866
291867
291868
291869
291870
291871
291872
291873
291874
291883
291885
291898
291900
291913
291915
291918
291920
291924
291925
291926
291927
291928
291929
291937
291940
291943
291944
291945
291970
291978
291980
291984
291986
291988
291992
291996
291998
291999
292000
292004
292005
292006
292007
292008
292009
292010
292013
292014
292017
292021
292026
292029
292034
292035
292037
292038
292039
292040
292041
292042
292043
292044
292045
292048
292051
292052
292053
292054
292055
292060
292062
292067
292074
292076
292078
292083
292090
292092
292093
292094
292095
292096
292097
292098
292099
292100
292101
292102
292103
292104
292106
292107
292109
292115
292117
292123
292125
292128
292140
292141
292142
292143
292144
292145
292153
292156
292159
292160
292161
292172
292177
292180
292182
292194
292197
292199
292200
292201
292202
292203
292204
292205
292206
292207
292208
292209
292210
292211
292212
292213
292214
292215
292216
292217
292218
292219
292222
292223
292224
292226
292227
292228
292229
292230
292231
292232
292235
292236
292239
292243
292248
292251
292256
292257
292259
292260
292261
292262
292263
292264
292265
292266
292267
292268
292269
292270
292271
292274
292275
292278
292282
292287
292290
292295
292296
292298
292299
292300
292301
292306
292312
292313
292316
292317
292318
292319
292320
292321
292322
292323
292324
292333
292335
292348
292350
292363
292365
292368
292370
292374
292375
292376
292377
292378
292379
292387
292390
292393
292394
292395
292420
292428
292430
292434
292436
292438
292442
292446
292448
292449
292450
292454
292455
292456
292457
292458
292459
292460
292463
292464
292467
292471
292476
292479
292484
292485
292487
292488
292489
292490
292491
292492
292493
292494
292495
292498
292501
292502
292503
292504
292505
292510
292512
292517
292524
292526
292528
292533
292540
292542
292543
292544
292545
292546
292547
292548
292549
292550
292551
292552
292553
292554
292556
292557
292559
292565
292567
292573
292575
292578
292590
292591
292592
292593
292594
292595
292603
292606
292609
292610
292611
292622
292627
292630
292632
292644
292647
292649
292650
292651
292652
292653
292654
292655
292656
292657
292658
292659
292660
292661
292662
292663
292664
292665
292666
292667
292668
292669
292672
292673
292674
292676
292677
292678
292679
292680
292681
292682
292685
292686
292689
292693
292698
292701
292706
292707
292709
292710
292711
292712
292713
292714
292715
292716
292717
292718
292719
292720
292721
292724
292725
292728
292732
292737
292740
292745
292746
292748
292749
292750
292751
292756
292762
292763
292766
292767
292768
292769
292770
292771
292772
292773
292774
292783
292785
292798
292800
292813
292815
292818
292820
292824
292825
292826
292827
292828
292829
292837
292840
292843
292844
292845
292870
292878
292880
292884
292886
292888
292892
292896
292898
292899
292900
292904
292905
292906
292907
292908
292909
292910
292913
292914
292917
292921
292926
292929
292934
292935
292937
292938
292939
292940
292941
292942
292943
292944
292945
292948
292951
292952
292953
292954
292955
292960
292962
292967
292974
292976
292978
292983
292990
292992
292993
292994
292995
292996
292997
292998
292999
293000
293001
293002
293003
293004
293006
293007
293009
293015
293017
293023
293025
293028
293040
293041
293042
293043
293044
293045
293053
293056
293059
293060
293061
293072
293077
293080
293082
293094
293097
293099
293100
293101
293102
293103
293104
293105
293106
293107
293108
293109
293110
293111
293112
293113
293114
293115
293116
293117
293118
293119
293122
293123
293124
293126
293127
293128
293129
293130
293131
293132
293135
293136
293139
293143
293148
293151
293156
293157
293159
293160
293161
293162
293163
293164
293165
293166
293167
293168
293169
293170
293171
293174
293175
293178
293182
293187
293190
293195
293196
293198
293199
293200
293201
293206
293212
293213
293216
293217
293218
293219
293220
293221
293222
293223
293224
293233
293235
293248
293250
293263
293265
293268
293270
293274
293275
293276
293277
293278
293279
293287
293290
293293
293294
293295
293320
293328
293330
293334
293336
293338
293342
293346
293348
293349
293350
293354
293355
293356
293357
293358
293359
293360
293363
293364
293367
293371
293376
293379
293384
293385
293387
293388
293389
293390
293391
293392
293393
293394
293395
293398
293401
293402
293403
293404
293405
293409
293414
293419
293421
293426
293431
293433
293434
293435
293436
293437
293438
293439
293441
293448
293449
293452
293453
293456
293457
293461
293462
293469
293474
293478
293479
293482
293483
293486
293487
293491
293492
293499
293504
293508
293509
293510
293511
293512
293513
293514
293515
293516
293517
293518
293520
293521
293523
293524
293525
293526
293527
293528
293529
293530
293531
293532
293535
293536
293539
293543
293548
293551
293556
293559
293564
293567
293572
293573
293575
293576
293577
293578
293580
293583
293584
293585
293586
293587
293588
293589
293590
293591
293592
293593
293594
293597
293598
293599
293600
293601
293602
293610
293613
293616
293617
293618
293619
293627
293630
293633
293634
293636
293637
293638
293639
293640
293641
293642
293643
293651
293654
293657
293658
293659
293660
293668
293671
293674
293675
293677
293678
293684
293685
293687
293690
293693
293695
293706
293707
293708
293709
293710
293711
293712
293713
293714
293716
293722
293724
293726
293727
293730
293734
293735
293736
293737
293738
293739
293741
293745
293747
293749
293752
293753
293760
293762
293764
293767
293768
293775
293777
293778
293779
293780
293781
293782
293783
293784
293785
293786
293787
293788
293789
293790
293792
293793
293795
293801
293803
293809
293811
293814
293826
293827
293828
293829
293830
293831
293839
293842
293845
293846
293847
293858
293863
293866
293868
293880
293883
293885
293886
293887
293888
293889
293890
293891
293892
293893
293894
293895
293896
293897
293898
293899
293900
293901
293902
293903
293904
293905
293908
293909
293910
293912
293913
293914
293915
293916
293917
293918
293921
293922
293925
293929
293934
293937
293942
293943
293945
293946
293947
293948
293949
293950
293951
293952
293953
293954
293955
293956
293957
293960
293961
293964
293968
293973
293976
293981
293982
293984
293985
293986
293987
293992
293998
293999
294002
294003
294004
294005
294006
294007
294008
294009
294010
294019
294021
294034
294036
294049
294051
294054
294056
294060
294061
294062
294063
294064
294065
294073
294076
294079
294080
294081
294106
294114
294116
294120
294122
294124
294128
294132
294134
294135
294136
294140
294141
294142
294143
294144
294145
294146
294149
294150
294153
294157
294162
294165
294170
294171
294173
294174
294175
294176
294177
294178
294179
294180
294181
294184
294187
294188
294189
294190
294191
294196
294198
294203
294210
294212
294214
294219
294226
294228
294229
294230
294231
294232
294233
294234
294235
294236
294237
294238
294239
294240
294242
294243
294245
294251
294253
294259
294261
294264
294276
294277
294278
294279
294280
294281
294289
294292
294295
294296
294297
294308
294313
294316
294318
294330
294333
294335
294336
294337
294338
294339
294340
294341
294342
294343
294344
294345
294346
294347
294348
294349
294350
294351
294352
294353
294354
294355
294358
294359
294360
294362
294363
294364
294365
294366
294367
294368
294371
294372
294375
294379
294384
294387
294392
294393
294395
294396
294397
294398
294399
294400
294401
294402
294403
294404
294405
294406
294407
294410
294411
294414
294418
294423
294426
294431
294432
294434
294435
294436
294437
294442
294448
294449
294452
294453
294454
294455
294456
294457
294458
294459
294460
294469
294471
294484
294486
294499
294501
294504
294506
294510
294511
294512
294513
294514
294515
294523
294526
294529
294530
294531
294556
294564
294566
294570
294572
294574
294578
294582
294584
294585
294586
294590
294591
294592
294593
294594
294595
294596
294599
294600
294603
294607
294612
294615
294620
294621
294623
294624
294625
294626
294627
294628
294629
294630
294631
294634
294637
294638
294639
294640
294641
294646
294648
294653
294660
294662
294664
294669
294676
294678
294679
294680
294681
294682
294683
294684
294685
294686
294687
294688
294689
294690
294692
294693
294695
294701
294703
294709
294711
294714
294726
294727
294728
294729
294730
294731
294739
294742
294745
294746
294747
294758
294763
294766
294768
294780
294783
294785
294786
294787
294788
294789
294790
294791
294792
294793
294794
294795
294796
294797
294798
294799
294800
294801
294802
294803
294804
294805
294808
294809
294810
294812
294813
294814
294815
294816
294817
294818
294821
294822
294825
294829
294834
294837
294842
294843
294845
294846
294847
294848
294849
294850
294851
294852
294853
294854
294855
294856
294857
294860
294861
294864
294868
294873
294876
294881
294882
294884
294885
294886
294887
294892
294898
294899
294902
294903
294904
294905
294906
294907
294908
294909
294910
294919
294921
294934
294936
294949
294951
294954
294956
294960
294961
294962
294963
294964
294965
294973
294976
294979
294980
294981
295006
295014
295016
295020
295022
295024
295028
295032
295034
295035
295036
295040
295041
295042
295043
295044
295045
295046
295049
295050
295053
295057
295062
295065
295070
295071
295073
295074
295075
295076
295077
295078
295079
295080
295081
295084
295087
295088
295089
295090
295091
295096
295098
295103
295110
295112
295114
295119
295126
295128
295129
295130
295131
295132
295133
295134
295135
295136
295137
295138
295139
295140
295142
295143
295145
295151
295153
295159
295161
295164
295176
295177
295178
295179
295180
295181
295189
295192
295195
295196
295197
295208
295213
295216
295218
295230
295233
295235
295236
295237
295238
295239
295240
295241
295242
295243
295244
295245
295246
295247
295248
295249
295250
295251
295252
295253
295254
295255
295258
295259
295260
295262
295263
295264
295265
295266
295267
295268
295271
295272
295275
295279
295284
295287
295292
295293
295295
295296
295297
295298
295299
295300
295301
295302
295303
295304
295305
295306
295307
295310
295311
295314
295318
295323
295326
295331
295332
295334
295335
295336
295337
295342
295348
295349
295352
295353
295354
295355
295356
295357
295358
295359
295360
295369
295371
295384
295386
295399
295401
295404
295406
295410
295411
295412
295413
295414
295415
295423
295426
295429
295430
295431
295456
295464
295466
295470
295472
295474
295478
295482
295484
295485
295486
295490
295491
295492
295493
295494
295495
295496
295499
295500
295503
295507
295512
295515
295520
295521
295523
295524
295525
295526
295527
295528
295529
295530
295531
295534
295537
295538
295539
295540
295541
295545
295550
295555
295557
295562
295567
295569
295570
295571
295572
295573
295574
295575
295580
295581
295584
295585
295588
295589
295593
295594
295601
295606
295610
295611
295614
295615
295618
295619
295623
295624
295631
295636
295640
295641
295642
295643
295644
295645
295646
295647
295648
295649
295650
295651
295653
295654
295656
295657
295658
295659
295660
295661
295662
295663
295664
295665
295668
295669
295672
295676
295681
295684
295689
295692
295697
295700
295705
295706
295708
295709
295710
295711
295713
295716
295717
295718
295719
295720
295721
295722
295723
295724
295725
295726
295727
295730
295731
295732
295733
295734
295735
295743
295746
295749
295750
295751
295752
295760
295763
295766
295767
295769
295770
295771
295772
295773
295774
295775
295776
295784
295787
295790
295791
295792
295793
295801
295804
295807
295808
295810
295811
295817
295818
295820
295823
295826
295828
295839
295840
295841
295842
295843
295844
295845
295846
295847
295852
295857
295858
295863
295864
295873
295876
295883
295887
295888
295897
295900
295907
295911
295912
295920
295921
295922
295923
295924
295925
295926
295927
295928
295930
295931
295935
295937
295938
295939
295940
295941
295942
295950
295953
295956
295957
295958
295959
295967
295970
295973
295974
295976
295977
295981
295988
295989
295990
295991
295992
295993
296001
296004
296007
296008
296009
296010
296018
296021
296024
296025
296027
296028
296029
296030
296031
296032
296033
296034
296042
296045
296048
296049
296050
296051
296059
296062
296065
296066
296068
296069
296070
296071
296072
296073
296074
296075
296083
296086
296089
296090
296091
296092
296100
296103
296106
296107
296109
296110
296111
296119
296121
296124
296128
296134
296141
296148
296153
296156
296163
296168
296179
296182
296189
296193
296198
296205
296210
296213
296220
296225
296236
296239
296246
296250
296255
296262
296267
296270
296277
296282
296293
296296
296303
296307
296310
296312
296317
296323
296326
296330
296331
296340
296341
296342
296343
296344
296345
296346
296353
296354
296357
296361
296372
296373
296374
296375
296376
296380
296381
296384
296388
296399
296400
296401
296402
296403
296407
296408
296410
296411
296412
296413
296414
296415
296416
296417
296418
296420
296425
296434
296437
296458
296462
296465
296486
296490
296492
296498
296504
296513
296514
296515
296517
296518
296519
296520
296521
296522
296523
296529
296530
296532
296533
296534
296542
296545
296548
296549
296553
296558
296560
296561
296563
296564
296565
296573
296576
296579
296580
296584
296589
296591
296592
296594
296595
296596
296604
296607
296610
296611
296615
296620
296622
296623
296625
296626
296627
296635
296638
296641
296642
296646
296651
296653
296654
296656
296657
296658
296666
296669
296672
296673
296677
296682
296684
296685
296687
296688
296689
296697
296700
296703
296704
296708
296713
296715
296716
296718
296719
296720
296728
296731
296734
296735
296739
296744
296746
296747
296749
296750
296751
296759
296762
296765
296766
296770
296775
296776
296777
296778
296779
296780
296829
296849
296854
296858
296862
296868
296877
296881
296885
296886
296887
296891
296892
296893
296894
296895
296896
296897
296898
296901
296903
296904
296906
296907
296909
296910
296911
296913
296915
296920
296938
296943
296947
296948
296949
296950
296953
296954
296955
296957
296958
296959
296960
296961
296962
296963
296964
296965
296966
296968
296971
296972
296973
296974
296975
296976
296977
296985
296998
297000
297002
297003
297004
297005
297006
297007
297008
297009
297010
297011
297012
297013
297014
297016
297019
297021
297024
297025
297026
297028
297029
297031
297034
297036
297037
297039
297042
297046
297047
297048
297049
297050
297052
297056
297059
297064
297070
297071
297072
297073
297074
297075
297078
297079
297081
297083
297085
297091
297092
297095
297096
297098
297099
297101
297105
297106
297114
297116
297117
297119
297120
297123
297127
297130
297131
297132
297134
297140
297144
297147
297150
297151
297153
297154
297156
297162
297166
297171
297172
297173
297174
297175
297176
297177
297187
297188
297189
297190
297191
297192
297193
297196
297197
297199
297201
297203
297209
297210
297213
297214
297216
297217
297219
297223
297224
297232
297234
297235
297237
297238
297241
297245
297248
297249
297250
297252
297258
297262
297265
297268
297269
297271
297272
297274
297280
297284
297289
297290
297291
297292
297293
297294
297296
297297
297298
297302
297305
297310
297316
297317
297318
297319
297320
297321
297324
297325
297327
297329
297331
297337
297338
297341
297342
297344
297345
297347
297351
297352
297360
297362
297363
297365
297366
297369
297373
297376
297377
297378
297380
297386
297390
297393
297396
297397
297399
297400
297402
297408
297412
297417
297418
297419
297420
297421
297422
297423
297433
297434
297435
297436
297437
297438
297439
297442
297443
297445
297447
297449
297455
297456
297459
297460
297462
297463
297465
297469
297470
297478
297480
297481
297483
297484
297487
297491
297494
297495
297496
297498
297504
297508
297511
297514
297515
297517
297518
297520
297526
297530
297535
297536
297537
297538
297539
297540
297542
297543
297544
297548
297550
297551
297558
297559
297560
297561
297564
297565
297566
297567
297568
297569
297570
297571
297572
297573
297576
297577
297589
297591
297592
297604
297606
297607
297611
297612
297613
297615
297616
297617
297618
297619
297620
297621
297627
297628
297630
297631
297632
297640
297643
297646
297647
297651
297656
297658
297659
297661
297662
297663
297671
297674
297677
297678
297682
297687
297689
297690
297692
297693
297694
297702
297705
297708
297709
297713
297718
297720
297721
297723
297724
297725
297733
297736
297739
297740
297744
297749
297751
297752
297754
297755
297756
297764
297767
297770
297771
297775
297780
297782
297783
297785
297786
297787
297795
297798
297801
297802
297806
297811
297813
297814
297816
297817
297818
297826
297829
297832
297833
297837
297842
297844
297845
297847
297848
297849
297857
297860
297863
297864
297868
297873
297874
297875
297876
297877
297878
297901
297903
297904
297905
297906
297907
297908
297909
297912
297913
297914
297915
297916
297917
297918
297919
297920
297921
297922
297925
297926
297938
297940
297941
297953
297955
297956
297960
297961
297962
297964
297965
297966
297967
297968
297969
297970
297976
297977
297979
297980
297981
297989
297992
297995
297996
298000
298005
298007
298008
298010
298011
298012
298020
298023
298026
298027
298031
298036
298038
298039
298041
298042
298043
298051
298054
298057
298058
298062
298067
298069
298070
298072
298073
298074
298082
298085
298088
298089
298093
298098
298100
298101
298103
298104
298105
298113
298116
298119
298120
298124
298129
298131
298132
298134
298135
298136
298144
298147
298150
298151
298155
298160
298162
298163
298165
298166
298167
298175
298178
298181
298182
298186
298191
298193
298194
298196
298197
298198
298206
298209
298212
298213
298217
298222
298223
298224
298225
298226
298227
298250
298252
298253
298254
298255
298256
298257
298260
298263
298272
298273
298274
298275
298276
298277
298280
298281
298283
298285
298287
298293
298294
298297
298298
298300
298301
298303
298307
298308
298316
298318
298319
298321
298322
298325
298329
298332
298333
298334
298336
298342
298346
298349
298352
298353
298355
298356
298358
298364
298368
298373
298374
298375
298376
298377
298378
298381
298382
298387
298388
298389
298390
298391
298392
298395
298396
298398
298400
298402
298408
298409
298412
298413
298415
298416
298418
298422
298423
298431
298433
298434
298436
298437
298440
298444
298447
298448
298449
298451
298457
298461
298464
298467
298468
298470
298471
298473
298479
298483
298488
298489
298490
298491
298492
298493
298496
298497
298499
298506
298507
298508
298509
298510
298511
298514
298515
298517
298519
298521
298527
298528
298531
298532
298534
298535
298537
298541
298542
298550
298552
298553
298555
298556
298559
298563
298566
298567
298568
298570
298576
298580
298583
298586
298587
298589
298590
298592
298598
298602
298607
298608
298609
298610
298611
298612
298615
298616
298621
298622
298623
298624
298625
298626
298629
298630
298632
298634
298636
298642
298643
298646
298647
298649
298650
298652
298656
298657
298665
298667
298668
298670
298671
298674
298678
298681
298682
298683
298685
298691
298695
298698
298701
298702
298704
298705
298707
298713
298717
298722
298723
298724
298725
298726
298727
298730
298731
298733
298735
298739
298743
298746
298752
298755
298762
298765
298766
298768
298774
298778
298800
298803
298810
298813
298814
298816
298822
298826
298848
298850
298852
298854
298857
298863
298866
298873
298876
298877
298879
298885
298889
298911
298914
298921
298924
298925
298927
298933
298937
298959
298961
298963
298965
298968
298974
298977
298984
298987
298988
298990
298996
299000
299022
299025
299032
299035
299036
299038
299044
299048
299070
299072
299074
299076
299079
299085
299088
299095
299098
299099
299101
299107
299111
299133
299136
299143
299146
299147
299149
299155
299159
299181
299183
299185
299187
299190
299196
299199
299206
299209
299210
299212
299218
299222
299244
299247
299254
299257
299258
299260
299266
299270
299292
299294
299296
299298
299301
299307
299310
299317
299320
299321
299323
299329
299333
299355
299358
299365
299368
299369
299371
299377
299381
299403
299405
299407
299410
299413
299414
299415
299416
299417
299418
299419
299421
299426
299435
299438
299459
299463
299466
299487
299491
299493
299499
299505
299514
299515
299516
299518
299519
299520
299521
299522
299523
299524
299530
299531
299533
299534
299535
299543
299546
299549
299550
299554
299559
299561
299562
299564
299565
299566
299574
299577
299580
299581
299585
299590
299592
299593
299595
299596
299597
299605
299608
299611
299612
299616
299621
299623
299624
299626
299627
299628
299636
299639
299642
299643
299647
299652
299654
299655
299657
299658
299659
299667
299670
299673
299674
299678
299683
299685
299686
299688
299689
299690
299698
299701
299704
299705
299709
299714
299716
299717
299719
299720
299721
299729
299732
299735
299736
299740
299745
299747
299748
299750
299751
299752
299760
299763
299766
299767
299771
299776
299777
299778
299779
299780
299781
299830
299850
299855
299859
299863
299869
299878
299882
299886
299887
299888
299892
299893
299894
299895
299896
299897
299898
299899
299902
299904
299905
299907
299908
299910
299911
299912
299914
299916
299921
299939
299944
299948
299949
299950
299951
299954
299955
299956
299958
299959
299960
299961
299962
299963
299964
299965
299966
299967
299972
299975
299983
299994
299998
300001
300009
300020
300024
300025
300026
300027
300028
300029
300030
300031
300032
300034
300038
300039
300041
300042
300050
300056
300058
300059
300067
300073
300075
300076
300077
300078
300079
300080
300081
300082
300083
300084
300085
300086
300087
300088
300090
300091
300093
300094
300100
300102
300103
300109
300111
300113
300118
300119
300125
300126
300127
300128
300129
300130
300133
300134
300135
300143
300146
300149
300153
300154
300155
300156
300164
300167
300170
300174
300175
300176
300177
300185
300188
300191
300195
300196
300197
300198
300206
300209
300212
300216
300217
300218
300219
300230
300235
300237
300239
300240
300246
300248
300250
300251
300252
300253
300254
300255
300256
300257
300258
300259
300260
300261
300262
300263
300264
300265
300266
300267
300268
300269
300270
300273
300274
300275
300276
300278
300279
300280
300281
300282
300283
300284
300287
300288
300291
300295
300300
300303
300308
300311
300316
300319
300324
300327
300332
300335
300340
300343
300348
300351
300356
300357
300359
300360
300361
300362
300363
300364
300365
300366
300367
300368
300369
300370
300371
300374
300375
300378
300382
300387
300390
300395
300398
300403
300406
300411
300414
300419
300422
300427
300430
300435
300438
300443
300444
300446
300447
300448
300449
300452
300453
300459
300460
300463
300464
300465
300466
300467
300468
300469
300473
300474
300481
300482
300489
300492
300496
300497
300504
300507
300511
300512
300516
300520
300522
300523
300532
300533
300534
300535
300536
300537
300540
300541
300542
300550
300553
300556
300560
300561
300562
300563
300571
300574
300577
300581
300582
300583
300584
300592
300595
300598
300602
300603
300604
300605
300613
300616
300619
300623
300624
300625
300626
300629
300634
300649
300654
300659
300664
300668
300672
300674
300675
300684
300688
300692
300693
300694
300695
300699
300700
300701
300702
300703
300704
300705
300706
300709
300710
300713
300717
300722
300725
300730
300733
300738
300741
300746
300749
300754
300757
300762
300765
300770
300773
300778
300779
300781
300782
300783
300784
300785
300786
300787
300788
300789
300792
300795
300796
300797
300798
300799
300801
300802
300804
300805
300808
300809
300815
300817
300818
300821
300822
300828
300830
300831
300832
300833
300834
300835
300836
300837
300838
300839
300840
300841
300842
300843
300845
300846
300848
300849
300855
300857
300858
300864
300866
300868
300873
300874
300880
300881
300882
300883
300884
300885
300893
300896
300899
300900
300901
300902
300910
300913
300916
300917
300919
300920
300931
300936
300938
300940
300941
300947
300949
300951
300952
300953
300954
300955
300956
300957
300958
300959
300960
300961
300962
300963
300964
300965
300966
300967
300968
300969
300970
300971
300974
300975
300976
300977
300979
300980
300981
300982
300983
300984
300985
300988
300989
300992
300996
301001
301004
301009
301012
301017
301020
301025
301026
301028
301029
301030
301031
301032
301033
301034
301035
301036
301037
301038
301039
301040
301043
301044
301047
301051
301056
301059
301064
301067
301072
301075
301080
301081
301083
301084
301085
301086
301091
301097
301098
301101
301102
301103
301104
301105
301106
301107
301108
301109
301118
301120
301123
301134
301136
301139
301150
301152
301154
301158
301160
301161
301168
301169
301170
301171
301172
301173
301181
301184
301187
301188
301189
301190
301198
301201
301204
301205
301207
301208
301233
301240
301245
301249
301251
301253
301254
301261
301265
301267
301268
301269
301273
301274
301275
301276
301277
301278
301279
301280
301283
301284
301287
301291
301296
301299
301304
301307
301312
301315
301320
301321
301323
301324
301325
301326
301327
301328
301329
301330
301331
301334
301337
301338
301339
301340
301341
301343
301345
301347
301350
301351
301358
301360
301362
301365
301366
301373
301375
301376
301377
301378
301379
301380
301381
301382
301383
301384
301385
301386
301387
301389
301390
301392
301398
301400
301406
301408
301411
301423
301424
301425
301426
301427
301428
301436
301439
301442
301443
301444
301455
301460
301463
301465
301477
301480
301482
301483
301484
301485
301486
301487
301488
301489
301490
301491
301492
301493
301494
301495
301496
301497
301498
301499
301500
301501
301502
301505
301506
301507
301509
301510
301511
301512
301513
301514
301515
301518
301519
301522
301526
301531
301534
301539
301540
301542
301543
301544
301545
301546
301547
301548
301549
301550
301551
301552
301553
301554
301557
301558
301561
301565
301570
301573
301578
301579
301581
301582
301583
301584
301589
301595
301596
301599
301600
301601
301602
301603
301604
301605
301606
301607
301616
301618
301631
301633
301646
301648
301651
301653
301657
301658
301659
301660
301661
301662
301670
301673
301676
301677
301678
301703
301711
301713
301717
301719
301721
301725
301729
301731
301732
301733
301737
301738
301739
301740
301741
301742
301743
301746
301747
301750
301754
301759
301762
301767
301768
301770
301771
301772
301773
301774
301775
301776
301777
301778
301781
301784
301785
301786
301787
301788
301792
301794
301797
301798
301806
301808
301810
301813
301814
301822
301824
301825
301826
301827
301828
301829
301830
301831
301832
301833
301834
301835
301836
301838
301839
301841
301847
301849
301855
301857
301860
301872
301873
301874
301875
301876
301877
301885
301888
301891
301892
301893
301904
301909
301912
301914
301926
301929
301931
301932
301933
301934
301935
301936
301937
301938
301939
301940
301941
301942
301943
301944
301945
301946
301947
301948
301949
301950
301951
301954
301955
301956
301958
301959
301960
301961
301962
301963
301964
301967
301968
301971
301975
301980
301983
301988
301989
301991
301992
301993
301994
301995
301996
301997
301998
301999
302000
302001
302002
302003
302006
302007
302010
302014
302019
302022
302027
302028
302030
302031
302032
302033
302038
302044
302045
302048
302049
302050
302051
302052
302053
302054
302055
302056
302065
302067
302080
302082
302095
302097
302100
302102
302106
302107
302108
302109
302110
302111
302119
302122
302125
302126
302127
302152
302160
302162
302166
302168
302170
302174
302178
302180
302181
302182
302186
302187
302188
302189
302190
302191
302192
302195
302196
302199
302203
302208
302211
302216
302217
302219
302220
302221
302222
302223
302224
302225
302226
302227
302230
302233
302234
302235
302236
302237
302241
302243
302246
302247
302255
302257
302259
302262
302263
302271
302273
302274
302275
302276
302277
302278
302279
302280
302281
302282
302283
302284
302285
302287
302288
302290
302296
302298
302304
302306
302309
302321
302322
302323
302324
302325
302326
302334
302337
302340
302341
302342
302353
302358
302361
302363
302375
302378
302380
302381
302382
302383
302384
302385
302386
302387
302388
302389
302390
302391
302392
302393
302394
302395
302396
302397
302398
302399
302400
302403
302404
302405
302407
302408
302409
302410
302411
302412
302413
302416
302417
302420
302424
302429
302432
302437
302438
302440
302441
302442
302443
302444
302445
302446
302447
302448
302449
302450
302451
302452
302455
302456
302459
302463
302468
302471
302476
302477
302479
302480
302481
302482
302487
302493
302494
302497
302498
302499
302500
302501
302502
302503
302504
302505
302514
302516
302529
302531
302544
302546
302549
302551
302555
302556
302557
302558
302559
302560
302568
302571
302574
302575
302576
302601
302609
302611
302615
302617
302619
302623
302627
302629
302630
302631
302635
302636
302637
302638
302639
302640
302641
302644
302645
302648
302652
302657
302660
302665
302666
302668
302669
302670
302671
302672
302673
302674
302675
302676
302679
302682
302683
302684
302685
302686
302690
302692
302695
302696
302704
302706
302708
302711
302712
302720
302722
302723
302724
302725
302726
302727
302728
302729
302730
302731
302732
302733
302734
302736
302737
302739
302745
302747
302753
302755
302758
302770
302771
302772
302773
302774
302775
302783
302786
302789
302790
302791
302802
302807
302810
302812
302824
302827
302829
302830
302831
302832
302833
302834
302835
302836
302837
302838
302839
302840
302841
302842
302843
302844
302845
302846
302847
302848
302849
302852
302853
302854
302856
302857
302858
302859
302860
302861
302862
302865
302866
302869
302873
302878
302881
302886
302887
302889
302890
302891
302892
302893
302894
302895
302896
302897
302898
302899
302900
302901
302904
302905
302908
302912
302917
302920
302925
302926
302928
302929
302930
302931
302936
302942
302943
302946
302947
302948
302949
302950
302951
302952
302953
302954
302963
302965
302978
302980
302993
302995
302998
303000
303004
303005
303006
303007
303008
303009
303017
303020
303023
303024
303025
303050
303058
303060
303064
303066
303068
303072
303076
303078
303079
303080
303084
303085
303086
303087
303088
303089
303090
303093
303094
303097
303101
303106
303109
303114
303115
303117
303118
303119
303120
303121
303122
303123
303124
303125
303128
303131
303132
303133
303134
303135
303138
303140
303143
303145
303150
303151
303152
303154
303157
303159
303164
303165
303166
303168
303169
303170
303171
303172
303173
303181
303186
303200
303204
303209
303223
303227
303228
303229
303230
303231
303232
303233
303234
303239
303240
303241
303242
303243
303244
303247
303249
303250
303252
303253
303255
303256
303257
303259
303261
303266
303284
303289
303293
303294
303295
303296
303299
303300
303301
303303
303304
303305
303306
303307
303311
303312
303313
303320
303323
303327
303330
303331
303332
303333
303334
303335
303336
303337
303341
303345
303347
303348
303368
303378
303380
303381
303401
303411
303413
303414
303417
303418
303419
303420
303421
303422
303423
303425
303430
303439
303442
303463
303467
303470
303491
303495
303497
303503
303509
303518
303519
303520
303522
303523
303524
303525
303526
303527
303528
303534
303535
303537
303538
303539
303547
303550
303553
303554
303558
303563
303565
303566
303568
303569
303570
303578
303581
303584
303585
303589
303594
303596
303597
303599
303600
303601
303609
303612
303615
303616
303620
303625
303627
303628
303630
303631
303632
303640
303643
303646
303647
303651
303656
303658
303659
303661
303662
303663
303671
303674
303677
303678
303682
303687
303689
303690
303692
303693
303694
303702
303705
303708
303709
303713
303718
303720
303721
303723
303724
303725
303733
303736
303739
303740
303744
303749
303751
303752
303754
303755
303756
303764
303767
303770
303771
303775
303780
303781
303782
303783
303784
303785
303834
303854
303859
303863
303867
303873
303882
303886
303890
303891
303892
303896
303897
303898
303899
303900
303901
303902
303903
303906
303908
303909
303911
303912
303914
303915
303916
303918
303920
303925
303943
303948
303952
303953
303954
303955
303958
303959
303960
303962
303963
303964
303965
303966
303967
303968
303969
303970
303977
303981
303982
303985
303992
303995
303996
303997
303998
304000
304006
304010
304013
304014
304016
304022
304025
304026
304027
304028
304030
304036
304040
304043
304044
304046
304052
304053
304054
304055
304056
304057
304058
304059
304060
304061
304062
304064
304069
304078
304081
304102
304106
304109
304130
304134
304136
304142
304148
304157
304158
304159
304161
304162
304163
304164
304165
304166
304167
304173
304174
304176
304177
304178
304186
304189
304192
304193
304197
304202
304204
304205
304207
304208
304209
304217
304220
304223
304224
304228
304233
304235
304236
304238
304239
304240
304248
304251
304254
304255
304259
304264
304266
304267
304269
304270
304271
304279
304282
304285
304286
304290
304295
304297
304298
304300
304301
304302
304310
304313
304316
304317
304321
304326
304328
304329
304331
304332
304333
304341
304344
304347
304348
304352
304357
304359
304360
304362
304363
304364
304372
304375
304378
304379
304383
304388
304390
304391
304393
304394
304395
304403
304406
304409
304410
304414
304419
304420
304421
304422
304423
304424
304473
304493
304498
304502
304506
304512
304521
304525
304529
304530
304531
304535
304536
304537
304538
304539
304540
304541
304542
304545
304547
304548
304550
304551
304553
304554
304555
304557
304559
304564
304582
304587
304591
304592
304593
304594
304597
304598
304599
304601
304602
304603
304604
304605
304606
304607
304608
304609
304610
304615
304633
304635
304653
304655
304656
304658
304664
304667
304668
304669
304670
304672
304678
304682
304685
304686
304688
304694
304697
304698
304699
304700
304702
304708
304712
304715
304716
304718
304724
304725
304726
304727
304728
304729
304730
304731
304732
304733
304734
304735
304736
304738
304739
304740
304742
304743
304755
304757
304758
304770
304772
304774
304779
304780
304786
304787
304788
304790
304791
304792
304793
304794
304795
304796
304802
304803
304805
304806
304807
304815
304818
304821
304822
304826
304831
304833
304834
304836
304837
304838
304846
304849
304852
304853
304857
304862
304864
304865
304867
304868
304869
304877
304880
304883
304884
304888
304893
304895
304896
304898
304899
304900
304908
304911
304914
304915
304919
304924
304926
304927
304929
304930
304931
304939
304942
304945
304946
304950
304955
304957
304958
304960
304961
304962
304970
304973
304976
304977
304981
304986
304988
304989
304991
304992
304993
305001
305004
305007
305008
305012
305017
305019
305020
305022
305023
305024
305032
305035
305038
305039
305043
305048
305049
305050
305051
305052
305053
305074
305079
305081
305083
305084
305090
305092
305094
305095
305096
305097
305098
305099
305100
305101
305102
305103
305104
305105
305106
305107
305108
305109
305110
305111
305113
305118
305127
305130
305151
305155
305158
305179
305183
305185
305191
305197
305206
305207
305208
305210
305211
305212
305213
305214
305215
305216
305222
305223
305225
305226
305227
305235
305238
305241
305242
305246
305251
305253
305254
305256
305257
305258
305266
305269
305272
305273
305277
305282
305284
305285
305287
305288
305289
305297
305300
305303
305304
305308
305313
305315
305316
305318
305319
305320
305328
305331
305334
305335
305339
305344
305346
305347
305349
305350
305351
305359
305362
305365
305366
305370
305375
305377
305378
305380
305381
305382
305390
305393
305396
305397
305401
305406
305408
305409
305411
305412
305413
305421
305424
305427
305428
305432
305437
305439
305440
305442
305443
305444
305452
305455
305458
305459
305463
305468
305469
305470
305471
305472
305473
305522
305542
305547
305551
305555
305561
305570
305574
305578
305579
305580
305584
305585
305586
305587
305588
305589
305590
305591
305594
305596
305597
305599
305600
305602
305603
305604
305606
305608
305613
305631
305636
305640
305641
305642
305643
305646
305647
305648
305650
305651
305652
305653
305654
305655
305656
305657
305658
305665
305669
305673
305674
305677
305684
305687
305688
305689
305690
305692
305698
305702
305705
305706
305708
305714
305717
305718
305719
305720
305722
305728
305732
305735
305736
305738
305744
305745
305746
305747
305748
305749
305750
305751
305752
305753
305754
305756
305761
305770
305773
305794
305798
305801
305822
305826
305828
305834
305840
305849
305850
305851
305853
305854
305855
305856
305857
305858
305859
305865
305866
305868
305869
305870
305878
305881
305884
305885
305889
305894
305896
305897
305899
305900
305901
305909
305912
305915
305916
305920
305925
305927
305928
305930
305931
305932
305940
305943
305946
305947
305951
305956
305958
305959
305961
305962
305963
305971
305974
305977
305978
305982
305987
305989
305990
305992
305993
305994
306002
306005
306008
306009
306013
306018
306020
306021
306023
306024
306025
306033
306036
306039
306040
306044
306049
306051
306052
306054
306055
306056
306064
306067
306070
306071
306075
306080
306082
306083
306085
306086
306087
306095
306098
306101
306102
306106
306111
306112
306113
306114
306115
306116
306165
306185
306190
306194
306198
306204
306213
306217
306221
306222
306223
306227
306228
306229
306230
306231
306232
306233
306234
306237
306239
306240
306242
306243
306245
306246
306247
306249
306251
306256
306274
306279
306283
306284
306285
306286
306289
306290
306291
306293
306294
306295
306296
306297
306298
306299
306300
306301
306302
306307
306325
306327
306345
306347
306348
306350
306356
306359
306360
306361
306362
306364
306370
306374
306377
306378
306380
306386
306389
306390
306391
306392
306394
306400
306404
306407
306408
306410
306416
306417
306418
306419
306420
306421
306422
306423
306424
306425
306426
306427
306428
306430
306431
306432
306434
306435
306447
306449
306450
306462
306464
306466
306471
306472
306478
306479
306480
306482
306483
306484
306485
306486
306487
306488
306494
306495
306497
306498
306499
306507
306510
306513
306514
306518
306523
306525
306526
306528
306529
306530
306538
306541
306544
306545
306549
306554
306556
306557
306559
306560
306561
306569
306572
306575
306576
306580
306585
306587
306588
306590
306591
306592
306600
306603
306606
306607
306611
306616
306618
306619
306621
306622
306623
306631
306634
306637
306638
306642
306647
306649
306650
306652
306653
306654
306662
306665
306668
306669
306673
306678
306680
306681
306683
306684
306685
306693
306696
306699
306700
306704
306709
306711
306712
306714
306715
306716
306724
306727
306730
306731
306735
306740
306741
306742
306743
306744
306745
306766
306771
306773
306775
306776
306782
306784
306786
306787
306788
306789
306790
306791
306792
306793
306794
306795
306796
306797
306798
306799
306800
306801
306802
306803
306805
306810
306819
306822
306843
306847
306850
306871
306875
306877
306883
306889
306898
306899
306900
306902
306903
306904
306905
306906
306907
306908
306914
306915
306917
306918
306919
306927
306930
306933
306934
306938
306943
306945
306946
306948
306949
306950
306958
306961
306964
306965
306969
306974
306976
306977
306979
306980
306981
306989
306992
306995
306996
307000
307005
307007
307008
307010
307011
307012
307020
307023
307026
307027
307031
307036
307038
307039
307041
307042
307043
307051
307054
307057
307058
307062
307067
307069
307070
307072
307073
307074
307082
307085
307088
307089
307093
307098
307100
307101
307103
307104
307105
307113
307116
307119
307120
307124
307129
307131
307132
307134
307135
307136
307144
307147
307150
307151
307155
307160
307161
307162
307163
307164
307165
307214
307234
307239
307243
307247
307253
307262
307266
307270
307271
307272
307276
307277
307278
307279
307280
307281
307282
307283
307286
307288
307289
307291
307292
307294
307295
307296
307298
307300
307305
307323
307328
307332
307333
307334
307335
307338
307339
307340
307342
307343
307344
307345
307346
307347
307348
307349
307350
307357
307361
307365
307366
307369
307376
307379
307380
307381
307382
307384
307390
307394
307397
307398
307400
307406
307409
307410
307411
307412
307414
307420
307424
307427
307428
307430
307436
307437
307438
307439
307440
307441
307442
307443
307444
307445
307446
307448
307453
307462
307465
307486
307490
307493
307514
307518
307520
307526
307532
307541
307542
307543
307545
307546
307547
307548
307549
307550
307551
307557
307558
307560
307561
307562
307570
307573
307576
307577
307581
307586
307588
307589
307591
307592
307593
307601
307604
307607
307608
307612
307617
307619
307620
307622
307623
307624
307632
307635
307638
307639
307643
307648
307650
307651
307653
307654
307655
307663
307666
307669
307670
307674
307679
307681
307682
307684
307685
307686
307694
307697
307700
307701
307705
307710
307712
307713
307715
307716
307717
307725
307728
307731
307732
307736
307741
307743
307744
307746
307747
307748
307756
307759
307762
307763
307767
307772
307774
307775
307777
307778
307779
307787
307790
307793
307794
307798
307803
307804
307805
307806
307807
307808
307857
307877
307882
307886
307890
307896
307905
307909
307913
307914
307915
307919
307920
307921
307922
307923
307924
307925
307926
307929
307931
307932
307934
307935
307937
307938
307939
307941
307943
307948
307966
307971
307975
307976
307977
307978
307981
307982
307983
307985
307986
307987
307988
307989
307990
307991
307992
307993
307994
307999
308017
308019
308037
308039
308040
308042
308048
308051
308052
308053
308054
308056
308062
308066
308069
308070
308072
308078
308081
308082
308083
308084
308086
308092
308096
308099
308100
308102
308108
308109
308110
308111
308112
308113
308114
308115
308116
308117
308118
308119
308120
308122
308123
308124
308126
308127
308139
308141
308142
308154
308156
308158
308163
308164
308170
308171
308172
308174
308175
308176
308177
308178
308179
308180
308186
308187
308189
308190
308191
308199
308202
308205
308206
308210
308215
308217
308218
308220
308221
308222
308230
308233
308236
308237
308241
308246
308248
308249
308251
308252
308253
308261
308264
308267
308268
308272
308277
308279
308280
308282
308283
308284
308292
308295
308298
308299
308303
308308
308310
308311
308313
308314
308315
308323
308326
308329
308330
308334
308339
308341
308342
308344
308345
308346
308354
308357
308360
308361
308365
308370
308372
308373
308375
308376
308377
308385
308388
308391
308392
308396
308401
308403
308404
308406
308407
308408
308416
308419
308422
308423
308427
308432
308433
308434
308435
308436
308437
308458
308463
308465
308467
308468
308474
308476
308478
308479
308480
308481
308482
308483
308484
308485
308486
308487
308488
308489
308490
308491
308492
308493
308494
308495
308497
308502
308511
308514
308535
308539
308542
308563
308567
308569
308575
308581
308590
308591
308592
308594
308595
308596
308597
308598
308599
308600
308606
308607
308609
308610
308611
308619
308622
308625
308626
308630
308635
308637
308638
308640
308641
308642
308650
308653
308656
308657
308661
308666
308668
308669
308671
308672
308673
308681
308684
308687
308688
308692
308697
308699
308700
308702
308703
308704
308712
308715
308718
308719
308723
308728
308730
308731
308733
308734
308735
308743
308746
308749
308750
308754
308759
308761
308762
308764
308765
308766
308774
308777
308780
308781
308785
308790
308792
308793
308795
308796
308797
308805
308808
308811
308812
308816
308821
308823
308824
308826
308827
308828
308836
308839
308842
308843
308847
308852
308853
308854
308855
308856
308857
308906
308926
308931
308935
308939
308945
308954
308958
308962
308963
308964
308968
308969
308970
308971
308972
308973
308974
308975
308978
308980
308981
308983
308984
308986
308987
308988
308990
308992
308997
309015
309020
309024
309025
309026
309027
309030
309031
309032
309034
309035
309036
309037
309038
309039
309040
309041
309042
309049
309053
309057
309058
309061
309068
309071
309072
309073
309074
309076
309082
309086
309089
309090
309092
309098
309101
309102
309103
309104
309106
309112
309116
309119
309120
309122
309128
309129
309130
309131
309132
309133
309134
309135
309136
309137
309138
309140
309145
309154
309157
309178
309182
309185
309206
309210
309212
309218
309224
309233
309234
309235
309237
309238
309239
309240
309241
309242
309243
309249
309250
309252
309253
309254
309262
309265
309268
309269
309273
309278
309280
309281
309283
309284
309285
309293
309296
309299
309300
309304
309309
309311
309312
309314
309315
309316
309324
309327
309330
309331
309335
309340
309342
309343
309345
309346
309347
309355
309358
309361
309362
309366
309371
309373
309374
309376
309377
309378
309386
309389
309392
309393
309397
309402
309404
309405
309407
309408
309409
309417
309420
309423
309424
309428
309433
309435
309436
309438
309439
309440
309448
309451
309454
309455
309459
309464
309466
309467
309469
309470
309471
309479
309482
309485
309486
309490
309495
309496
309497
309498
309499
309500
309549
309569
309574
309578
309582
309588
309597
309601
309605
309606
309607
309611
309612
309613
309614
309615
309616
309617
309618
309621
309623
309624
309626
309627
309629
309630
309631
309633
309635
309640
309658
309663
309667
309668
309669
309670
309673
309674
309675
309677
309678
309679
309680
309681
309682
309683
309684
309685
309686
309691
309709
309711
309729
309731
309732
309734
309740
309743
309744
309745
309746
309748
309754
309758
309761
309762
309764
309770
309773
309774
309775
309776
309778
309784
309788
309791
309792
309794
309800
309801
309802
309803
309804
309805
309806
309807
309808
309809
309810
309811
309812
309814
309815
309816
309818
309819
309831
309833
309834
309846
309848
309850
309855
309856
309862
309863
309864
309866
309867
309868
309869
309870
309871
309872
309878
309879
309881
309882
309883
309891
309894
309897
309898
309902
309907
309909
309910
309912
309913
309914
309922
309925
309928
309929
309933
309938
309940
309941
309943
309944
309945
309953
309956
309959
309960
309964
309969
309971
309972
309974
309975
309976
309984
309987
309990
309991
309995
310000
310002
310003
310005
310006
310007
310015
310018
310021
310022
310026
310031
310033
310034
310036
310037
310038
310046
310049
310052
310053
310057
310062
310064
310065
310067
310068
310069
310077
310080
310083
310084
310088
310093
310095
310096
310098
310099
310100
310108
310111
310114
310115
310119
310124
310125
310126
310127
310128
310129
310150
310155
310157
310159
310160
310166
310168
310170
310171
310172
310173
310174
310175
310176
310177
310178
310179
310180
310181
310182
310183
310184
310185
310186
310187
310189
310194
310203
310206
310227
310231
310234
310255
310259
310261
310267
310273
310282
310283
310284
310286
310287
310288
310289
310290
310291
310292
310298
310299
310301
310302
310303
310311
310314
310317
310318
310322
310327
310329
310330
310332
310333
310334
310342
310345
310348
310349
310353
310358
310360
310361
310363
310364
310365
310373
310376
310379
310380
310384
310389
310391
310392
310394
310395
310396
310404
310407
310410
310411
310415
310420
310422
310423
310425
310426
310427
310435
310438
310441
310442
310446
310451
310453
310454
310456
310457
310458
310466
310469
310472
310473
310477
310482
310484
310485
310487
310488
310489
310497
310500
310503
310504
310508
310513
310515
310516
310518
310519
310520
310528
310531
310534
310535
310539
310544
310545
310546
310547
310548
310549
310598
310618
310623
310627
310631
310637
310646
310650
310654
310655
310656
310660
310661
310662
310663
310664
310665
310666
310667
310670
310672
310673
310675
310676
310678
310679
310680
310682
310684
310689
310707
310712
310716
310717
310718
310719
310722
310723
310724
310726
310727
310728
310729
310730
310731
310732
310733
310734
310741
310745
310749
310750
310753
310760
310763
310764
310765
310766
310768
310774
310778
310781
310782
310784
310790
310793
310794
310795
310796
310798
310804
310808
310811
310812
310814
310820
310821
310822
310823
310824
310825
310826
310827
310828
310829
310830
310832
310837
310846
310849
310870
310874
310877
310898
310902
310904
310910
310916
310925
310926
310927
310929
310930
310931
310932
310933
310934
310935
310941
310942
310944
310945
310946
310954
310957
310960
310961
310965
310970
310972
310973
310975
310976
310977
310985
310988
310991
310992
310996
311001
311003
311004
311006
311007
311008
311016
311019
311022
311023
311027
311032
311034
311035
311037
311038
311039
311047
311050
311053
311054
311058
311063
311065
311066
311068
311069
311070
311078
311081
311084
311085
311089
311094
311096
311097
311099
311100
311101
311109
311112
311115
311116
311120
311125
311127
311128
311130
311131
311132
311140
311143
311146
311147
311151
311156
311158
311159
311161
311162
311163
311171
311174
311177
311178
311182
311187
311188
311189
311190
311191
311192
311241
311261
311266
311270
311274
311280
311289
311293
311297
311298
311299
311303
311304
311305
311306
311307
311308
311309
311310
311313
311315
311316
311318
311319
311321
311322
311323
311325
311327
311332
311350
311355
311359
311360
311361
311362
311365
311366
311367
311369
311370
311371
311372
311373
311374
311375
311376
311377
311378
311383
311401
311403
311421
311423
311424
311426
311432
311435
311436
311437
311438
311440
311446
311450
311453
311454
311456
311462
311465
311466
311467
311468
311470
311476
311480
311483
311484
311486
311492
311493
311494
311495
311496
311497
311498
311499
311500
311501
311502
311503
311504
311506
311507
311508
311510
311511
311523
311525
311526
311538
311540
311542
311547
311548
311554
311555
311556
311558
311559
311560
311561
311562
311563
311564
311570
311571
311573
311574
311575
311583
311586
311589
311590
311594
311599
311601
311602
311604
311605
311606
311614
311617
311620
311621
311625
311630
311632
311633
311635
311636
311637
311645
311648
311651
311652
311656
311661
311663
311664
311666
311667
311668
311676
311679
311682
311683
311687
311692
311694
311695
311697
311698
311699
311707
311710
311713
311714
311718
311723
311725
311726
311728
311729
311730
311738
311741
311744
311745
311749
311754
311756
311757
311759
311760
311761
311769
311772
311775
311776
311780
311785
311787
311788
311790
311791
311792
311800
311803
311806
311807
311811
311816
311817
311818
311819
311820
311821
311842
311847
311849
311851
311852
311858
311860
311862
311863
311864
311865
311866
311867
311868
311869
311870
311871
311872
311873
311874
311875
311876
311877
311878
311879
311881
311886
311895
311898
311919
311923
311926
311947
311951
311953
311959
311965
311974
311975
311976
311978
311979
311980
311981
311982
311983
311984
311990
311991
311993
311994
311995
312003
312006
312009
312010
312014
312019
312021
312022
312024
312025
312026
312034
312037
312040
312041
312045
312050
312052
312053
312055
312056
312057
312065
312068
312071
312072
312076
312081
312083
312084
312086
312087
312088
312096
312099
312102
312103
312107
312112
312114
312115
312117
312118
312119
312127
312130
312133
312134
312138
312143
312145
312146
312148
312149
312150
312158
312161
312164
312165
312169
312174
312176
312177
312179
312180
312181
312189
312192
312195
312196
312200
312205
312207
312208
312210
312211
312212
312220
312223
312226
312227
312231
312236
312237
312238
312239
312240
312241
312290
312310
312315
312319
312323
312329
312338
312342
312346
312347
312348
312352
312353
312354
312355
312356
312357
312358
312359
312362
312364
312365
312367
312368
312370
312371
312372
312374
312376
312381
312399
312404
312408
312409
312410
312411
312414
312415
312416
312418
312419
312420
312421
312422
312423
312424
312425
312426
312433
312435
312436
312440
312450
312452
312462
312464
312465
312466
312467
312468
312469
312470
312471
312472
312473
312474
312476
312481
312490
312493
312514
312518
312521
312542
312546
312548
312554
312560
312569
312570
312571
312573
312574
312575
312576
312577
312578
312579
312585
312586
312588
312589
312590
312598
312601
312604
312605
312609
312614
312616
312617
312619
312620
312621
312629
312632
312635
312636
312640
312645
312647
312648
312650
312651
312652
312660
312663
312666
312667
312671
312676
312678
312679
312681
312682
312683
312691
312694
312697
312698
312702
312707
312709
312710
312712
312713
312714
312722
312725
312728
312729
312733
312738
312740
312741
312743
312744
312745
312753
312756
312759
312760
312764
312769
312771
312772
312774
312775
312776
312784
312787
312790
312791
312795
312800
312802
312803
312805
312806
312807
312815
312818
312821
312822
312826
312831
312832
312833
312834
312835
312836
312885
312905
312910
312914
312918
312924
312933
312937
312941
312942
312943
312947
312948
312949
312950
312951
312952
312953
312954
312957
312959
312960
312962
312963
312965
312966
312967
312969
312971
312976
312994
312999
313003
313004
313005
313006
313009
313010
313011
313013
313014
313015
313016
313017
313018
313019
313020
313021
313026
313044
313046
313064
313066
313068
313070
313075
313077
313078
313080
313081
313086
313087
313092
313093
313096
313098
313103
313105
313106
313108
313109
313114
313115
313120
313121
313124
313126
313127
313128
313129
313130
313131
313132
313136
313137
313138
313139
313140
313141
313142
313143
313144
313145
313147
313148
313149
313151
313152
313164
313166
313167
313179
313181
313183
313188
313189
313195
313196
313197
313199
313200
313201
313202
313203
313204
313205
313211
313212
313214
313215
313216
313224
313227
313230
313231
313235
313240
313242
313243
313245
313246
313247
313255
313258
313261
313262
313266
313271
313273
313274
313276
313277
313278
313286
313289
313292
313293
313297
313302
313304
313305
313307
313308
313309
313317
313320
313323
313324
313328
313333
313335
313336
313338
313339
313340
313348
313351
313354
313355
313359
313364
313366
313367
313369
313370
313371
313379
313382
313385
313386
313390
313395
313397
313398
313400
313401
313402
313410
313413
313416
313417
313421
313426
313428
313429
313431
313432
313433
313441
313444
313447
313448
313452
313457
313458
313459
313460
313461
313462
313483
313488
313490
313492
313493
313499
313501
313503
313504
313505
313506
313507
313508
313509
313510
313513
313520
313521
313538
313542
313548
313552
313568
313569
313584
313588
313589
313606
313610
313616
313620
313636
313637
313652
313656
313657
313658
313659
313660
313662
313663
313664
313665
313666
313667
313669
313674
313683
313686
313707
313711
313714
313735
313739
313741
313747
313753
313762
313763
313764
313766
313767
313768
313769
313770
313771
313772
313778
313779
313781
313782
313783
313791
313794
313797
313798
313802
313807
313809
313810
313812
313813
313814
313822
313825
313828
313829
313833
313838
313840
313841
313843
313844
313845
313853
313856
313859
313860
313864
313869
313871
313872
313874
313875
313876
313884
313887
313890
313891
313895
313900
313902
313903
313905
313906
313907
313915
313918
313921
313922
313926
313931
313933
313934
313936
313937
313938
313946
313949
313952
313953
313957
313962
313964
313965
313967
313968
313969
313977
313980
313983
313984
313988
313993
313995
313996
313998
313999
314000
314008
314011
314014
314015
314019
314024
314025
314026
314027
314028
314029
314078
314098
314103
314107
314111
314117
314126
314130
314134
314135
314136
314140
314141
314142
314143
314144
314145
314146
314147
314150
314152
314153
314155
314156
314158
314159
314160
314162
314164
314169
314187
314192
314196
314197
314198
314199
314202
314203
314204
314206
314207
314208
314209
314210
314211
314212
314213
314214
314219
314220
314238
314242
314243
314261
314265
314266
314267
314269
314270
314272
314273
314274
314275
314276
314277
314281
314285
314287
314288
314308
314318
314320
314321
314341
314351
314353
314354
314357
314358
314359
314360
314361
314362
314363
314365
314370
314379
314382
314403
314407
314410
314431
314435
314437
314443
314449
314458
314459
314460
314462
314463
314464
314465
314466
314467
314468
314474
314475
314477
314478
314479
314487
314490
314493
314494
314498
314503
314505
314506
314508
314509
314510
314518
314521
314524
314525
314529
314534
314536
314537
314539
314540
314541
314549
314552
314555
314556
314560
314565
314567
314568
314570
314571
314572
314580
314583
314586
314587
314591
314596
314598
314599
314601
314602
314603
314611
314614
314617
314618
314622
314627
314629
314630
314632
314633
314634
314642
314645
314648
314649
314653
314658
314660
314661
314663
314664
314665
314673
314676
314679
314680
314684
314689
314691
314692
314694
314695
314696
314704
314707
314710
314711
314715
314720
314721
314722
314723
314724
314725
314774
314794
314799
314803
314807
314813
314822
314826
314830
314831
314832
314836
314837
314838
314839
314840
314841
314842
314843
314846
314848
314849
314851
314852
314854
314855
314856
314858
314860
314865
314883
314888
314892
314893
314894
314895
314898
314899
314900
314902
314903
314904
314905
314906
314907
314908
314909
314910
314917
314921
314922
314925
314932
314935
314936
314937
314938
314940
314946
314950
314953
314954
314956
314962
314965
314966
314967
314968
314970
314976
314980
314983
314984
314986
314992
314993
314994
314995
314996
314997
314998
314999
315000
315001
315002
315004
315009
315018
315021
315042
315046
315049
315070
315074
315076
315082
315088
315097
315098
315099
315101
315102
315103
315104
315105
315106
315107
315113
315114
315116
315117
315118
315126
315129
315132
315133
315137
315142
315144
315145
315147
315148
315149
315157
315160
315163
315164
315168
315173
315175
315176
315178
315179
315180
315188
315191
315194
315195
315199
315204
315206
315207
315209
315210
315211
315219
315222
315225
315226
315230
315235
315237
315238
315240
315241
315242
315250
315253
315256
315257
315261
315266
315268
315269
315271
315272
315273
315281
315284
315287
315288
315292
315297
315299
315300
315302
315303
315304
315312
315315
315318
315319
315323
315328
315330
315331
315333
315334
315335
315343
315346
315349
315350
315354
315359
315360
315361
315362
315363
315364
315413
315433
315438
315442
315446
315452
315461
315465
315469
315470
315471
315475
315476
315477
315478
315479
315480
315481
315482
315485
315487
315488
315490
315491
315493
315494
315495
315497
315499
315504
315522
315527
315531
315532
315533
315534
315537
315538
315539
315541
315542
315543
315544
315545
315546
315547
315548
315549
315550
315555
315573
315575
315593
315595
315596
315598
315604
315607
315608
315609
315610
315612
315618
315622
315625
315626
315628
315634
315637
315638
315639
315640
315642
315648
315652
315655
315656
315658
315664
315665
315666
315667
315668
315669
315670
315671
315672
315673
315674
315675
315676
315678
315679
315680
315682
315683
315695
315697
315698
315710
315712
315714
315719
315720
315726
315727
315728
315730
315731
315732
315733
315734
315735
315736
315742
315743
315745
315746
315747
315755
315758
315761
315762
315766
315771
315773
315774
315776
315777
315778
315786
315789
315792
315793
315797
315802
315804
315805
315807
315808
315809
315817
315820
315823
315824
315828
315833
315835
315836
315838
315839
315840
315848
315851
315854
315855
315859
315864
315866
315867
315869
315870
315871
315879
315882
315885
315886
315890
315895
315897
315898
315900
315901
315902
315910
315913
315916
315917
315921
315926
315928
315929
315931
315932
315933
315941
315944
315947
315948
315952
315957
315959
315960
315962
315963
315964
315972
315975
315978
315979
315983
315988
315989
315990
315991
315992
315993
316014
316019
316021
316023
316024
316030
316032
316034
316035
316036
316037
316038
316039
316040
316041
316042
316043
316044
316045
316046
316047
316048
316049
316050
316051
316053
316058
316067
316070
316091
316095
316098
316119
316123
316125
316131
316137
316146
316147
316148
316150
316151
316152
316153
316154
316155
316156
316162
316163
316165
316166
316167
316175
316178
316181
316182
316186
316191
316193
316194
316196
316197
316198
316206
316209
316212
316213
316217
316222
316224
316225
316227
316228
316229
316237
316240
316243
316244
316248
316253
316255
316256
316258
316259
316260
316268
316271
316274
316275
316279
316284
316286
316287
316289
316290
316291
316299
316302
316305
316306
316310
316315
316317
316318
316320
316321
316322
316330
316333
316336
316337
316341
316346
316348
316349
316351
316352
316353
316361
316364
316367
316368
316372
316377
316379
316380
316382
316383
316384
316392
316395
316398
316399
316403
316408
316409
316410
316411
316412
316413
316462
316482
316487
316491
316495
316501
316510
316514
316518
316519
316520
316524
316525
316526
316527
316528
316529
316530
316531
316534
316536
316537
316539
316540
316542
316543
316544
316546
316548
316553
316571
316576
316580
316581
316582
316583
316586
316587
316588
316590
316591
316592
316593
316594
316595
316596
316597
316598
316605
316609
316613
316614
316617
316624
316627
316628
316629
316630
316632
316638
316642
316645
316646
316648
316654
316657
316658
316659
316660
316662
316668
316672
316675
316676
316678
316684
316685
316686
316687
316688
316689
316690
316691
316692
316693
316694
316696
316701
316710
316713
316734
316738
316741
316762
316766
316768
316774
316780
316789
316790
316791
316793
316794
316795
316796
316797
316798
316799
316805
316806
316808
316809
316810
316818
316821
316824
316825
316829
316834
316836
316837
316839
316840
316841
316849
316852
316855
316856
316860
316865
316867
316868
316870
316871
316872
316880
316883
316886
316887
316891
316896
316898
316899
316901
316902
316903
316911
316914
316917
316918
316922
316927
316929
316930
316932
316933
316934
316942
316945
316948
316949
316953
316958
316960
316961
316963
316964
316965
316973
316976
316979
316980
316984
316989
316991
316992
316994
316995
316996
317004
317007
317010
317011
317015
317020
317022
317023
317025
317026
317027
317035
317038
317041
317042
317046
317051
317052
317053
317054
317055
317056
317105
317125
317130
317134
317138
317144
317153
317157
317161
317162
317163
317167
317168
317169
317170
317171
317172
317173
317174
317177
317179
317180
317182
317183
317185
317186
317187
317189
317191
317196
317214
317219
317223
317224
317225
317226
317229
317230
317231
317233
317234
317235
317236
317237
317238
317239
317240
317241
317242
317247
317265
317267
317285
317287
317288
317290
317296
317299
317300
317301
317302
317304
317310
317314
317317
317318
317320
317326
317329
317330
317331
317332
317334
317340
317344
317347
317348
317350
317356
317357
317358
317359
317360
317361
317362
317363
317364
317365
317366
317367
317368
317370
317371
317372
317374
317375
317387
317389
317390
317402
317404
317406
317411
317412
317418
317419
317420
317422
317423
317424
317425
317426
317427
317428
317434
317435
317437
317438
317439
317447
317450
317453
317454
317458
317463
317465
317466
317468
317469
317470
317478
317481
317484
317485
317489
317494
317496
317497
317499
317500
317501
317509
317512
317515
317516
317520
317525
317527
317528
317530
317531
317532
317540
317543
317546
317547
317551
317556
317558
317559
317561
317562
317563
317571
317574
317577
317578
317582
317587
317589
317590
317592
317593
317594
317602
317605
317608
317609
317613
317618
317620
317621
317623
317624
317625
317633
317636
317639
317640
317644
317649
317651
317652
317654
317655
317656
317664
317667
317670
317671
317675
317680
317681
317682
317683
317684
317685
317706
317711
317713
317715
317716
317722
317724
317726
317727
317728
317729
317730
317731
317732
317733
317734
317735
317736
317737
317738
317739
317740
317741
317742
317743
317745
317750
317759
317762
317783
317787
317790
317811
317815
317817
317823
317829
317838
317839
317840
317842
317843
317844
317845
317846
317847
317848
317854
317855
317857
317858
317859
317867
317870
317873
317874
317878
317883
317885
317886
317888
317889
317890
317898
317901
317904
317905
317909
317914
317916
317917
317919
317920
317921
317929
317932
317935
317936
317940
317945
317947
317948
317950
317951
317952
317960
317963
317966
317967
317971
317976
317978
317979
317981
317982
317983
317991
317994
317997
317998
318002
318007
318009
318010
318012
318013
318014
318022
318025
318028
318029
318033
318038
318040
318041
318043
318044
318045
318053
318056
318059
318060
318064
318069
318071
318072
318074
318075
318076
318084
318087
318090
318091
318095
318100
318101
318102
318103
318104
318105
318154
318174
318179
318183
318187
318193
318202
318206
318210
318211
318212
318216
318217
318218
318219
318220
318221
318222
318223
318226
318228
318229
318231
318232
318234
318235
318236
318238
318240
318245
318263
318268
318272
318273
318274
318275
318278
318279
318280
318282
318283
318284
318285
318286
318287
318288
318289
318290
318297
318301
318305
318306
318309
318316
318319
318320
318321
318322
318324
318330
318334
318337
318338
318340
318346
318349
318350
318351
318352
318354
318360
318364
318367
318368
318370
318376
318377
318378
318379
318380
318381
318382
318383
318384
318385
318386
318388
318393
318402
318405
318426
318430
318433
318454
318458
318460
318466
318472
318481
318482
318483
318485
318486
318487
318488
318489
318490
318491
318497
318498
318500
318501
318502
318510
318513
318516
318517
318521
318526
318528
318529
318531
318532
318533
318541
318544
318547
318548
318552
318557
318559
318560
318562
318563
318564
318572
318575
318578
318579
318583
318588
318590
318591
318593
318594
318595
318603
318606
318609
318610
318614
318619
318621
318622
318624
318625
318626
318634
318637
318640
318641
318645
318650
318652
318653
318655
318656
318657
318665
318668
318671
318672
318676
318681
318683
318684
318686
318687
318688
318696
318699
318702
318703
318707
318712
318714
318715
318717
318718
318719
318727
318730
318733
318734
318738
318743
318744
318745
318746
318747
318748
318797
318817
318822
318826
318830
318836
318845
318849
318853
318854
318855
318859
318860
318861
318862
318863
318864
318865
318866
318869
318871
318872
318874
318875
318877
318878
318879
318881
318883
318888
318906
318911
318915
318916
318917
318918
318921
318922
318923
318925
318926
318927
318928
318929
318930
318931
318932
318933
318934
318939
318957
318959
318977
318979
318980
318982
318988
318991
318992
318993
318994
318996
319002
319006
319009
319010
319012
319018
319021
319022
319023
319024
319026
319032
319036
319039
319040
319042
319048
319049
319050
319051
319052
319053
319054
319055
319056
319057
319058
319059
319060
319062
319063
319064
319066
319067
319079
319081
319082
319094
319096
319098
319103
319104
319110
319111
319112
319114
319115
319116
319117
319118
319119
319120
319126
319127
319129
319130
319131
319139
319142
319145
319146
319150
319155
319157
319158
319160
319161
319162
319170
319173
319176
319177
319181
319186
319188
319189
319191
319192
319193
319201
319204
319207
319208
319212
319217
319219
319220
319222
319223
319224
319232
319235
319238
319239
319243
319248
319250
319251
319253
319254
319255
319263
319266
319269
319270
319274
319279
319281
319282
319284
319285
319286
319294
319297
319300
319301
319305
319310
319312
319313
319315
319316
319317
319325
319328
319331
319332
319336
319341
319343
319344
319346
319347
319348
319356
319359
319362
319363
319367
319372
319373
319374
319375
319376
319377
319398
319403
319405
319407
319408
319414
319416
319418
319419
319420
319421
319422
319423
319424
319425
319426
319427
319428
319429
319430
319431
319432
319433
319434
319435
319437
319442
319451
319454
319475
319479
319482
319503
319507
319509
319515
319521
319530
319531
319532
319534
319535
319536
319537
319538
319539
319540
319546
319547
319549
319550
319551
319559
319562
319565
319566
319570
319575
319577
319578
319580
319581
319582
319590
319593
319596
319597
319601
319606
319608
319609
319611
319612
319613
319621
319624
319627
319628
319632
319637
319639
319640
319642
319643
319644
319652
319655
319658
319659
319663
319668
319670
319671
319673
319674
319675
319683
319686
319689
319690
319694
319699
319701
319702
319704
319705
319706
319714
319717
319720
319721
319725
319730
319732
319733
319735
319736
319737
319745
319748
319751
319752
319756
319761
319763
319764
319766
319767
319768
319776
319779
319782
319783
319787
319792
319793
319794
319795
319796
319797
319846
319866
319871
319875
319879
319885
319894
319898
319902
319903
319904
319908
319909
319910
319911
319912
319913
319914
319915
319918
319920
319921
319923
319924
319926
319927
319928
319930
319932
319937
319955
319960
319964
319965
319966
319967
319970
319971
319972
319974
319975
319976
319977
319978
319979
319980
319981
319982
319989
319993
319997
319998
320001
320008
320011
320012
320013
320014
320016
320022
320026
320029
320030
320032
320038
320041
320042
320043
320044
320046
320052
320056
320059
320060
320062
320068
320069
320070
320071
320072
320073
320074
320075
320076
320077
320078
320080
320085
320094
320097
320118
320122
320125
320146
320150
320152
320158
320164
320173
320174
320175
320177
320178
320179
320180
320181
320182
320183
320189
320190
320192
320193
320194
320202
320205
320208
320209
320213
320218
320220
320221
320223
320224
320225
320233
320236
320239
320240
320244
320249
320251
320252
320254
320255
320256
320264
320267
320270
320271
320275
320280
320282
320283
320285
320286
320287
320295
320298
320301
320302
320306
320311
320313
320314
320316
320317
320318
320326
320329
320332
320333
320337
320342
320344
320345
320347
320348
320349
320357
320360
320363
320364
320368
320373
320375
320376
320378
320379
320380
320388
320391
320394
320395
320399
320404
320406
320407
320409
320410
320411
320419
320422
320425
320426
320430
320435
320436
320437
320438
320439
320440
320489
320509
320514
320518
320522
320528
320537
320541
320545
320546
320547
320551
320552
320553
320554
320555
320556
320557
320558
320561
320563
320564
320566
320567
320569
320570
320571
320573
320575
320580
320598
320603
320607
320608
320609
320610
320613
320614
320615
320617
320618
320619
320620
320621
320622
320623
320624
320625
320626
320631
320649
320651
320669
320671
320672
320674
320680
320683
320684
320685
320686
320688
320694
320698
320701
320702
320704
320710
320713
320714
320715
320716
320718
320724
320728
320731
320732
320734
320740
320741
320742
320743
320744
320745
320746
320747
320748
320749
320750
320751
320752
320754
320755
320756
320758
320759
320771
320773
320774
320786
320788
320790
320795
320796
320802
320803
320804
320806
320807
320808
320809
320810
320811
320812
320818
320819
320821
320822
320823
320831
320834
320837
320838
320842
320847
320849
320850
320852
320853
320854
320862
320865
320868
320869
320873
320878
320880
320881
320883
320884
320885
320893
320896
320899
320900
320904
320909
320911
320912
320914
320915
320916
320924
320927
320930
320931
320935
320940
320942
320943
320945
320946
320947
320955
320958
320961
320962
320966
320971
320973
320974
320976
320977
320978
320986
320989
320992
320993
320997
321002
321004
321005
321007
321008
321009
321017
321020
321023
321024
321028
321033
321035
321036
321038
321039
321040
321048
321051
321054
321055
321059
321064
321065
321066
321067
321068
321069
321090
321095
321097
321099
321100
321106
321108
321110
321111
321112
321113
321114
321115
321116
321117
321118
321119
321120
321121
321122
321123
321124
321125
321126
321127
321129
321134
321143
321146
321167
321171
321174
321195
321199
321201
321207
321213
321222
321223
321224
321226
321227
321228
321229
321230
321231
321232
321238
321239
321241
321242
321243
321251
321254
321257
321258
321262
321267
321269
321270
321272
321273
321274
321282
321285
321288
321289
321293
321298
321300
321301
321303
321304
321305
321313
321316
321319
321320
321324
321329
321331
321332
321334
321335
321336
321344
321347
321350
321351
321355
321360
321362
321363
321365
321366
321367
321375
321378
321381
321382
321386
321391
321393
321394
321396
321397
321398
321406
321409
321412
321413
321417
321422
321424
321425
321427
321428
321429
321437
321440
321443
321444
321448
321453
321455
321456
321458
321459
321460
321468
321471
321474
321475
321479
321484
321485
321486
321487
321488
321489
321538
321558
321563
321567
321571
321577
321586
321590
321594
321595
321596
321600
321601
321602
321603
321604
321605
321606
321607
321610
321612
321613
321615
321616
321618
321619
321620
321622
321624
321629
321647
321652
321656
321657
321658
321659
321662
321663
321664
321666
321667
321668
321669
321670
321671
321672
321673
321674
321681
321685
321689
321690
321693
321700
321703
321704
321705
321706
321708
321714
321718
321721
321722
321724
321730
321733
321734
321735
321736
321738
321744
321748
321751
321752
321754
321760
321761
321762
321763
321764
321765
321766
321767
321768
321769
321770
321772
321777
321786
321789
321810
321814
321817
321838
321842
321844
321850
321856
321865
321866
321867
321869
321870
321871
321872
321873
321874
321875
321881
321882
321884
321885
321886
321894
321897
321900
321901
321905
321910
321912
321913
321915
321916
321917
321925
321928
321931
321932
321936
321941
321943
321944
321946
321947
321948
321956
321959
321962
321963
321967
321972
321974
321975
321977
321978
321979
321987
321990
321993
321994
321998
322003
322005
322006
322008
322009
322010
322018
322021
322024
322025
322029
322034
322036
322037
322039
322040
322041
322049
322052
322055
322056
322060
322065
322067
322068
322070
322071
322072
322080
322083
322086
322087
322091
322096
322098
322099
322101
322102
322103
322111
322114
322117
322118
322122
322127
322128
322129
322130
322131
322132
322181
322201
322206
322210
322214
322220
322229
322233
322237
322238
322239
322243
322244
322245
322246
322247
322248
322249
322250
322253
322255
322256
322258
322259
322261
322262
322263
322265
322267
322272
322290
322295
322299
322300
322301
322302
322305
322306
322307
322309
322310
322311
322312
322313
322314
322315
322316
322317
322318
322323
322341
322343
322361
322363
322364
322366
322372
322375
322376
322377
322378
322380
322386
322390
322393
322394
322396
322402
322405
322406
322407
322408
322410
322416
322420
322423
322424
322426
322432
322433
322434
322435
322436
322437
322438
322439
322440
322441
322442
322443
322444
322446
322447
322448
322450
322451
322463
322465
322466
322478
322480
322482
322487
322488
322494
322495
322496
322498
322499
322500
322501
322502
322503
322504
322510
322511
322513
322514
322515
322523
322526
322529
322530
322534
322539
322541
322542
322544
322545
322546
322554
322557
322560
322561
322565
322570
322572
322573
322575
322576
322577
322585
322588
322591
322592
322596
322601
322603
322604
322606
322607
322608
322616
322619
322622
322623
322627
322632
322634
322635
322637
322638
322639
322647
322650
322653
322654
322658
322663
322665
322666
322668
322669
322670
322678
322681
322684
322685
322689
322694
322696
322697
322699
322700
322701
322709
322712
322715
322716
322720
322725
322727
322728
322730
322731
322732
322740
322743
322746
322747
322751
322756
322757
322758
322759
322760
322761
322782
322787
322789
322791
322792
322798
322800
322802
322803
322804
322805
322806
322807
322808
322809
322810
322811
322812
322813
322814
322815
322816
322817
322818
322819
322821
322826
322835
322838
322859
322863
322866
322887
322891
322893
322899
322905
322914
322915
322916
322918
322919
322920
322921
322922
322923
322924
322930
322931
322933
322934
322935
322943
322946
322949
322950
322954
322959
322961
322962
322964
322965
322966
322974
322977
322980
322981
322985
322990
322992
322993
322995
322996
322997
323005
323008
323011
323012
323016
323021
323023
323024
323026
323027
323028
323036
323039
323042
323043
323047
323052
323054
323055
323057
323058
323059
323067
323070
323073
323074
323078
323083
323085
323086
323088
323089
323090
323098
323101
323104
323105
323109
323114
323116
323117
323119
323120
323121
323129
323132
323135
323136
323140
323145
323147
323148
323150
323151
323152
323160
323163
323166
323167
323171
323176
323177
323178
323179
323180
323181
323230
323250
323255
323259
323263
323269
323278
323282
323286
323287
323288
323292
323293
323294
323295
323296
323297
323298
323299
323302
323304
323305
323307
323308
323310
323311
323312
323314
323316
323321
323339
323344
323348
323349
323350
323351
323354
323355
323356
323358
323359
323360
323361
323362
323363
323364
323365
323366
323373
323375
323376
323380
323390
323392
323402
323404
323405
323406
323407
323408
323409
323410
323411
323412
323413
323414
323416
323421
323430
323433
323454
323458
323461
323482
323486
323488
323494
323500
323509
323510
323511
323513
323514
323515
323516
323517
323518
323519
323525
323526
323528
323529
323530
323538
323541
323544
323545
323549
323554
323556
323557
323559
323560
323561
323569
323572
323575
323576
323580
323585
323587
323588
323590
323591
323592
323600
323603
323606
323607
323611
323616
323618
323619
323621
323622
323623
323631
323634
323637
323638
323642
323647
323649
323650
323652
323653
323654
323662
323665
323668
323669
323673
323678
323680
323681
323683
323684
323685
323693
323696
323699
323700
323704
323709
323711
323712
323714
323715
323716
323724
323727
323730
323731
323735
323740
323742
323743
323745
323746
323747
323755
323758
323761
323762
323766
323771
323772
323773
323774
323775
323776
323825
323845
323850
323854
323858
323864
323873
323877
323881
323882
323883
323887
323888
323889
323890
323891
323892
323893
323894
323897
323899
323900
323902
323903
323905
323906
323907
323909
323911
323916
323934
323939
323943
323944
323945
323946
323949
323950
323951
323953
323954
323955
323956
323957
323958
323959
323960
323961
323966
323984
323986
324004
324006
324008
324010
324015
324017
324018
324020
324021
324026
324027
324032
324033
324036
324038
324043
324045
324046
324048
324049
324054
324055
324060
324061
324064
324066
324067
324068
324069
324070
324071
324072
324075
324077
324078
324079
324080
324081
324082
324087
324088
324091
324097
324099
324100
324103
324114
324119
324121
324122
324125
324136
324141
324143
324144
324145
324146
324147
324148
324149
324150
324151
324152
324153
324155
324156
324160
324161
324163
324166
324169
324170
324176
324178
324181
324184
324185
324191
324193
324194
324195
324196
324197
324198
324199
324200
324201
324202
324203
324204
324205
324206
324208
324209
324211
324212
324218
324220
324221
324227
324229
324231
324236
324237
324243
324244
324245
324246
324247
324248
324256
324259
324262
324263
324264
324265
324273
324276
324279
324280
324282
324283
324294
324299
324301
324303
324304
324310
324312
324314
324315
324316
324317
324318
324319
324320
324321
324322
324323
324324
324325
324326
324327
324328
324329
324330
324331
324332
324333
324334
324337
324338
324339
324340
324342
324343
324344
324345
324346
324347
324348
324351
324352
324355
324359
324364
324367
324372
324375
324380
324383
324388
324389
324391
324392
324393
324394
324395
324396
324397
324398
324399
324400
324401
324402
324403
324406
324407
324410
324414
324419
324422
324427
324430
324435
324438
324443
324444
324446
324447
324448
324449
324454
324460
324461
324464
324465
324466
324467
324468
324469
324470
324471
324472
324481
324483
324486
324497
324499
324502
324513
324515
324517
324521
324523
324524
324531
324532
324533
324534
324535
324536
324544
324547
324550
324551
324552
324553
324561
324564
324567
324568
324570
324571
324596
324603
324608
324612
324614
324616
324617
324624
324628
324630
324631
324632
324636
324637
324638
324639
324640
324641
324642
324643
324646
324647
324650
324654
324659
324662
324667
324670
324675
324678
324683
324684
324686
324687
324688
324689
324690
324691
324692
324693
324694
324697
324700
324701
324702
324703
324704
324706
324708
324709
324712
324713
324723
324725
324726
324729
324730
324740
324742
324743
324744
324745
324746
324747
324748
324749
324750
324751
324752
324753
324754
324756
324757
324759
324765
324767
324773
324775
324778
324790
324791
324792
324793
324794
324795
324803
324806
324809
324810
324811
324822
324827
324830
324832
324844
324847
324849
324850
324851
324852
324853
324854
324855
324856
324857
324858
324859
324860
324861
324862
324863
324864
324865
324866
324867
324868
324869
324872
324873
324874
324876
324877
324878
324879
324880
324881
324882
324885
324886
324889
324893
324898
324901
324906
324907
324909
324910
324911
324912
324913
324914
324915
324916
324917
324918
324919
324920
324921
324924
324925
324928
324932
324937
324940
324945
324946
324948
324949
324950
324951
324956
324962
324963
324966
324967
324968
324969
324970
324971
324972
324973
324974
324983
324985
324998
325000
325013
325015
325018
325020
325024
325025
325026
325027
325028
325029
325037
325040
325043
325044
325045
325070
325078
325080
325084
325086
325088
325092
325096
325098
325099
325100
325104
325105
325106
325107
325108
325109
325110
325113
325114
325117
325121
325126
325129
325134
325135
325137
325138
325139
325140
325141
325142
325143
325144
325145
325148
325151
325152
325153
325154
325155
325160
325162
325165
325168
325175
325177
325179
325182
325185
325192
325194
325195
325196
325197
325198
325199
325200
325201
325202
325203
325204
325205
325206
325208
325209
325211
325217
325219
325225
325227
325230
325242
325243
325244
325245
325246
325247
325255
325258
325261
325262
325263
325274
325279
325282
325284
325296
325299
325301
325302
325303
325304
325305
325306
325307
325308
325309
325310
325311
325312
325313
325314
325315
325316
325317
325318
325319
325320
325321
325324
325325
325326
325328
325329
325330
325331
325332
325333
325334
325337
325338
325341
325345
325350
325353
325358
325359
325361
325362
325363
325364
325365
325366
325367
325368
325369
325370
325371
325372
325373
325376
325377
325380
325384
325389
325392
325397
325398
325400
325401
325402
325403
325408
325414
325415
325418
325419
325420
325421
325422
325423
325424
325425
325426
325435
325437
325450
325452
325465
325467
325470
325472
325476
325477
325478
325479
325480
325481
325489
325492
325495
325496
325497
325522
325530
325532
325536
325538
325540
325544
325548
325550
325551
325552
325556
325557
325558
325559
325560
325561
325562
325565
325566
325569
325573
325578
325581
325586
325587
325589
325590
325591
325592
325593
325594
325595
325596
325597
325600
325603
325604
325605
325606
325607
325612
325614
325617
325620
325627
325629
325631
325634
325637
325644
325646
325647
325648
325649
325650
325651
325652
325653
325654
325655
325656
325657
325658
325660
325661
325663
325669
325671
325677
325679
325682
325694
325695
325696
325697
325698
325699
325707
325710
325713
325714
325715
325726
325731
325734
325736
325748
325751
325753
325754
325755
325756
325757
325758
325759
325760
325761
325762
325763
325764
325765
325766
325767
325768
325769
325770
325771
325772
325773
325776
325777
325778
325780
325781
325782
325783
325784
325785
325786
325789
325790
325793
325797
325802
325805
325810
325811
325813
325814
325815
325816
325817
325818
325819
325820
325821
325822
325823
325824
325825
325828
325829
325832
325836
325841
325844
325849
325850
325852
325853
325854
325855
325860
325866
325867
325870
325871
325872
325873
325874
325875
325876
325877
325878
325887
325889
325902
325904
325917
325919
325922
325924
325928
325929
325930
325931
325932
325933
325941
325944
325947
325948
325949
325974
325982
325984
325988
325990
325992
325996
326000
326002
326003
326004
326008
326009
326010
326011
326012
326013
326014
326017
326018
326021
326025
326030
326033
326038
326039
326041
326042
326043
326044
326045
326046
326047
326048
326049
326052
326055
326056
326057
326058
326059
326064
326066
326069
326072
326079
326081
326083
326086
326089
326096
326098
326099
326100
326101
326102
326103
326104
326105
326106
326107
326108
326109
326110
326112
326113
326115
326121
326123
326129
326131
326134
326146
326147
326148
326149
326150
326151
326159
326162
326165
326166
326167
326178
326183
326186
326188
326200
326203
326205
326206
326207
326208
326209
326210
326211
326212
326213
326214
326215
326216
326217
326218
326219
326220
326221
326222
326223
326224
326225
326228
326229
326230
326232
326233
326234
326235
326236
326237
326238
326241
326242
326245
326249
326254
326257
326262
326263
326265
326266
326267
326268
326269
326270
326271
326272
326273
326274
326275
326276
326277
326280
326281
326284
326288
326293
326296
326301
326302
326304
326305
326306
326307
326312
326318
326319
326322
326323
326324
326325
326326
326327
326328
326329
326330
326339
326341
326354
326356
326369
326371
326374
326376
326380
326381
326382
326383
326384
326385
326393
326396
326399
326400
326401
326426
326434
326436
326440
326442
326444
326448
326452
326454
326455
326456
326460
326461
326462
326463
326464
326465
326466
326469
326470
326473
326477
326482
326485
326490
326491
326493
326494
326495
326496
326497
326498
326499
326500
326501
326504
326507
326508
326509
326510
326511
326515
326516
326519
326524
326526
326527
326530
326535
326537
326538
326539
326540
326541
326542
326543
326544
326551
326552
326555
326569
326570
326571
326572
326573
326575
326576
326579
326593
326594
326595
326596
326597
326599
326602
326603
326610
326611
326612
326615
326616
326617
326618
326619
326620
326621
326623
326628
326637
326640
326661
326665
326668
326689
326693
326695
326701
326707
326716
326717
326718
326720
326721
326722
326723
326724
326725
326726
326732
326733
326735
326736
326737
326745
326748
326751
326752
326756
326761
326763
326764
326766
326767
326768
326776
326779
326782
326783
326787
326792
326794
326795
326797
326798
326799
326807
326810
326813
326814
326818
326823
326825
326826
326828
326829
326830
326838
326841
326844
326845
326849
326854
326856
326857
326859
326860
326861
326869
326872
326875
326876
326880
326885
326887
326888
326890
326891
326892
326900
326903
326906
326907
326911
326916
326918
326919
326921
326922
326923
326931
326934
326937
326938
326942
326947
326949
326950
326952
326953
326954
326962
326965
326968
326969
326973
326978
326979
326980
326981
326982
326983
327032
327052
327057
327061
327065
327071
327080
327084
327088
327089
327090
327094
327095
327096
327097
327098
327099
327100
327101
327104
327106
327107
327109
327110
327112
327113
327114
327116
327118
327123
327141
327146
327150
327151
327152
327153
327156
327157
327158
327160
327161
327162
327163
327164
327165
327166
327167
327168
327169
327176
327177
327195
327197
327198
327216
327218
327219
327220
327221
327222
327223
327224
327225
327226
327227
327228
327229
327230
327232
327235
327238
327240
327241
327242
327243
327244
327245
327246
327247
327248
327249
327250
327251
327252
327253
327255
327258
327260
327263
327264
327265
327267
327268
327270
327273
327275
327276
327278
327281
327285
327286
327287
327288
327289
327296
327297
327301
327303
327304
327305
327306
327307
327308
327309
327310
327312
327313
327316
327318
327320
327321
327322
327323
327324
327325
327326
327327
327328
327329
327330
327331
327332
327334
327336
327337
327338
327339
327340
327341
327342
327343
327344
327345
327348
327349
327350
327358
327361
327364
327368
327369
327370
327371
327379
327382
327385
327389
327390
327391
327392
327400
327403
327406
327410
327411
327412
327413
327421
327424
327427
327431
327432
327433
327434
327436
327437
327446
327449
327450
327451
327452
327457
327461
327463
327464
327465
327466
327471
327475
327477
327483
327484
327485
327486
327487
327489
327491
327492
327495
327496
327497
327498
327499
327500
327501
327504
327505
327508
327512
327517
327520
327525
327528
327533
327536
327541
327544
327549
327552
327557
327560
327565
327568
327573
327574
327576
327577
327578
327579
327580
327581
327582
327583
327584
327588
327592
327593
327594
327599
327605
327607
327608
327609
327614
327620
327622
327623
327624
327628
327629
327632
327638
327639
327641
327649
327650
327655
327657
327658
327661
327667
327668
327670
327678
327679
327684
327686
327687
327688
327689
327690
327691
327692
327693
327694
327695
327696
327698
327702
327704
327706
327709
327710
327717
327719
327721
327724
327725
327732
327734
327735
327736
327737
327738
327739
327740
327741
327742
327743
327744
327745
327746
327747
327749
327750
327752
327758
327760
327766
327768
327771
327783
327784
327785
327786
327787
327788
327796
327799
327802
327803
327804
327815
327820
327823
327825
327837
327840
327842
327843
327844
327845
327846
327847
327848
327849
327850
327851
327852
327853
327854
327855
327856
327857
327858
327859
327860
327861
327862
327865
327866
327867
327869
327870
327871
327872
327873
327874
327875
327878
327879
327882
327886
327891
327894
327899
327900
327902
327903
327904
327905
327906
327907
327908
327909
327910
327911
327912
327913
327914
327917
327918
327921
327925
327930
327933
327938
327939
327941
327942
327943
327944
327949
327955
327956
327959
327960
327961
327962
327963
327964
327965
327966
327967
327976
327978
327991
327993
328006
328008
328011
328013
328017
328018
328019
328020
328021
328022
328030
328033
328036
328037
328038
328063
328071
328073
328077
328079
328081
328085
328089
328091
328092
328093
328097
328098
328099
328100
328101
328102
328103
328106
328107
328110
328114
328119
328122
328127
328128
328130
328131
328132
328133
328134
328135
328136
328137
328138
328141
328144
328145
328146
328147
328148
328153
328155
328160
328167
328169
328171
328176
328183
328185
328186
328187
328188
328189
328190
328191
328192
328193
328194
328195
328196
328197
328199
328200
328202
328208
328210
328216
328218
328221
328233
328234
328235
328236
328237
328238
328246
328249
328252
328253
328254
328265
328270
328273
328275
328287
328290
328292
328293
328294
328295
328296
328297
328298
328299
328300
328301
328302
328303
328304
328305
328306
328307
328308
328309
328310
328311
328312
328315
328316
328317
328319
328320
328321
328322
328323
328324
328325
328328
328329
328332
328336
328341
328344
328349
328350
328352
328353
328354
328355
328356
328357
328358
328359
328360
328361
328362
328363
328364
328367
328368
328371
328375
328380
328383
328388
328389
328391
328392
328393
328394
328399
328405
328406
328409
328410
328411
328412
328413
328414
328415
328416
328417
328426
328428
328441
328443
328456
328458
328461
328463
328467
328468
328469
328470
328471
328472
328480
328483
328486
328487
328488
328513
328521
328523
328527
328529
328531
328535
328539
328541
328542
328543
328547
328548
328549
328550
328551
328552
328553
328556
328557
328560
328564
328569
328572
328577
328578
328580
328581
328582
328583
328584
328585
328586
328587
328588
328591
328594
328595
328596
328597
328598
328603
328605
328610
328617
328619
328621
328626
328633
328635
328636
328637
328638
328639
328640
328641
328642
328643
328644
328645
328646
328647
328649
328650
328652
328658
328660
328666
328668
328671
328683
328684
328685
328686
328687
328688
328696
328699
328702
328703
328704
328715
328720
328723
328725
328737
328740
328742
328743
328744
328745
328746
328747
328748
328749
328750
328751
328752
328753
328754
328755
328756
328757
328758
328759
328760
328761
328762
328765
328766
328767
328769
328770
328771
328772
328773
328774
328775
328778
328779
328782
328786
328791
328794
328799
328800
328802
328803
328804
328805
328806
328807
328808
328809
328810
328811
328812
328813
328814
328817
328818
328821
328825
328830
328833
328838
328839
328841
328842
328843
328844
328849
328855
328856
328859
328860
328861
328862
328863
328864
328865
328866
328867
328876
328878
328891
328893
328906
328908
328911
328913
328917
328918
328919
328920
328921
328922
328930
328933
328936
328937
328938
328963
328971
328973
328977
328979
328981
328985
328989
328991
328992
328993
328997
328998
328999
329000
329001
329002
329003
329006
329007
329010
329014
329019
329022
329027
329028
329030
329031
329032
329033
329034
329035
329036
329037
329038
329041
329044
329045
329046
329047
329048
329053
329055
329060
329067
329069
329071
329076
329083
329085
329086
329087
329088
329089
329090
329091
329092
329093
329094
329095
329096
329097
329099
329100
329102
329108
329110
329116
329118
329121
329133
329134
329135
329136
329137
329138
329146
329149
329152
329153
329154
329165
329170
329173
329175
329187
329190
329192
329193
329194
329195
329196
329197
329198
329199
329200
329201
329202
329203
329204
329205
329206
329207
329208
329209
329210
329211
329212
329215
329216
329217
329219
329220
329221
329222
329223
329224
329225
329228
329229
329232
329236
329241
329244
329249
329250
329252
329253
329254
329255
329256
329257
329258
329259
329260
329261
329262
329263
329264
329267
329268
329271
329275
329280
329283
329288
329289
329291
329292
329293
329294
329299
329305
329306
329309
329310
329311
329312
329313
329314
329315
329316
329317
329326
329328
329341
329343
329356
329358
329361
329363
329367
329368
329369
329370
329371
329372
329380
329383
329386
329387
329388
329413
329421
329423
329427
329429
329431
329435
329439
329441
329442
329443
329447
329448
329449
329450
329451
329452
329453
329456
329457
329460
329464
329469
329472
329477
329478
329480
329481
329482
329483
329484
329485
329486
329487
329488
329491
329494
329495
329496
329497
329498
329502
329507
329512
329514
329519
329524
329526
329527
329528
329529
329530
329531
329538
329539
329542
329556
329557
329558
329559
329560
329562
329563
329566
329580
329581
329582
329583
329584
329586
329589
329590
329597
329598
329599
329602
329603
329604
329605
329606
329607
329608
329610
329615
329624
329627
329648
329652
329655
329676
329680
329682
329688
329694
329703
329704
329705
329707
329708
329709
329710
329711
329712
329713
329719
329720
329722
329723
329724
329732
329735
329738
329739
329743
329748
329750
329751
329753
329754
329755
329763
329766
329769
329770
329774
329779
329781
329782
329784
329785
329786
329794
329797
329800
329801
329805
329810
329812
329813
329815
329816
329817
329825
329828
329831
329832
329836
329841
329843
329844
329846
329847
329848
329856
329859
329862
329863
329867
329872
329874
329875
329877
329878
329879
329887
329890
329893
329894
329898
329903
329905
329906
329908
329909
329910
329918
329921
329924
329925
329929
329934
329936
329937
329939
329940
329941
329949
329952
329955
329956
329960
329965
329966
329967
329968
329969
329970
330019
330039
330044
330048
330052
330058
330067
330071
330075
330076
330077
330081
330082
330083
330084
330085
330086
330087
330088
330091
330093
330094
330096
330097
330099
330100
330101
330103
330105
330110
330128
330133
330137
330138
330139
330140
330143
330144
330145
330147
330148
330149
330150
330151
330152
330153
330154
330155
330156
330161
330162
330180
330182
330183
330201
330203
330204
330205
330206
330207
330208
330209
330210
330211
330212
330213
330214
330216
330219
330220
330225
330227
330228
330229
330230
330231
330232
330233
330234
330235
330236
330237
330238
330239
330240
330242
330245
330247
330250
330251
330252
330254
330255
330257
330260
330262
330265
330269
330270
330271
330272
330273
330282
330285
330289
330290
330292
330293
330294
330295
330296
330297
330298
330301
330305
330307
330308
330311
330312
330313
330314
330315
330316
330317
330318
330319
330322
330323
330324
330325
330326
330327
330328
330329
330330
330331
330339
330342
330345
330346
330347
330348
330356
330359
330362
330363
330365
330366
330368
330369
330378
330381
330382
330389
330393
330395
330396
330403
330407
330409
330417
330418
330419
330420
330421
330423
330425
330426
330427
330430
330431
330432
330433
330434
330435
330438
330439
330442
330446
330451
330454
330459
330462
330467
330470
330475
330476
330478
330479
330480
330481
330482
330483
330484
330485
330486
330491
330492
330493
330498
330504
330506
330507
330508
330513
330519
330521
330522
330525
330526
330529
330535
330536
330539
330543
330544
330551
330553
330554
330557
330563
330564
330567
330571
330572
330579
330581
330582
330583
330584
330585
330586
330587
330588
330589
330590
330591
330592
330594
330599
330606
330616
330618
330625
330635
330637
330638
330639
330640
330641
330642
330643
330644
330645
330646
330647
330648
330649
330651
330652
330654
330660
330662
330668
330670
330673
330685
330686
330687
330688
330689
330690
330698
330701
330704
330705
330706
330717
330722
330725
330727
330739
330742
330744
330745
330746
330747
330748
330749
330750
330751
330752
330753
330754
330755
330756
330757
330758
330759
330760
330761
330762
330763
330764
330767
330768
330769
330771
330772
330773
330774
330775
330776
330777
330780
330781
330784
330788
330793
330796
330801
330802
330804
330805
330806
330807
330808
330809
330810
330811
330812
330813
330814
330815
330816
330819
330820
330823
330827
330832
330835
330840
330841
330843
330844
330845
330846
330851
330857
330858
330861
330862
330863
330864
330865
330866
330867
330868
330869
330878
330880
330893
330895
330908
330910
330913
330915
330919
330920
330921
330922
330923
330924
330932
330935
330938
330939
330940
330965
330973
330975
330979
330981
330983
330987
330991
330993
330994
330995
330999
331000
331001
331002
331003
331004
331005
331008
331009
331012
331016
331021
331024
331029
331030
331032
331033
331034
331035
331036
331037
331038
331039
331040
331043
331046
331047
331048
331049
331050
331054
331062
331072
331074
331082
331092
331094
331095
331096
331097
331098
331099
331100
331101
331102
331103
331104
331105
331106
331108
331109
331111
331117
331119
331125
331127
331130
331142
331143
331144
331145
331146
331147
331155
331158
331161
331162
331163
331174
331179
331182
331184
331196
331199
331201
331202
331203
331204
331205
331206
331207
331208
331209
331210
331211
331212
331213
331214
331215
331216
331217
331218
331219
331220
331221
331224
331225
331226
331228
331229
331230
331231
331232
331233
331234
331237
331238
331241
331245
331250
331253
331258
331259
331261
331262
331263
331264
331265
331266
331267
331268
331269
331270
331271
331272
331273
331276
331277
331280
331284
331289
331292
331297
331298
331300
331301
331302
331303
331308
331314
331315
331318
331319
331320
331321
331322
331323
331324
331325
331326
331335
331337
331350
331352
331365
331367
331370
331372
331376
331377
331378
331379
331380
331381
331389
331392
331395
331396
331397
331422
331430
331432
331436
331438
331440
331444
331448
331450
331451
331452
331456
331457
331458
331459
331460
331461
331462
331465
331466
331469
331473
331478
331481
331486
331487
331489
331490
331491
331492
331493
331494
331495
331496
331497
331500
331503
331504
331505
331506
331507
331511
331519
331529
331531
331539
331549
331551
331552
331553
331554
331555
331556
331557
331558
331559
331560
331561
331562
331563
331565
331566
331568
331574
331576
331582
331584
331587
331599
331600
331601
331602
331603
331604
331612
331615
331618
331619
331620
331631
331636
331639
331641
331653
331656
331658
331659
331660
331661
331662
331663
331664
331665
331666
331667
331668
331669
331670
331671
331672
331673
331674
331675
331676
331677
331678
331681
331682
331683
331685
331686
331687
331688
331689
331690
331691
331694
331695
331698
331702
331707
331710
331715
331716
331718
331719
331720
331721
331722
331723
331724
331725
331726
331727
331728
331729
331730
331733
331734
331737
331741
331746
331749
331754
331755
331757
331758
331759
331760
331765
331771
331772
331775
331776
331777
331778
331779
331780
331781
331782
331783
331792
331794
331807
331809
331822
331824
331827
331829
331833
331834
331835
331836
331837
331838
331846
331849
331852
331853
331854
331879
331887
331889
331893
331895
331897
331901
331905
331907
331908
331909
331913
331914
331915
331916
331917
331918
331919
331922
331923
331926
331930
331935
331938
331943
331944
331946
331947
331948
331949
331950
331951
331952
331953
331954
331957
331960
331961
331962
331963
331964
331968
331977
331979
331988
331990
331991
331992
331993
331994
331995
332001
332002
332017
332018
332019
332020
332021
332023
332024
332039
332040
332041
332042
332043
332045
332048
332049
332056
332057
332058
332061
332062
332063
332064
332065
332066
332067
332069
332074
332083
332086
332107
332111
332114
332135
332139
332141
332147
332153
332162
332163
332164
332166
332167
332168
332169
332170
332171
332172
332178
332179
332181
332182
332183
332191
332194
332197
332198
332202
332207
332209
332210
332212
332213
332214
332222
332225
332228
332229
332233
332238
332240
332241
332243
332244
332245
332253
332256
332259
332260
332264
332269
332271
332272
332274
332275
332276
332284
332287
332290
332291
332295
332300
332302
332303
332305
332306
332307
332315
332318
332321
332322
332326
332331
332333
332334
332336
332337
332338
332346
332349
332352
332353
332357
332362
332364
332365
332367
332368
332369
332377
332380
332383
332384
332388
332393
332395
332396
332398
332399
332400
332408
332411
332414
332415
332419
332424
332425
332426
332427
332428
332429
332478
332498
332503
332507
332511
332517
332526
332530
332534
332535
332536
332540
332541
332542
332543
332544
332545
332546
332547
332550
332552
332553
332555
332556
332558
332559
332560
332562
332564
332569
332587
332592
332596
332597
332598
332599
332602
332603
332604
332606
332607
332608
332609
332610
332611
332612
332613
332614
332615
332619
332621
332622
332638
332643
332648
332650
332651
332667
332672
332677
332679
332680
332681
332682
332683
332684
332685
332686
332687
332688
332689
332690
332692
332695
332696
332701
332703
332704
332705
332706
332707
332708
332709
332710
332711
332712
332713
332714
332715
332716
332718
332721
332723
332726
332727
332728
332730
332731
332733
332736
332738
332741
332745
332746
332747
332748
332749
332758
332761
332765
332766
332768
332769
332770
332771
332772
332773
332774
332777
332781
332783
332784
332787
332788
332789
332790
332791
332792
332793
332794
332795
332798
332799
332800
332801
332802
332803
332804
332805
332806
332807
332815
332818
332821
332822
332823
332824
332832
332835
332838
332839
332841
332842
332844
332845
332854
332857
332858
332865
332869
332871
332872
332879
332883
332885
332893
332894
332895
332896
332897
332899
332901
332902
332903
332906
332907
332908
332909
332910
332911
332914
332915
332918
332922
332927
332930
332935
332938
332943
332946
332951
332952
332954
332955
332956
332957
332958
332959
332960
332961
332962
332967
332968
332969
332974
332980
332982
332983
332984
332989
332995
332997
332998
333001
333002
333005
333011
333012
333015
333019
333020
333027
333029
333030
333033
333039
333040
333043
333047
333048
333055
333057
333058
333059
333060
333061
333062
333063
333064
333065
333066
333067
333068
333070
333075
333082
333092
333094
333101
333111
333113
333114
333115
333116
333117
333118
333119
333120
333121
333122
333123
333124
333125
333127
333128
333130
333136
333138
333144
333146
333149
333161
333162
333163
333164
333165
333166
333174
333177
333180
333181
333182
333193
333198
333201
333203
333215
333218
333220
333221
333222
333223
333224
333225
333226
333227
333228
333229
333230
333231
333232
333233
333234
333235
333236
333237
333238
333239
333240
333243
333244
333245
333247
333248
333249
333250
333251
333252
333253
333256
333257
333260
333264
333269
333272
333277
333278
333280
333281
333282
333283
333284
333285
333286
333287
333288
333289
333290
333291
333292
333295
333296
333299
333303
333308
333311
333316
333317
333319
333320
333321
333322
333327
333333
333334
333337
333338
333339
333340
333341
333342
333343
333344
333345
333354
333356
333369
333371
333384
333386
333389
333391
333395
333396
333397
333398
333399
333400
333408
333411
333414
333415
333416
333441
333449
333451
333455
333457
333459
333463
333467
333469
333470
333471
333475
333476
333477
333478
333479
333480
333481
333484
333485
333488
333492
333497
333500
333505
333506
333508
333509
333510
333511
333512
333513
333514
333515
333516
333519
333522
333523
333524
333525
333526
333530
333538
333548
333550
333558
333568
333570
333571
333572
333573
333574
333575
333576
333577
333578
333579
333580
333581
333582
333584
333585
333587
333593
333595
333601
333603
333606
333618
333619
333620
333621
333622
333623
333631
333634
333637
333638
333639
333650
333655
333658
333660
333672
333675
333677
333678
333679
333680
333681
333682
333683
333684
333685
333686
333687
333688
333689
333690
333691
333692
333693
333694
333695
333696
333697
333700
333701
333702
333704
333705
333706
333707
333708
333709
333710
333713
333714
333717
333721
333726
333729
333734
333735
333737
333738
333739
333740
333741
333742
333743
333744
333745
333746
333747
333748
333749
333752
333753
333756
333760
333765
333768
333773
333774
333776
333777
333778
333779
333784
333790
333791
333794
333795
333796
333797
333798
333799
333800
333801
333802
333811
333813
333826
333828
333841
333843
333846
333848
333852
333853
333854
333855
333856
333857
333865
333868
333871
333872
333873
333898
333906
333908
333912
333914
333916
333920
333924
333926
333927
333928
333932
333933
333934
333935
333936
333937
333938
333941
333942
333945
333949
333954
333957
333962
333963
333965
333966
333967
333968
333969
333970
333971
333972
333973
333976
333979
333980
333981
333982
333983
333987
333995
334005
334007
334015
334025
334027
334028
334029
334030
334031
334032
334033
334034
334035
334036
334037
334038
334039
334041
334042
334044
334050
334052
334058
334060
334063
334075
334076
334077
334078
334079
334080
334088
334091
334094
334095
334096
334107
334112
334115
334117
334129
334132
334134
334135
334136
334137
334138
334139
334140
334141
334142
334143
334144
334145
334146
334147
334148
334149
334150
334151
334152
334153
334154
334157
334158
334159
334161
334162
334163
334164
334165
334166
334167
334170
334171
334174
334178
334183
334186
334191
334192
334194
334195
334196
334197
334198
334199
334200
334201
334202
334203
334204
334205
334206
334209
334210
334213
334217
334222
334225
334230
334231
334233
334234
334235
334236
334241
334247
334248
334251
334252
334253
334254
334255
334256
334257
334258
334259
334268
334270
334283
334285
334298
334300
334303
334305
334309
334310
334311
334312
334313
334314
334322
334325
334328
334329
334330
334355
334363
334365
334369
334371
334373
334377
334381
334383
334384
334385
334389
334390
334391
334392
334393
334394
334395
334398
334399
334402
334406
334411
334414
334419
334420
334422
334423
334424
334425
334426
334427
334428
334429
334430
334433
334436
334437
334438
334439
334440
334444
334453
334455
334464
334466
334467
334468
334469
334470
334471
334477
334478
334493
334494
334495
334496
334497
334499
334500
334515
334516
334517
334518
334519
334521
334524
334525
334532
334533
334534
334537
334538
334539
334540
334541
334542
334543
334545
334550
334559
334562
334583
334587
334590
334611
334615
334617
334623
334629
334638
334639
334640
334642
334643
334644
334645
334646
334647
334648
334654
334655
334657
334658
334659
334667
334670
334673
334674
334678
334683
334685
334686
334688
334689
334690
334698
334701
334704
334705
334709
334714
334716
334717
334719
334720
334721
334729
334732
334735
334736
334740
334745
334747
334748
334750
334751
334752
334760
334763
334766
334767
334771
334776
334778
334779
334781
334782
334783
334791
334794
334797
334798
334802
334807
334809
334810
334812
334813
334814
334822
334825
334828
334829
334833
334838
334840
334841
334843
334844
334845
334853
334856
334859
334860
334864
334869
334871
334872
334874
334875
334876
334884
334887
334890
334891
334895
334900
334901
334902
334903
334904
334905
334954
334974
334979
334983
334987
334993
335002
335006
335010
335011
335012
335016
335017
335018
335019
335020
335021
335022
335023
335026
335028
335029
335031
335032
335034
335035
335036
335038
335040
335045
335063
335068
335072
335073
335074
335075
335078
335079
335080
335082
335083
335084
335085
335086
335087
335088
335089
335090
335091
335095
335097
335098
335114
335119
335124
335126
335127
335143
335148
335153
335155
335156
335157
335158
335159
335160
335161
335162
335163
335164
335165
335166
335168
335171
335172
335177
335179
335180
335181
335182
335183
335184
335185
335186
335187
335188
335189
335190
335191
335192
335194
335197
335199
335202
335203
335204
335206
335207
335209
335212
335214
335217
335221
335222
335223
335224
335225
335234
335237
335241
335242
335244
335245
335246
335247
335248
335249
335250
335253
335257
335259
335260
335263
335264
335265
335266
335267
335268
335269
335270
335271
335274
335275
335276
335277
335278
335279
335280
335281
335282
335283
335291
335294
335297
335298
335299
335300
335308
335311
335314
335315
335317
335318
335320
335321
335330
335333
335334
335341
335345
335347
335348
335355
335359
335361
335369
335370
335371
335372
335373
335375
335377
335378
335379
335382
335383
335384
335385
335386
335387
335390
335391
335394
335398
335403
335406
335411
335414
335419
335422
335427
335428
335430
335431
335432
335433
335434
335435
335436
335437
335438
335443
335444
335445
335450
335456
335458
335459
335460
335465
335471
335473
335474
335477
335478
335481
335487
335488
335491
335495
335496
335503
335505
335506
335509
335515
335516
335519
335523
335524
335531
335533
335534
335535
335536
335537
335538
335539
335540
335541
335542
335543
335544
335546
335551
335558
335568
335570
335577
335587
335589
335590
335591
335592
335593
335594
335595
335596
335597
335598
335599
335600
335601
335603
335604
335606
335612
335614
335620
335622
335625
335637
335638
335639
335640
335641
335642
335650
335653
335656
335657
335658
335669
335674
335677
335679
335691
335694
335696
335697
335698
335699
335700
335701
335702
335703
335704
335705
335706
335707
335708
335709
335710
335711
335712
335713
335714
335715
335716
335719
335720
335721
335723
335724
335725
335726
335727
335728
335729
335732
335733
335736
335740
335745
335748
335753
335754
335756
335757
335758
335759
335760
335761
335762
335763
335764
335765
335766
335767
335768
335771
335772
335775
335779
335784
335787
335792
335793
335795
335796
335797
335798
335803
335809
335810
335813
335814
335815
335816
335817
335818
335819
335820
335821
335830
335832
335845
335847
335860
335862
335865
335867
335871
335872
335873
335874
335875
335876
335884
335887
335890
335891
335892
335917
335925
335927
335931
335933
335935
335939
335943
335945
335946
335947
335951
335952
335953
335954
335955
335956
335957
335960
335961
335964
335968
335973
335976
335981
335982
335984
335985
335986
335987
335988
335989
335990
335991
335992
335995
335998
335999
336000
336001
336002
336006
336014
336024
336026
336034
336044
336046
336047
336048
336049
336050
336051
336052
336053
336054
336055
336056
336057
336058
336060
336061
336063
336069
336071
336077
336079
336082
336094
336095
336096
336097
336098
336099
336107
336110
336113
336114
336115
336126
336131
336134
336136
336148
336151
336153
336154
336155
336156
336157
336158
336159
336160
336161
336162
336163
336164
336165
336166
336167
336168
336169
336170
336171
336172
336173
336176
336177
336178
336180
336181
336182
336183
336184
336185
336186
336189
336190
336193
336197
336202
336205
336210
336211
336213
336214
336215
336216
336217
336218
336219
336220
336221
336222
336223
336224
336225
336228
336229
336232
336236
336241
336244
336249
336250
336252
336253
336254
336255
336260
336266
336267
336270
336271
336272
336273
336274
336275
336276
336277
336278
336287
336289
336302
336304
336317
336319
336322
336324
336328
336329
336330
336331
336332
336333
336341
336344
336347
336348
336349
336374
336382
336384
336388
336390
336392
336396
336400
336402
336403
336404
336408
336409
336410
336411
336412
336413
336414
336417
336418
336421
336425
336430
336433
336438
336439
336441
336442
336443
336444
336445
336446
336447
336448
336449
336452
336455
336456
336457
336458
336459
336463
336471
336481
336483
336491
336501
336503
336504
336505
336506
336507
336508
336509
336510
336511
336512
336513
336514
336515
336517
336518
336520
336526
336528
336534
336536
336539
336551
336552
336553
336554
336555
336556
336564
336567
336570
336571
336572
336583
336588
336591
336593
336605
336608
336610
336611
336612
336613
336614
336615
336616
336617
336618
336619
336620
336621
336622
336623
336624
336625
336626
336627
336628
336629
336630
336633
336634
336635
336637
336638
336639
336640
336641
336642
336643
336646
336647
336650
336654
336659
336662
336667
336668
336670
336671
336672
336673
336674
336675
336676
336677
336678
336679
336680
336681
336682
336685
336686
336689
336693
336698
336701
336706
336707
336709
336710
336711
336712
336717
336723
336724
336727
336728
336729
336730
336731
336732
336733
336734
336735
336744
336746
336759
336761
336774
336776
336779
336781
336785
336786
336787
336788
336789
336790
336798
336801
336804
336805
336806
336831
336839
336841
336845
336847
336849
336853
336857
336859
336860
336861
336865
336866
336867
336868
336869
336870
336871
336874
336875
336878
336882
336887
336890
336895
336896
336898
336899
336900
336901
336902
336903
336904
336905
336906
336909
336912
336913
336914
336915
336916
336920
336929
336931
336940
336942
336943
336944
336945
336946
336947
336953
336954
336969
336970
336971
336972
336973
336975
336976
336991
336992
336993
336994
336995
336997
337000
337001
337008
337009
337010
337013
337014
337015
337016
337017
337018
337019
337021
337026
337035
337038
337059
337063
337066
337087
337091
337093
337099
337105
337114
337115
337116
337118
337119
337120
337121
337122
337123
337124
337130
337131
337133
337134
337135
337143
337146
337149
337150
337154
337159
337161
337162
337164
337165
337166
337174
337177
337180
337181
337185
337190
337192
337193
337195
337196
337197
337205
337208
337211
337212
337216
337221
337223
337224
337226
337227
337228
337236
337239
337242
337243
337247
337252
337254
337255
337257
337258
337259
337267
337270
337273
337274
337278
337283
337285
337286
337288
337289
337290
337298
337301
337304
337305
337309
337314
337316
337317
337319
337320
337321
337329
337332
337335
337336
337340
337345
337347
337348
337350
337351
337352
337360
337363
337366
337367
337371
337376
337377
337378
337379
337380
337381
337430
337450
337455
337459
337463
337469
337478
337482
337486
337487
337488
337492
337493
337494
337495
337496
337497
337498
337499
337502
337504
337505
337507
337508
337510
337511
337512
337514
337516
337521
337539
337544
337548
337549
337550
337551
337554
337555
337556
337558
337559
337560
337561
337562
337563
337564
337565
337566
337567
337571
337573
337574
337590
337595
337600
337602
337603
337619
337624
337629
337631
337632
337633
337634
337635
337636
337637
337638
337639
337640
337641
337642
337644
337647
337648
337653
337655
337656
337657
337658
337659
337660
337661
337662
337663
337664
337665
337666
337667
337668
337670
337673
337675
337678
337679
337680
337682
337683
337685
337688
337690
337693
337697
337698
337699
337700
337701
337710
337713
337717
337718
337720
337721
337722
337723
337724
337725
337726
337729
337733
337735
337736
337739
337740
337741
337742
337743
337744
337745
337746
337747
337750
337751
337752
337753
337754
337755
337756
337757
337758
337759
337767
337770
337773
337774
337775
337776
337784
337787
337790
337791
337793
337794
337796
337797
337806
337809
337810
337817
337821
337823
337824
337831
337835
337837
337845
337846
337847
337848
337849
337851
337853
337854
337855
337858
337859
337860
337861
337862
337863
337866
337867
337870
337874
337879
337882
337887
337890
337895
337898
337903
337904
337906
337907
337908
337909
337910
337911
337912
337913
337914
337919
337920
337921
337926
337932
337934
337935
337936
337941
337947
337949
337950
337951
337955
337956
337959
337965
337966
337972
337973
337980
337986
337987
337992
337994
337995
337998
338004
338005
338011
338012
338019
338025
338026
338031
338033
338035
338037
338038
338039
338053
338054
338057
338058
338061
338063
338064
338065
338079
338080
338083
338084
338087
338089
338092
338093
338100
338101
338104
338105
338106
338107
338108
338109
338110
338111
338113
338118
338127
338130
338151
338155
338158
338179
338183
338185
338191
338197
338206
338207
338208
338210
338211
338212
338213
338214
338215
338216
338222
338223
338225
338226
338227
338235
338238
338241
338242
338246
338251
338253
338254
338256
338257
338258
338266
338269
338272
338273
338277
338282
338284
338285
338287
338288
338289
338297
338300
338303
338304
338308
338313
338315
338316
338318
338319
338320
338328
338331
338334
338335
338339
338344
338346
338347
338349
338350
338351
338359
338362
338365
338366
338370
338375
338377
338378
338380
338381
338382
338390
338393
338396
338397
338401
338406
338408
338409
338411
338412
338413
338421
338424
338427
338428
338432
338437
338439
338440
338442
338443
338444
338452
338455
338458
338459
338463
338468
338469
338470
338471
338472
338473
338522
338542
338547
338551
338555
338561
338570
338574
338578
338579
338580
338584
338585
338586
338587
338588
338589
338590
338591
338594
338596
338597
338599
338600
338602
338603
338604
338606
338608
338613
338631
338636
338640
338641
338642
338643
338646
338647
338648
338650
338651
338652
338653
338654
338655
338656
338657
338658
338661
338662
338670
338686
338692
338694
338695
338703
338719
338725
338727
338728
338729
338730
338731
338732
338733
338734
338735
338736
338737
338738
338740
338743
338744
338749
338751
338752
338753
338754
338755
338756
338757
338758
338759
338760
338761
338762
338763
338764
338766
338769
338771
338774
338775
338776
338778
338779
338781
338784
338786
338789
338793
338794
338795
338796
338797
338806
338809
338813
338814
338816
338817
338818
338819
338820
338821
338822
338825
338829
338831
338832
338835
338836
338837
338838
338839
338840
338841
338842
338843
338846
338847
338848
338849
338850
338851
338852
338853
338854
338855
338863
338866
338869
338870
338871
338872
338880
338883
338886
338887
338889
338890
338892
338893
338902
338905
338906
338913
338917
338919
338920
338927
338931
338933
338941
338942
338943
338944
338945
338947
338949
338950
338951
338954
338955
338956
338957
338958
338959
338962
338963
338966
338970
338975
338978
338983
338986
338991
338994
338999
339000
339002
339003
339004
339005
339006
339007
339008
339009
339010
339013
339014
339017
339028
339032
339034
339035
339038
339049
339053
339055
339056
339057
339058
339059
339060
339064
339068
339069
339072
339073
339074
339079
339083
339084
339087
339088
339089
339094
339098
339099
339100
339101
339102
339103
339104
339105
339106
339108
339112
339114
339116
339119
339120
339127
339129
339131
339134
339135
339142
339144
339145
339146
339147
339148
339149
339150
339151
339152
339153
339154
339155
339156
339157
339159
339160
339162
339168
339170
339176
339178
339181
339193
339194
339195
339196
339197
339198
339206
339209
339212
339213
339214
339225
339230
339233
339235
339247
339250
339252
339253
339254
339255
339256
339257
339258
339259
339260
339261
339262
339263
339264
339265
339266
339267
339268
339269
339270
339271
339272
339275
339276
339277
339279
339280
339281
339282
339283
339284
339285
339288
339289
339292
339296
339301
339304
339309
339310
339312
339313
339314
339315
339316
339317
339318
339319
339320
339321
339322
339323
339324
339327
339328
339331
339335
339340
339343
339348
339349
339351
339352
339353
339354
339359
339365
339366
339369
339370
339371
339372
339373
339374
339375
339376
339377
339386
339388
339401
339403
339416
339418
339421
339423
339427
339428
339429
339430
339431
339432
339440
339443
339446
339447
339448
339473
339481
339483
339487
339489
339491
339495
339499
339501
339502
339503
339507
339508
339509
339510
339511
339512
339513
339516
339517
339520
339524
339529
339532
339537
339538
339540
339541
339542
339543
339544
339545
339546
339547
339548
339551
339554
339555
339556
339557
339558
339563
339565
339570
339577
339579
339581
339586
339593
339595
339596
339597
339598
339599
339600
339601
339602
339603
339604
339605
339606
339607
339609
339610
339612
339618
339620
339626
339628
339631
339643
339644
339645
339646
339647
339648
339656
339659
339662
339663
339664
339675
339680
339683
339685
339697
339700
339702
339703
339704
339705
339706
339707
339708
339709
339710
339711
339712
339713
339714
339715
339716
339717
339718
339719
339720
339721
339722
339725
339726
339727
339729
339730
339731
339732
339733
339734
339735
339738
339739
339742
339746
339751
339754
339759
339760
339762
339763
339764
339765
339766
339767
339768
339769
339770
339771
339772
339773
339774
339777
339778
339781
339785
339790
339793
339798
339799
339801
339802
339803
339804
339809
339815
339816
339819
339820
339821
339822
339823
339824
339825
339826
339827
339836
339838
339851
339853
339866
339868
339871
339873
339877
339878
339879
339880
339881
339882
339890
339893
339896
339897
339898
339923
339931
339933
339937
339939
339941
339945
339949
339951
339952
339953
339957
339958
339959
339960
339961
339962
339963
339966
339967
339970
339974
339979
339982
339987
339988
339990
339991
339992
339993
339994
339995
339996
339997
339998
340001
340004
340005
340006
340007
340008
340013
340015
340020
340027
340029
340031
340036
340043
340045
340046
340047
340048
340049
340050
340051
340052
340053
340054
340055
340056
340057
340059
340060
340062
340068
340070
340076
340078
340081
340093
340094
340095
340096
340097
340098
340106
340109
340112
340113
340114
340125
340130
340133
340135
340147
340150
340152
340153
340154
340155
340156
340157
340158
340159
340160
340161
340162
340163
340164
340165
340166
340167
340168
340169
340170
340171
340172
340175
340176
340177
340179
340180
340181
340182
340183
340184
340185
340188
340189
340192
340196
340201
340204
340209
340210
340212
340213
340214
340215
340216
340217
340218
340219
340220
340221
340222
340223
340224
340227
340228
340231
340235
340240
340243
340248
340249
340251
340252
340253
340254
340259
340265
340266
340269
340270
340271
340272
340273
340274
340275
340276
340277
340286
340288
340301
340303
340316
340318
340321
340323
340327
340328
340329
340330
340331
340332
340340
340343
340346
340347
340348
340373
340381
340383
340387
340389
340391
340395
340399
340401
340402
340403
340407
340408
340409
340410
340411
340412
340413
340416
340417
340420
340424
340429
340432
340437
340438
340440
340441
340442
340443
340444
340445
340446
340447
340448
340451
340454
340455
340456
340457
340458
340463
340465
340470
340477
340479
340481
340486
340493
340495
340496
340497
340498
340499
340500
340501
340502
340503
340504
340505
340506
340507
340509
340510
340512
340518
340520
340526
340528
340531
340543
340544
340545
340546
340547
340548
340556
340559
340562
340563
340564
340575
340580
340583
340585
340597
340600
340602
340603
340604
340605
340606
340607
340608
340609
340610
340611
340612
340613
340614
340615
340616
340617
340618
340619
340620
340621
340622
340625
340626
340627
340629
340630
340631
340632
340633
340634
340635
340638
340639
340642
340646
340651
340654
340659
340660
340662
340663
340664
340665
340666
340667
340668
340669
340670
340671
340672
340673
340674
340677
340678
340681
340685
340690
340693
340698
340699
340701
340702
340703
340704
340709
340715
340716
340719
340720
340721
340722
340723
340724
340725
340726
340727
340736
340738
340751
340753
340766
340768
340771
340773
340777
340778
340779
340780
340781
340782
340790
340793
340796
340797
340798
340823
340831
340833
340837
340839
340841
340845
340849
340851
340852
340853
340857
340858
340859
340860
340861
340862
340863
340866
340867
340870
340874
340879
340882
340887
340888
340890
340891
340892
340893
340894
340895
340896
340897
340898
340901
340904
340905
340906
340907
340908
340912
340917
340922
340924
340929
340934
340936
340937
340938
340939
340940
340941
340944
340948
340949
340956
340959
340961
340964
340968
340971
340978
340982
340983
340990
340993
340995
340998
341002
341005
341012
341016
341018
341022
341025
341026
341031
341032
341033
341034
341035
341036
341037
341038
341039
341041
341042
341044
341050
341052
341058
341060
341063
341075
341076
341077
341078
341079
341080
341088
341091
341094
341095
341096
341107
341112
341115
341117
341129
341132
341134
341135
341136
341137
341138
341139
341140
341141
341144
341150
341151
341152
341153
341154
341155
341156
341157
341172
341175
341176
341177
341178
341179
341180
341181
341182
341184
341185
341189
341191
341192
341193
341194
341195
341196
341204
341207
341210
341211
341212
341213
341221
341224
341227
341228
341230
341231
341235
341242
341243
341244
341245
341246
341247
341255
341258
341261
341262
341263
341264
341272
341275
341278
341279
341281
341282
341283
341284
341285
341286
341287
341288
341296
341299
341302
341303
341304
341305
341313
341316
341319
341320
341322
341323
341324
341325
341326
341327
341328
341329
341337
341340
341343
341344
341345
341346
341354
341357
341360
341361
341363
341364
341365
341373
341375
341378
341382
341388
341395
341402
341407
341410
341417
341422
341433
341436
341443
341447
341452
341459
341464
341467
341474
341479
341490
341493
341500
341504
341509
341516
341521
341524
341531
341536
341547
341550
341557
341561
341564
341566
341571
341577
341580
341584
341585
341594
341595
341596
341597
341598
341599
341600
341601
341606
341607
341611
341612
341614
341616
341617
341618
341619
341620
341622
341623
341627
341628
341630
341632
341633
341634
341635
341636
341638
341641
341642
341649
341654
341655
341656
341657
341658
341659
341660
341661
341663
341668
341677
341680
341701
341705
341708
341729
341733
341735
341741
341747
341756
341757
341758
341760
341761
341762
341763
341764
341765
341766
341772
341773
341775
341776
341777
341785
341788
341791
341792
341796
341801
341803
341804
341806
341807
341808
341816
341819
341822
341823
341827
341832
341834
341835
341837
341838
341839
341847
341850
341853
341854
341858
341863
341865
341866
341868
341869
341870
341878
341881
341884
341885
341889
341894
341896
341897
341899
341900
341901
341909
341912
341915
341916
341920
341925
341927
341928
341930
341931
341932
341940
341943
341946
341947
341951
341956
341958
341959
341961
341962
341963
341971
341974
341977
341978
341982
341987
341989
341990
341992
341993
341994
342002
342005
342008
342009
342013
342018
342019
342020
342021
342022
342023
342072
342092
342097
342101
342105
342111
342120
342124
342128
342129
342130
342134
342135
342136
342137
342138
342139
342140
342141
342144
342146
342147
342149
342150
342152
342153
342154
342156
342158
342163
342181
342186
342190
342191
342192
342193
342196
342197
342198
342200
342201
342202
342203
342204
342205
342206
342207
342208
342209
342212
342214
342217
342223
342225
342228
342232
342234
342237
342243
342245
342248
342252
342254
342255
342256
342257
342258
342259
342260
342261
342262
342263
342264
342265
342274
342276
342279
342290
342292
342295
342306
342308
342310
342314
342316
342317
342324
342325
342326
342327
342328
342329
342337
342340
342343
342344
342345
342346
342354
342357
342360
342361
342363
342364
342389
342396
342401
342405
342407
342409
342410
342417
342421
342423
342424
342425
342429
342430
342431
342432
342433
342434
342435
342436
342439
342440
342443
342447
342452
342455
342460
342463
342468
342471
342476
342477
342479
342480
342481
342482
342483
342484
342485
342486
342487
342488
342489
342490
342491
342492
342493
342494
342495
342496
342497
342498
342500
342504
342506
342513
342519
342521
342528
342534
342536
342537
342538
342539
342540
342541
342542
342543
342544
342545
342546
342555
342557
342560
342571
342573
342576
342587
342589
342591
342595
342597
342598
342605
342606
342607
342608
342609
342610
342618
342621
342624
342625
342626
342627
342635
342638
342641
342642
342644
342645
342670
342677
342682
342686
342688
342690
342691
342698
342702
342704
342705
342706
342710
342711
342712
342713
342714
342715
342716
342717
342720
342721
342724
342728
342733
342736
342741
342744
342749
342752
342757
342758
342760
342761
342762
342763
342764
342765
342766
342767
342768
342776
342777
342784
342789
342791
342792
342799
342804
342806
342807
342808
342809
342810
342811
342812
342813
342814
342815
342816
342817
342818
342827
342829
342832
342843
342845
342848
342859
342861
342863
342867
342869
342870
342877
342878
342879
342880
342881
342882
342890
342893
342896
342897
342898
342899
342907
342910
342913
342914
342916
342917
342942
342949
342954
342958
342960
342962
342963
342970
342974
342976
342977
342978
342982
342983
342984
342985
342986
342987
342988
342989
342992
342993
342996
343000
343005
343008
343013
343016
343021
343024
343029
343030
343032
343033
343034
343035
343036
343037
343038
343039
343040
343041
343044
343045
343048
343060
343062
343063
343066
343078
343080
343083
343084
343085
343094
343099
343101
343102
343103
343112
343117
343119
343120
343121
343122
343123
343124
343125
343126
343127
343128
343129
343130
343131
343133
343134
343136
343137
343143
343145
343146
343152
343154
343156
343161
343162
343168
343169
343170
343171
343172
343173
343181
343184
343187
343188
343189
343190
343198
343201
343204
343205
343207
343208
343219
343224
343226
343228
343229
343235
343237
343239
343240
343241
343242
343243
343244
343245
343246
343247
343248
343249
343250
343252
343253
343254
343255
343256
343257
343258
343267
343269
343272
343283
343285
343288
343299
343301
343303
343307
343309
343310
343317
343318
343319
343320
343321
343322
343330
343333
343336
343337
343338
343339
343347
343350
343353
343354
343356
343357
343382
343389
343394
343398
343400
343402
343403
343410
343414
343416
343417
343418
343422
343423
343424
343425
343426
343427
343428
343429
343432
343433
343436
343440
343445
343448
343453
343456
343461
343464
343469
343470
343472
343473
343474
343475
343476
343477
343478
343479
343480
343482
343489
343490
343497
343502
343504
343505
343512
343517
343519
343520
343521
343522
343523
343524
343525
343526
343527
343528
343529
343530
343531
343540
343542
343545
343556
343558
343561
343572
343574
343576
343580
343582
343583
343590
343591
343592
343593
343594
343595
343603
343606
343609
343610
343611
343612
343620
343623
343626
343627
343629
343630
343655
343662
343667
343671
343673
343675
343676
343683
343687
343689
343690
343691
343695
343696
343697
343698
343699
343700
343701
343702
343705
343706
343709
343713
343718
343721
343726
343729
343734
343737
343742
343743
343745
343746
343747
343748
343749
343750
343751
343752
343753
343754
343757
343758
343761
343773
343775
343776
343779
343791
343793
343796
343797
343798
343807
343812
343814
343815
343816
343825
343830
343832
343833
343834
343835
343836
343837
343838
343839
343840
343841
343842
343843
343844
343846
343847
343849
343850
343856
343858
343859
343865
343867
343869
343874
343875
343881
343882
343883
343884
343885
343886
343894
343897
343900
343901
343902
343903
343911
343914
343917
343918
343920
343921
343932
343937
343939
343941
343942
343948
343950
343952
343953
343954
343955
343956
343957
343958
343959
343960
343961
343962
343963
343965
343966
343967
343968
343969
343970
343971
343980
343982
343985
343996
343998
344001
344012
344014
344016
344020
344022
344023
344030
344031
344032
344033
344034
344035
344043
344046
344049
344050
344051
344052
344060
344063
344066
344067
344069
344070
344095
344102
344107
344111
344113
344115
344116
344123
344127
344129
344130
344131
344135
344136
344137
344138
344139
344140
344141
344142
344145
344146
344149
344153
344158
344161
344166
344169
344174
344177
344182
344183
344185
344186
344187
344188
344189
344190
344191
344192
344193
344195
344202
344203
344210
344215
344217
344218
344225
344230
344232
344233
344234
344235
344236
344237
344238
344239
344240
344241
344242
344243
344244
344253
344255
344258
344269
344271
344274
344285
344287
344289
344293
344295
344296
344303
344304
344305
344306
344307
344308
344316
344319
344322
344323
344324
344325
344333
344336
344339
344340
344342
344343
344368
344375
344380
344384
344386
344388
344389
344396
344400
344402
344403
344404
344408
344409
344410
344411
344412
344413
344414
344415
344418
344419
344422
344426
344431
344434
344439
344442
344447
344450
344455
344456
344458
344459
344460
344461
344462
344463
344464
344465
344466
344467
344470
344471
344474
344486
344488
344489
344492
344504
344506
344509
344510
344511
344520
344525
344527
344528
344529
344538
344543
344545
344546
344547
344548
344549
344550
344551
344552
344553
344554
344555
344556
344557
344559
344560
344562
344563
344569
344571
344572
344578
344580
344582
344587
344588
344594
344595
344596
344597
344598
344599
344607
344610
344613
344614
344615
344616
344624
344627
344630
344631
344633
344634
344645
344650
344652
344654
344655
344661
344663
344665
344666
344667
344668
344669
344670
344671
344672
344673
344674
344675
344676
344678
344679
344680
344681
344682
344683
344684
344693
344695
344698
344709
344711
344714
344725
344727
344729
344733
344735
344736
344743
344744
344745
344746
344747
344748
344756
344759
344762
344763
344764
344765
344773
344776
344779
344780
344782
344783
344808
344815
344820
344824
344826
344828
344829
344836
344840
344842
344843
344844
344848
344849
344850
344851
344852
344853
344854
344855
344858
344859
344862
344866
344871
344874
344879
344882
344887
344890
344895
344896
344898
344899
344900
344901
344902
344903
344904
344905
344906
344908
344911
344913
344916
344917
344922
344924
344926
344929
344930
344935
344937
344938
344939
344940
344941
344942
344943
344944
344945
344946
344947
344948
344957
344959
344962
344973
344975
344978
344989
344991
344993
344997
344999
345000
345007
345008
345009
345010
345011
345012
345020
345023
345026
345027
345028
345029
345037
345040
345043
345044
345046
345047
345072
345079
345084
345088
345090
345092
345093
345100
345104
345106
345107
345108
345112
345113
345114
345115
345116
345117
345118
345119
345122
345123
345126
345130
345135
345138
345143
345146
345151
345154
345159
345160
345162
345163
345164
345165
345166
345167
345168
345169
345170
345173
345175
345176
345187
345189
345191
345192
345203
345205
345207
345209
345210
345215
345222
345224
345225
345230
345237
345239
345240
345241
345242
345243
345244
345245
345246
345247
345248
345249
345250
345251
345252
345253
345254
345255
345256
345258
345259
345261
345262
345268
345270
345271
345277
345279
345281
345286
345287
345293
345294
345295
345296
345297
345298
345306
345309
345312
345313
345314
345315
345323
345326
345329
345330
345332
345333
345344
345349
345351
345353
345354
345360
345362
345364
345365
345366
345367
345368
345369
345370
345371
345374
345375
345376
345377
345378
345379
345380
345381
345382
345383
345384
345386
345387
345389
345395
345397
345403
345405
345408
345420
345421
345422
345423
345424
345425
345433
345436
345439
345440
345441
345452
345457
345460
345462
345474
345477
345479
345480
345481
345482
345483
345484
345485
345486
345489
345490
345491
345500
345501
345502
345504
345507
345511
345522
345526
345528
345529
345530
345539
345540
345541
345543
345546
345550
345561
345565
345567
345569
345570
345572
345575
345578
345581
345582
345588
345590
345593
345596
345599
345600
345606
345608
345609
345610
345611
345612
345613
345614
345615
345616
345617
345618
345619
345620
345621
345623
345624
345626
345632
345634
345640
345642
345645
345657
345658
345659
345660
345661
345662
345670
345673
345676
345677
345678
345689
345694
345697
345699
345711
345714
345716
345717
345718
345719
345720
345721
345722
345723
345724
345725
345726
345727
345728
345729
345730
345731
345732
345733
345734
345735
345736
345739
345740
345741
345743
345744
345745
345746
345747
345748
345749
345752
345753
345756
345760
345765
345768
345773
345774
345776
345777
345778
345779
345780
345781
345782
345783
345784
345785
345786
345787
345788
345791
345792
345795
345799
345804
345807
345812
345813
345815
345816
345817
345818
345823
345829
345830
345833
345834
345835
345836
345837
345838
345839
345840
345841
345850
345852
345865
345867
345880
345882
345885
345887
345891
345892
345893
345894
345895
345896
345904
345907
345910
345911
345912
345937
345945
345947
345951
345953
345955
345959
345963
345965
345966
345967
345971
345972
345973
345974
345975
345976
345977
345980
345981
345984
345988
345993
345996
346001
346002
346004
346005
346006
346007
346008
346009
346010
346011
346012
346015
346018
346019
346020
346021
346022
346023
346024
346025
346026
346027
346028
346029
346030
346031
346032
346033
346042
346044
346057
346059
346072
346074
346077
346079
346083
346084
346085
346086
346087
346088
346096
346099
346102
346103
346104
346129
346137
346139
346143
346145
346147
346151
346155
346157
346158
346159
346163
346164
346165
346166
346167
346168
346169
346172
346173
346176
346180
346185
346188
346193
346194
346196
346197
346198
346199
346200
346201
346202
346203
346204
346207
346209
346217
346224
346226
346234
346241
346243
346244
346245
346246
346247
346248
346249
346250
346251
346252
346253
346257
346261
346263
346264
346284
346294
346296
346297
346317
346327
346329
346330
346333
346334
346335
346336
346337
346338
346339
346341
346346
346355
346358
346379
346383
346386
346407
346411
346413
346419
346425
346434
346435
346436
346438
346439
346440
346441
346442
346443
346444
346450
346451
346453
346454
346455
346463
346466
346469
346470
346474
346479
346481
346482
346484
346485
346486
346494
346497
346500
346501
346505
346510
346512
346513
346515
346516
346517
346525
346528
346531
346532
346536
346541
346543
346544
346546
346547
346548
346556
346559
346562
346563
346567
346572
346574
346575
346577
346578
346579
346587
346590
346593
346594
346598
346603
346605
346606
346608
346609
346610
346618
346621
346624
346625
346629
346634
346636
346637
346639
346640
346641
346649
346652
346655
346656
346660
346665
346667
346668
346670
346671
346672
346680
346683
346686
346687
346691
346696
346697
346698
346699
346700
346701
346750
346770
346775
346779
346783
346789
346798
346802
346806
346807
346808
346812
346813
346814
346815
346816
346817
346818
346819
346822
346824
346825
346827
346828
346830
346831
346832
346834
346836
346841
346859
346864
346868
346869
346870
346871
346874
346875
346876
346878
346879
346880
346881
346882
346883
346884
346885
346886
346893
346897
346898
346901
346908
346911
346912
346913
346914
346916
346922
346926
346929
346930
346932
346938
346941
346942
346943
346944
346946
346952
346956
346959
346960
346962
346968
346969
346970
346971
346972
346973
346974
346975
346976
346977
346978
346980
346985
346994
346997
347018
347022
347025
347046
347050
347052
347058
347064
347073
347074
347075
347077
347078
347079
347080
347081
347082
347083
347089
347090
347092
347093
347094
347102
347105
347108
347109
347113
347118
347120
347121
347123
347124
347125
347133
347136
347139
347140
347144
347149
347151
347152
347154
347155
347156
347164
347167
347170
347171
347175
347180
347182
347183
347185
347186
347187
347195
347198
347201
347202
347206
347211
347213
347214
347216
347217
347218
347226
347229
347232
347233
347237
347242
347244
347245
347247
347248
347249
347257
347260
347263
347264
347268
347273
347275
347276
347278
347279
347280
347288
347291
347294
347295
347299
347304
347306
347307
347309
347310
347311
347319
347322
347325
347326
347330
347335
347336
347337
347338
347339
347340
347389
347409
347414
347418
347422
347428
347437
347441
347445
347446
347447
347451
347452
347453
347454
347455
347456
347457
347458
347461
347463
347464
347466
347467
347469
347470
347471
347473
347475
347480
347498
347503
347507
347508
347509
347510
347513
347514
347515
347517
347518
347519
347520
347521
347522
347523
347524
347525
347526
347531
347549
347551
347569
347571
347572
347574
347580
347583
347584
347585
347586
347588
347594
347598
347601
347602
347604
347610
347613
347614
347615
347616
347618
347624
347628
347631
347632
347634
347640
347641
347642
347643
347644
347645
347646
347647
347648
347649
347650
347651
347652
347654
347655
347656
347658
347659
347671
347673
347674
347686
347688
347690
347695
347696
347702
347703
347704
347706
347707
347708
347709
347710
347711
347712
347718
347719
347721
347722
347723
347731
347734
347737
347738
347742
347747
347749
347750
347752
347753
347754
347762
347765
347768
347769
347773
347778
347780
347781
347783
347784
347785
347793
347796
347799
347800
347804
347809
347811
347812
347814
347815
347816
347824
347827
347830
347831
347835
347840
347842
347843
347845
347846
347847
347855
347858
347861
347862
347866
347871
347873
347874
347876
347877
347878
347886
347889
347892
347893
347897
347902
347904
347905
347907
347908
347909
347917
347920
347923
347924
347928
347933
347935
347936
347938
347939
347940
347948
347951
347954
347955
347959
347964
347965
347966
347967
347968
347969
347990
347995
347997
347999
348000
348006
348008
348010
348011
348012
348013
348014
348015
348016
348017
348018
348019
348020
348021
348022
348023
348024
348025
348026
348027
348029
348034
348043
348046
348067
348071
348074
348095
348099
348101
348107
348113
348122
348123
348124
348126
348127
348128
348129
348130
348131
348132
348138
348139
348141
348142
348143
348151
348154
348157
348158
348162
348167
348169
348170
348172
348173
348174
348182
348185
348188
348189
348193
348198
348200
348201
348203
348204
348205
348213
348216
348219
348220
348224
348229
348231
348232
348234
348235
348236
348244
348247
348250
348251
348255
348260
348262
348263
348265
348266
348267
348275
348278
348281
348282
348286
348291
348293
348294
348296
348297
348298
348306
348309
348312
348313
348317
348322
348324
348325
348327
348328
348329
348337
348340
348343
348344
348348
348353
348355
348356
348358
348359
348360
348368
348371
348374
348375
348379
348384
348385
348386
348387
348388
348389
348438
348458
348463
348467
348471
348477
348486
348490
348494
348495
348496
348500
348501
348502
348503
348504
348505
348506
348507
348510
348512
348513
348515
348516
348518
348519
348520
348522
348524
348529
348547
348552
348556
348557
348558
348559
348562
348563
348564
348566
348567
348568
348569
348570
348571
348572
348573
348574
348581
348585
348589
348590
348593
348600
348603
348604
348605
348606
348608
348614
348618
348621
348622
348624
348630
348633
348634
348635
348636
348638
348644
348648
348651
348652
348654
348660
348661
348662
348663
348664
348665
348666
348667
348668
348669
348670
348672
348677
348686
348689
348710
348714
348717
348738
348742
348744
348750
348756
348765
348766
348767
348769
348770
348771
348772
348773
348774
348775
348781
348782
348784
348785
348786
348794
348797
348800
348801
348805
348810
348812
348813
348815
348816
348817
348825
348828
348831
348832
348836
348841
348843
348844
348846
348847
348848
348856
348859
348862
348863
348867
348872
348874
348875
348877
348878
348879
348887
348890
348893
348894
348898
348903
348905
348906
348908
348909
348910
348918
348921
348924
348925
348929
348934
348936
348937
348939
348940
348941
348949
348952
348955
348956
348960
348965
348967
348968
348970
348971
348972
348980
348983
348986
348987
348991
348996
348998
348999
349001
349002
349003
349011
349014
349017
349018
349022
349027
349028
349029
349030
349031
349032
349081
349101
349106
349110
349114
349120
349129
349133
349137
349138
349139
349143
349144
349145
349146
349147
349148
349149
349150
349153
349155
349156
349158
349159
349161
349162
349163
349165
349167
349172
349190
349195
349199
349200
349201
349202
349205
349206
349207
349209
349210
349211
349212
349213
349214
349215
349216
349217
349218
349223
349241
349243
349261
349263
349264
349266
349272
349275
349276
349277
349278
349280
349286
349290
349293
349294
349296
349302
349305
349306
349307
349308
349310
349316
349320
349323
349324
349326
349332
349333
349334
349335
349336
349337
349338
349339
349340
349341
349342
349343
349344
349346
349347
349348
349350
349351
349363
349365
349366
349378
349380
349382
349387
349388
349394
349395
349396
349398
349399
349400
349401
349402
349403
349404
349410
349411
349413
349414
349415
349423
349426
349429
349430
349434
349439
349441
349442
349444
349445
349446
349454
349457
349460
349461
349465
349470
349472
349473
349475
349476
349477
349485
349488
349491
349492
349496
349501
349503
349504
349506
349507
349508
349516
349519
349522
349523
349527
349532
349534
349535
349537
349538
349539
349547
349550
349553
349554
349558
349563
349565
349566
349568
349569
349570
349578
349581
349584
349585
349589
349594
349596
349597
349599
349600
349601
349609
349612
349615
349616
349620
349625
349627
349628
349630
349631
349632
349640
349643
349646
349647
349651
349656
349657
349658
349659
349660
349661
349682
349687
349689
349691
349692
349698
349700
349702
349703
349704
349705
349706
349707
349708
349709
349710
349711
349712
349713
349714
349715
349716
349717
349718
349719
349721
349726
349735
349738
349759
349763
349766
349787
349791
349793
349799
349805
349814
349815
349816
349818
349819
349820
349821
349822
349823
349824
349830
349831
349833
349834
349835
349843
349846
349849
349850
349854
349859
349861
349862
349864
349865
349866
349874
349877
349880
349881
349885
349890
349892
349893
349895
349896
349897
349905
349908
349911
349912
349916
349921
349923
349924
349926
349927
349928
349936
349939
349942
349943
349947
349952
349954
349955
349957
349958
349959
349967
349970
349973
349974
349978
349983
349985
349986
349988
349989
349990
349998
350001
350004
350005
350009
350014
350016
350017
350019
350020
350021
350029
350032
350035
350036
350040
350045
350047
350048
350050
350051
350052
350060
350063
350066
350067
350071
350076
350077
350078
350079
350080
350081
350130
350150
350155
350159
350163
350169
350178
350182
350186
350187
350188
350192
350193
350194
350195
350196
350197
350198
350199
350202
350204
350205
350207
350208
350210
350211
350212
350214
350216
350221
350239
350244
350248
350249
350250
350251
350254
350255
350256
350258
350259
350260
350261
350262
350263
350264
350265
350266
350273
350277
350281
350282
350285
350292
350295
350296
350297
350298
350300
350306
350310
350313
350314
350316
350322
350325
350326
350327
350328
350330
350336
350340
350343
350344
350346
350352
350353
350354
350355
350356
350357
350358
350359
350360
350361
350362
350364
350369
350378
350381
350402
350406
350409
350430
350434
350436
350442
350448
350457
350458
350459
350461
350462
350463
350464
350465
350466
350467
350473
350474
350476
350477
350478
350486
350489
350492
350493
350497
350502
350504
350505
350507
350508
350509
350517
350520
350523
350524
350528
350533
350535
350536
350538
350539
350540
350548
350551
350554
350555
350559
350564
350566
350567
350569
350570
350571
350579
350582
350585
350586
350590
350595
350597
350598
350600
350601
350602
350610
350613
350616
350617
350621
350626
350628
350629
350631
350632
350633
350641
350644
350647
350648
350652
350657
350659
350660
350662
350663
350664
350672
350675
350678
350679
350683
350688
350690
350691
350693
350694
350695
350703
350706
350709
350710
350714
350719
350720
350721
350722
350723
350724
350773
350793
350798
350802
350806
350812
350821
350825
350829
350830
350831
350835
350836
350837
350838
350839
350840
350841
350842
350845
350847
350848
350850
350851
350853
350854
350855
350857
350859
350864
350882
350887
350891
350892
350893
350894
350897
350898
350899
350901
350902
350903
350904
350905
350906
350907
350908
350909
350910
350915
350933
350935
350953
350955
350956
350958
350964
350967
350968
350969
350970
350972
350978
350982
350985
350986
350988
350994
350997
350998
350999
351000
351002
351008
351012
351015
351016
351018
351024
351025
351026
351027
351028
351029
351030
351031
351032
351033
351034
351035
351036
351038
351039
351040
351042
351043
351055
351057
351058
351070
351072
351074
351079
351080
351086
351087
351088
351090
351091
351092
351093
351094
351095
351096
351102
351103
351105
351106
351107
351115
351118
351121
351122
351126
351131
351133
351134
351136
351137
351138
351146
351149
351152
351153
351157
351162
351164
351165
351167
351168
351169
351177
351180
351183
351184
351188
351193
351195
351196
351198
351199
351200
351208
351211
351214
351215
351219
351224
351226
351227
351229
351230
351231
351239
351242
351245
351246
351250
351255
351257
351258
351260
351261
351262
351270
351273
351276
351277
351281
351286
351288
351289
351291
351292
351293
351301
351304
351307
351308
351312
351317
351319
351320
351322
351323
351324
351332
351335
351338
351339
351343
351348
351349
351350
351351
351352
351353
351374
351379
351381
351383
351384
351390
351392
351394
351395
351396
351397
351398
351399
351400
351401
351402
351403
351404
351405
351406
351407
351408
351409
351410
351411
351413
351418
351427
351430
351451
351455
351458
351479
351483
351485
351491
351497
351506
351507
351508
351510
351511
351512
351513
351514
351515
351516
351522
351523
351525
351526
351527
351535
351538
351541
351542
351546
351551
351553
351554
351556
351557
351558
351566
351569
351572
351573
351577
351582
351584
351585
351587
351588
351589
351597
351600
351603
351604
351608
351613
351615
351616
351618
351619
351620
351628
351631
351634
351635
351639
351644
351646
351647
351649
351650
351651
351659
351662
351665
351666
351670
351675
351677
351678
351680
351681
351682
351690
351693
351696
351697
351701
351706
351708
351709
351711
351712
351713
351721
351724
351727
351728
351732
351737
351739
351740
351742
351743
351744
351752
351755
351758
351759
351763
351768
351769
351770
351771
351772
351773
351822
351842
351847
351851
351855
351861
351870
351874
351878
351879
351880
351884
351885
351886
351887
351888
351889
351890
351891
351894
351896
351897
351899
351900
351902
351903
351904
351906
351908
351913
351931
351936
351940
351941
351942
351943
351946
351947
351948
351950
351951
351952
351953
351954
351955
351956
351957
351958
351965
351969
351973
351974
351977
351984
351987
351988
351989
351990
351992
351998
352002
352005
352006
352008
352014
352017
352018
352019
352020
352022
352028
352032
352035
352036
352038
352044
352045
352046
352047
352048
352049
352050
352051
352052
352053
352054
352056
352061
352070
352073
352094
352098
352101
352122
352126
352128
352134
352140
352149
352150
352151
352153
352154
352155
352156
352157
352158
352159
352165
352166
352168
352169
352170
352178
352181
352184
352185
352189
352194
352196
352197
352199
352200
352201
352209
352212
352215
352216
352220
352225
352227
352228
352230
352231
352232
352240
352243
352246
352247
352251
352256
352258
352259
352261
352262
352263
352271
352274
352277
352278
352282
352287
352289
352290
352292
352293
352294
352302
352305
352308
352309
352313
352318
352320
352321
352323
352324
352325
352333
352336
352339
352340
352344
352349
352351
352352
352354
352355
352356
352364
352367
352370
352371
352375
352380
352382
352383
352385
352386
352387
352395
352398
352401
352402
352406
352411
352412
352413
352414
352415
352416
352465
352485
352490
352494
352498
352504
352513
352517
352521
352522
352523
352527
352528
352529
352530
352531
352532
352533
352534
352537
352539
352540
352542
352543
352545
352546
352547
352549
352551
352556
352574
352579
352583
352584
352585
352586
352589
352590
352591
352593
352594
352595
352596
352597
352598
352599
352600
352601
352602
352607
352625
352627
352645
352647
352648
352650
352656
352659
352660
352661
352662
352664
352670
352674
352677
352678
352680
352686
352689
352690
352691
352692
352694
352700
352704
352707
352708
352710
352716
352717
352718
352719
352720
352721
352722
352723
352724
352725
352726
352727
352728
352730
352731
352732
352734
352735
352747
352749
352750
352762
352764
352766
352771
352772
352778
352779
352780
352782
352783
352784
352785
352786
352787
352788
352794
352795
352797
352798
352799
352807
352810
352813
352814
352818
352823
352825
352826
352828
352829
352830
352838
352841
352844
352845
352849
352854
352856
352857
352859
352860
352861
352869
352872
352875
352876
352880
352885
352887
352888
352890
352891
352892
352900
352903
352906
352907
352911
352916
352918
352919
352921
352922
352923
352931
352934
352937
352938
352942
352947
352949
352950
352952
352953
352954
352962
352965
352968
352969
352973
352978
352980
352981
352983
352984
352985
352993
352996
352999
353000
353004
353009
353011
353012
353014
353015
353016
353024
353027
353030
353031
353035
353040
353041
353042
353043
353044
353045
353066
353071
353073
353075
353076
353082
353084
353086
353087
353088
353089
353090
353091
353092
353093
353094
353095
353096
353097
353098
353099
353100
353101
353102
353103
353105
353110
353119
353122
353143
353147
353150
353171
353175
353177
353183
353189
353198
353199
353200
353202
353203
353204
353205
353206
353207
353208
353214
353215
353217
353218
353219
353227
353230
353233
353234
353238
353243
353245
353246
353248
353249
353250
353258
353261
353264
353265
353269
353274
353276
353277
353279
353280
353281
353289
353292
353295
353296
353300
353305
353307
353308
353310
353311
353312
353320
353323
353326
353327
353331
353336
353338
353339
353341
353342
353343
353351
353354
353357
353358
353362
353367
353369
353370
353372
353373
353374
353382
353385
353388
353389
353393
353398
353400
353401
353403
353404
353405
353413
353416
353419
353420
353424
353429
353431
353432
353434
353435
353436
353444
353447
353450
353451
353455
353460
353461
353462
353463
353464
353465
353514
353534
353539
353543
353547
353553
353562
353566
353570
353571
353572
353576
353577
353578
353579
353580
353581
353582
353583
353586
353588
353589
353591
353592
353594
353595
353596
353598
353600
353605
353623
353628
353632
353633
353634
353635
353638
353639
353640
353642
353643
353644
353645
353646
353647
353648
353649
353650
353657
353661
353665
353666
353669
353676
353679
353680
353681
353682
353684
353690
353694
353697
353698
353700
353706
353709
353710
353711
353712
353714
353720
353724
353727
353728
353730
353736
353737
353738
353739
353740
353741
353742
353743
353744
353745
353746
353748
353753
353762
353765
353786
353790
353793
353814
353818
353820
353826
353832
353841
353842
353843
353845
353846
353847
353848
353849
353850
353851
353857
353858
353860
353861
353862
353870
353873
353876
353877
353881
353886
353888
353889
353891
353892
353893
353901
353904
353907
353908
353912
353917
353919
353920
353922
353923
353924
353932
353935
353938
353939
353943
353948
353950
353951
353953
353954
353955
353963
353966
353969
353970
353974
353979
353981
353982
353984
353985
353986
353994
353997
354000
354001
354005
354010
354012
354013
354015
354016
354017
354025
354028
354031
354032
354036
354041
354043
354044
354046
354047
354048
354056
354059
354062
354063
354067
354072
354074
354075
354077
354078
354079
354087
354090
354093
354094
354098
354103
354104
354105
354106
354107
354108
354157
354177
354182
354186
354190
354196
354205
354209
354213
354214
354215
354219
354220
354221
354222
354223
354224
354225
354226
354229
354231
354232
354234
354235
354237
354238
354239
354241
354243
354248
354266
354271
354275
354276
354277
354278
354281
354282
354283
354285
354286
354287
354288
354289
354290
354291
354292
354293
354294
354299
354317
354319
354337
354339
354340
354342
354348
354351
354352
354353
354354
354356
354362
354366
354369
354370
354372
354378
354381
354382
354383
354384
354386
354392
354396
354399
354400
354402
354408
354409
354410
354411
354412
354413
354414
354415
354416
354417
354418
354419
354420
354422
354423
354424
354426
354427
354439
354441
354442
354454
354456
354458
354463
354464
354470
354471
354472
354474
354475
354476
354477
354478
354479
354480
354486
354487
354489
354490
354491
354499
354502
354505
354506
354510
354515
354517
354518
354520
354521
354522
354530
354533
354536
354537
354541
354546
354548
354549
354551
354552
354553
354561
354564
354567
354568
354572
354577
354579
354580
354582
354583
354584
354592
354595
354598
354599
354603
354608
354610
354611
354613
354614
354615
354623
354626
354629
354630
354634
354639
354641
354642
354644
354645
354646
354654
354657
354660
354661
354665
354670
354672
354673
354675
354676
354677
354685
354688
354691
354692
354696
354701
354703
354704
354706
354707
354708
354716
354719
354722
354723
354727
354732
354733
354734
354735
354736
354737
354758
354763
354765
354767
354768
354774
354776
354778
354779
354780
354781
354782
354783
354784
354785
354786
354787
354788
354789
354790
354791
354792
354793
354794
354795
354797
354802
354811
354814
354835
354839
354842
354863
354867
354869
354875
354881
354890
354891
354892
354894
354895
354896
354897
354898
354899
354900
354906
354907
354909
354910
354911
354919
354922
354925
354926
354930
354935
354937
354938
354940
354941
354942
354950
354953
354956
354957
354961
354966
354968
354969
354971
354972
354973
354981
354984
354987
354988
354992
354997
354999
355000
355002
355003
355004
355012
355015
355018
355019
355023
355028
355030
355031
355033
355034
355035
355043
355046
355049
355050
355054
355059
355061
355062
355064
355065
355066
355074
355077
355080
355081
355085
355090
355092
355093
355095
355096
355097
355105
355108
355111
355112
355116
355121
355123
355124
355126
355127
355128
355136
355139
355142
355143
355147
355152
355153
355154
355155
355156
355157
355206
355226
355231
355235
355239
355245
355254
355258
355262
355263
355264
355268
355269
355270
355271
355272
355273
355274
355275
355278
355280
355281
355283
355284
355286
355287
355288
355290
355292
355297
355315
355320
355324
355325
355326
355327
355330
355331
355332
355334
355335
355336
355337
355338
355339
355340
355341
355342
355349
355351
355352
355356
355366
355368
355378
355380
355381
355382
355383
355384
355385
355386
355387
355388
355389
355390
355392
355397
355406
355409
355430
355434
355437
355458
355462
355464
355470
355476
355485
355486
355487
355489
355490
355491
355492
355493
355494
355495
355501
355502
355504
355505
355506
355514
355517
355520
355521
355525
355530
355532
355533
355535
355536
355537
355545
355548
355551
355552
355556
355561
355563
355564
355566
355567
355568
355576
355579
355582
355583
355587
355592
355594
355595
355597
355598
355599
355607
355610
355613
355614
355618
355623
355625
355626
355628
355629
355630
355638
355641
355644
355645
355649
355654
355656
355657
355659
355660
355661
355669
355672
355675
355676
355680
355685
355687
355688
355690
355691
355692
355700
355703
355706
355707
355711
355716
355718
355719
355721
355722
355723
355731
355734
355737
355738
355742
355747
355748
355749
355750
355751
355752
355801
355821
355826
355830
355834
355840
355849
355853
355857
355858
355859
355863
355864
355865
355866
355867
355868
355869
355870
355873
355875
355876
355878
355879
355881
355882
355883
355885
355887
355892
355910
355915
355919
355920
355921
355922
355925
355926
355927
355929
355930
355931
355932
355933
355934
355935
355936
355937
355942
355960
355962
355980
355982
355984
355986
355991
355993
355994
355996
355997
356002
356003
356008
356009
356012
356014
356019
356021
356022
356024
356025
356030
356031
356036
356037
356040
356042
356043
356044
356045
356046
356047
356048
356049
356053
356054
356055
356056
356057
356058
356059
356060
356063
356065
356066
356068
356069
356071
356072
356073
356075
356077
356082
356100
356105
356109
356110
356111
356112
356115
356116
356117
356119
356120
356121
356122
356123
356124
356125
356126
356127
356131
356132
356133
356134
356139
356150
356159
356174
356175
356176
356177
356186
356187
356188
356189
356190
356191
356192
356193
356194
356195
356197
